unitid,opeid6,name,city,state,zip,lat,lon,website,net_price_calculator_url,control,locale,carnegie_basic,hbcu,men_only,women_only,religious_affiliation_code,admit_rate_pct,test_policy,sat_total_25,sat_total_75,sat_ebrw_25,sat_ebrw_75,sat_math_25,sat_math_75,sat_avg,act_composite_25,act_composite_75,undergrads,student_faculty_ratio,retention_rate_pct,grad_rate_6yr_pct,median_earnings_10yr,cost_of_attendance,tuition_in_state,tuition_out_of_state,avg_net_price,avg_net_price_income_0_30k,pct_pell,image_url,logo_url,wikidata_label
183026,002580,Southern New Hampshire University,Manchester,NH,03106-1045,43.038922,-71.451842,https://www.snhu.edu/,https://snhu.clearcostcalculator.com/student/default/netpricecalculator/survey,private_nonprofit,suburb,18,False,False,False,,99.5,not_considered,,,,,,,,,,163164.0,24.0,61.1,42.8,50318.0,40918.0,17200.0,17200.0,36708.0,36441.0,48.8,,http://commons.wikimedia.org/wiki/Special:FilePath/Southern%20New%20Hampshire%20University%20logo.svg,Southern New Hampshire University
433387,033394,Western Governors University,Salt Lake City,UT,84107,40.68481,-111.869752,https://www.wgu.edu/,https://www.wgu.edu/financial-aid-tuition/net-price-calculator.html,private_nonprofit,suburb,18,False,False,False,,,,,,,,,,,,,155088.0,42.0,64.6,46.2,60615.0,16728.0,8658.0,8658.0,12548.0,12064.0,39.4,,http://commons.wikimedia.org/wiki/Special:FilePath/WGU-AcademicLogo%20Seal.png,Western Governors University
484613,020988,University of Phoenix-Arizona,Phoenix,AZ,85040,33.41128,-112.012761,https://www.phoenix.edu/,https://www.phoenix.edu/tuition_and_financial_options/net-price-calculator.html,private_for_profit,city,17,False,False,False,,,,,,,,,,,,,85991.0,147.0,40.8,20.8,37752.0,19909.0,9552.0,9552.0,13520.0,12776.0,49.8,,,University of Phoenix-Arizona
104717,001074,Grand Canyon University,Phoenix,AZ,85017,33.513231,-112.129929,https://www.gcu.edu/,https://www.gcu.edu/tuition-and-financial-aid,private_nonprofit,city,17,False,False,False,,78.9,considered_not_required,1006.0,1113.0,518.0,580.0,488.0,533.0,1077.0,20.0,22.0,73371.0,20.0,72.0,43.5,42186.0,32702.0,17850.0,17850.0,22472.0,18557.0,45.9,http://commons.wikimedia.org/wiki/Special:FilePath/Grand%20Canyon%20University%2C%203300%20W%20Camelback%20Rd%2C%20Phoenix%2C%20AZ%2085017%20-%20panoramio%20%28195%29.jpg,http://commons.wikimedia.org/wiki/Special:FilePath/Grand%20Canyon%20University%20%28Redesigned%29.svg,Grand Canyon University
104151,001081,Arizona State University Campus Immersion,Tempe,AZ,85287,33.417721,-111.934383,https://www.asu.edu/,https://app.meadowfi.com/asu,public,city,15,False,False,False,,89.9,not_considered,,,,,,,,,,64674.0,18.0,86.6,68.0,62668.0,30111.0,12223.0,33139.0,14967.0,9070.0,29.0,http://commons.wikimedia.org/wiki/Special:FilePath/Asubiodesign.jpg,http://commons.wikimedia.org/wiki/Special:FilePath/Arizona%20State%20University%20logo.svg,Arizona State University
228723,003632,Texas A&M University-College Station,College Station,TX,77843-1246,30.618726,-96.336475,https://www.tamu.edu/,https://tuition.tamu.edu/,public,city,15,False,False,False,,57.4,considered_not_required,1150.0,1400.0,580.0,690.0,570.0,710.0,1280.0,25.0,31.0,59615.0,20.0,94.3,83.9,72097.0,32696.0,13154.0,40124.0,21315.0,12784.0,19.6,http://commons.wikimedia.org/wiki/Special:FilePath/TAMU%20Academic%20Building.jpg,http://commons.wikimedia.org/wiki/Special:FilePath/Texas%20A%26M%20University%20logo.svg,Texas A&M University
132903,003954,University of Central Florida,Orlando,FL,32816,28.602159,-81.200889,https://www.ucf.edu/,https://finaid.ucf.edu/net-price-calculator/,public,suburb,15,False,False,False,,40.1,required,1200.0,1350.0,610.0,680.0,590.0,670.0,1269.0,25.0,29.0,59146.0,28.0,92.3,78.0,58308.0,23133.0,6368.0,22467.0,10411.0,5816.0,32.3,http://commons.wikimedia.org/wiki/Special:FilePath/Reflection%20Pond%20%2816156764538%29.jpg,,University of Central Florida
483124,001081,Arizona State University Digital Immersion,Scottsdale,AZ,85257,33.463517,-111.924487,https://www.asu.edu/,https://app.meadowfi.com/asu,public,city,16,False,False,False,,66.7,not_considered,,,,,,,,,,53782.0,26.0,100.0,0.0,62668.0,,,,,,39.8,,,
232557,020530,Liberty University,Lynchburg,VA,24515,37.350232,-79.18222,https://www.liberty.edu/,https://www.liberty.edu/student-financial-services/net-price-calculator/,private_nonprofit,city,17,False,False,False,102.0,99.0,not_considered,,,,,,,,,,50012.0,18.0,80.1,65.3,44813.0,42025.0,22465.0,22465.0,29357.0,30667.0,38.3,http://commons.wikimedia.org/wiki/Special:FilePath/Demoss.JPG,http://commons.wikimedia.org/wiki/Special:FilePath/Liberty%20University%20logo.svg,Q1468607
163204,011644,University of Maryland Global Campus,Adelphi,MD,20783-8010,38.912706,-76.847584,https://www.umgc.edu/,https://www.umgc.edu/tuition-financial-assistance/tuition/undergraduate-net-price-calculator,public,suburb,18,False,False,False,,,,,,,,,,,,,49664.0,21.0,55.4,33.3,65287.0,25400.0,8136.0,12336.0,22063.0,21830.0,29.4,http://commons.wikimedia.org/wiki/Special:FilePath/UMUC3.jpg,http://commons.wikimedia.org/wiki/Special:FilePath/Umuc-logo-acronym-rgb.png,University of Maryland Global Campus
204796,003090,Ohio State University-Main Campus,Columbus,OH,43201,39.999803,-83.007525,https://www.osu.edu/,https://sfa.osu.edu/incoming-freshmen/about-aid/net-price-calculator,public,city,15,False,False,False,,60.6,considered_not_required,1310.0,1480.0,640.0,720.0,670.0,760.0,1387.0,28.0,32.0,45638.0,16.0,94.2,87.7,60409.0,30305.0,13244.0,40022.0,17339.0,4885.0,20.2,http://commons.wikimedia.org/wiki/Special:FilePath/The%20Ohio%20State%20University%20December%202013%2024%20%28University%20Hall%29.jpg,http://commons.wikimedia.org/wiki/Special:FilePath/Ohio%20State%20University%20horizontal%20logo.svg,Ohio State University
243780,001825,Purdue University-Main Campus,West Lafayette,IN,47907-2040,40.428206,-86.914435,https://www.purdue.edu/,https://www.purdue.edu/dfa/cost/calculator,public,city,15,False,False,False,,49.9,required,1200.0,1480.0,600.0,720.0,600.0,760.0,1364.0,27.0,34.0,44503.0,14.0,92.7,83.1,72424.0,24591.0,9992.0,28794.0,14600.0,5098.0,13.0,http://commons.wikimedia.org/wiki/Special:FilePath/2816%20px%20-%20University%20Hall%20Purdue%20University%20Fall%202006.JPG,http://commons.wikimedia.org/wiki/Special:FilePath/Purdue%20University%20system%20logo.svg,Purdue University
228778,003658,The University of Texas at Austin,Austin,TX,78705,30.282825,-97.738273,https://www.utexas.edu/,https://www.onestop.utexas.edu/managing-costs/cost-tuition-rates/cost-of-attendance/net-price-calculator/,public,city,15,False,False,False,,26.6,considered_not_required,1250.0,1510.0,630.0,740.0,620.0,770.0,1395.0,27.0,33.0,42855.0,18.0,96.7,88.9,75121.0,31247.0,11688.0,44908.0,19857.0,12553.0,25.9,http://commons.wikimedia.org/wiki/Special:FilePath/University%20of%20Texas%20Main%20Building%20Tower%203.jpg,http://commons.wikimedia.org/wiki/Special:FilePath/University%20of%20Texas%20at%20Austin%20logo.svg,University of Texas at Austin
104179,001083,University of Arizona,Tucson,AZ,85721-0066,32.232672,-110.950815,https://www.arizona.edu/,https://financialaid.arizona.edu/cost/npc,public,city,15,False,False,False,,86.1,considered_not_required,1150.0,1420.0,580.0,700.0,570.0,720.0,1246.0,21.0,29.0,42537.0,20.0,82.8,67.5,59979.0,29423.0,13926.0,42278.0,16674.0,13353.0,25.7,http://commons.wikimedia.org/wiki/Special:FilePath/ASU%20nima%20%283%29.JPG,http://commons.wikimedia.org/wiki/Special:FilePath/University%20of%20Arizona%20logo.svg,University of Arizona
214777,003329,Pennsylvania State University-Main Campus,University Park,PA,16802-1503,40.7965,-77.862848,https://psu.edu/,https://tuition.psu.edu/student-tuition-calculators,public,city,15,False,False,False,,60.6,considered_not_required,1240.0,1420.0,620.0,700.0,620.0,720.0,1337.0,27.0,32.0,42284.0,16.0,92.6,86.1,63435.0,39694.0,20644.0,41790.0,32875.0,19845.0,13.9,http://commons.wikimedia.org/wiki/Special:FilePath/Penn%20state%20old%20main%20summer.jpg,http://commons.wikimedia.org/wiki/Special:FilePath/Penn%20state%20university%20textlogo.png,Pennsylvania State University
486840,001577,Kennesaw State University,Kennesaw,GA,30144,34.038807,-84.583052,https://www.kennesaw.edu/,https://financialaid.kennesaw.edu/npcalc/npcalc.htm,public,suburb,16,False,False,False,,69.2,considered_not_required,1000.0,1220.0,510.0,620.0,490.0,600.0,1113.0,19.0,26.0,41254.0,23.0,76.7,52.2,57552.0,24008.0,5808.0,17736.0,15048.0,12235.0,37.7,http://commons.wikimedia.org/wiki/Special:FilePath/Kennesaw%20State%20Social%20Science%20Building.jpg,,Kennesaw State University
171100,002290,Michigan State University,East Lansing,MI,48824-1046,42.73212,-84.476111,https://www.msu.edu/,https://msu.clearcostcalculator.com/student/default/netpricecalculator/survey,public,city,15,False,False,False,,84.8,considered_not_required,1180.0,1360.0,590.0,680.0,590.0,680.0,1269.0,25.0,31.0,40922.0,17.0,90.0,80.7,67253.0,32198.0,16458.0,43842.0,19680.0,7068.0,20.1,http://commons.wikimedia.org/wiki/Special:FilePath/MSU%20Computer%20Center.jpg,http://commons.wikimedia.org/wiki/Special:FilePath/Michigan%20State%20University%20wordmark.svg,Michigan State University
449339,038193,American Public University System,Charles Town,WV,25414,39.287826,-77.860121,https://www.apus.edu/,https://www.apu.apus.edu/calc/apu.html,private_for_profit,town,18,False,False,False,,,,,,,,,,,,,40074.0,25.0,97.1,57.2,44409.0,18768.0,8400.0,8400.0,9597.0,9335.0,24.6,http://commons.wikimedia.org/wiki/Special:FilePath/American%20Public%20University%20building%20Charles%20Town%20WV%202022-08-07%2012-41-16.jpg,http://commons.wikimedia.org/wiki/Special:FilePath/American%20Public%20University%20System%20logo.svg,American Public University System
133951,009635,Florida International University,Miami,FL,33199,25.75732,-80.373928,https://www.fiu.edu/,https://tcc.ruffalonl.com/florida international university/freshman-students,public,suburb,15,False,False,False,,54.7,required,1070.0,1260.0,550.0,640.0,520.0,620.0,1163.0,21.0,27.0,39508.0,24.0,91.8,74.4,60249.0,21462.0,6565.0,18964.0,9288.0,7003.0,41.4,http://commons.wikimedia.org/wiki/Special:FilePath/FIU%20ChemistryPhysics.JPG,http://commons.wikimedia.org/wiki/Special:FilePath/Florida%20International%20University%20logo.svg,Florida International University
110565,001137,California State University-Fullerton,Fullerton,CA,92832-3599,33.881506,-117.885446,https://www.fullerton.edu/,https://www.fullerton.edu/financialaid/understanding-aid/cost-of-attendance/,public,suburb,16,False,False,False,,90.5,not_considered,,,,,,,,,,38546.0,26.0,82.4,70.2,62951.0,18269.0,7470.0,20070.0,6555.0,3315.0,48.1,http://commons.wikimedia.org/wiki/Special:FilePath/Calstate-trees.jpg,http://commons.wikimedia.org/wiki/Special:FilePath/CSUFseal.jpg,"California State University, Fullerton"
225511,003652,University of Houston,Houston,TX,77204-2018,29.720393,-95.343537,https://www.uh.edu/,https://www.uh.edu/financial/net-price-calculator/,public,city,15,False,False,False,,73.9,considered_not_required,1160.0,1340.0,590.0,670.0,570.0,670.0,1250.0,23.0,29.0,38380.0,22.0,87.0,64.6,62377.0,26185.0,9717.0,22547.0,14276.0,10929.0,41.6,http://commons.wikimedia.org/wiki/Special:FilePath/Ezekiel%20W.%20Cullen%20building%203.jpg,http://commons.wikimedia.org/wiki/Special:FilePath/University%20of%20Houston%20logo.svg,University of Houston
151351,001809,Indiana University-Bloomington,Bloomington,IN,47405-7000,39.16609,-86.526559,https://bloomington.iu.edu/,https://studentcentral.indiana.edu/cost-of-iu/index.html,public,city,15,False,False,False,,78.2,considered_not_required,1170.0,1400.0,590.0,690.0,580.0,710.0,1313.0,27.0,33.0,37806.0,18.0,91.1,80.2,63742.0,28801.0,12144.0,41891.0,16264.0,6324.0,16.8,http://commons.wikimedia.org/wiki/Special:FilePath/IUB-Showalter%20Fountain.jpg,http://commons.wikimedia.org/wiki/Special:FilePath/Indiana%20University%20logotype.svg,Indiana University Bloomington
186380,002629,Rutgers University-New Brunswick,New Brunswick,NJ,08901-1281,40.498769,-74.446251,https://newbrunswick.rutgers.edu/,https://scarlethub.rutgers.edu/financial-services/tools-resources/net-price-calculator/,public,city,15,False,False,False,,58.1,considered_not_required,1310.0,1500.0,650.0,730.0,660.0,770.0,1410.0,28.0,33.0,37751.0,16.0,93.0,83.6,74479.0,36993.0,17929.0,37441.0,24406.0,16343.0,27.9,,http://commons.wikimedia.org/wiki/Special:FilePath/Rutgers%20Scarlet%20Knights%20logo.svg,Rutgers University–New Brunswick
137351,001537,University of South Florida,Tampa,FL,33620-9951,28.061458,-82.413232,https://www.usf.edu/,https://tup-ofa.forest.usf.edu/npc,public,city,15,False,False,False,,43.2,required,1130.0,1320.0,580.0,660.0,550.0,660.0,1227.0,24.0,29.0,37207.0,22.0,91.3,76.8,57743.0,22859.0,6410.0,17324.0,9812.0,4122.0,29.4,http://commons.wikimedia.org/wiki/Special:FilePath/USF%20Marshall%20Center%20Running%20of%20the%20Bulls.JPG,http://commons.wikimedia.org/wiki/Special:FilePath/University%20of%20South%20Florida%20wordmark.svg,University of South Florida
240444,003895,University of Wisconsin-Madison,Madison,WI,53706-1380,43.075409,-89.404098,https://www.wisc.edu/,https://financialaid.wisc.edu/net-price-calculator/,public,city,15,False,False,False,,45.2,considered_not_required,1380.0,1520.0,670.0,740.0,710.0,780.0,1427.0,29.0,33.0,36902.0,18.0,96.2,89.5,73792.0,28679.0,11603.0,42103.0,17354.0,4200.0,15.9,http://commons.wikimedia.org/wiki/Special:FilePath/BascomHill.JPG,http://commons.wikimedia.org/wiki/Special:FilePath/Seal%20of%20the%20University%20of%20Wisconsin.svg,University of Wisconsin–Madison
145637,001775,University of Illinois Urbana-Champaign,Champaign,IL,61820-5711,40.104718,-88.229114,https://www.illinois.edu/,https://secure.osfa.illinois.edu/npc/npc.asp,public,city,15,False,False,False,,42.4,considered_not_required,1310.0,1520.0,650.0,740.0,660.0,780.0,1440.0,30.0,34.0,36258.0,20.0,94.8,85.1,81054.0,33642.0,16004.0,35124.0,14355.0,2038.0,23.4,http://commons.wikimedia.org/wiki/Special:FilePath/UIUC%20Illini%20Union%20and%20Main%20Quad.jpg,http://commons.wikimedia.org/wiki/Special:FilePath/University%20of%20Illinois%20at%20Urbana%E2%80%93Champaign%20logo.svg,University of Illinois Urbana-Champaign
228459,003615,Texas State University,San Marcos,TX,78666,29.888885,-97.943029,https://www.txst.edu/,https://apps.highered.texas.gov/net-price-calculator/,public,city,16,False,False,False,,89.3,required,980.0,1200.0,500.0,610.0,480.0,590.0,1103.0,19.0,25.0,36177.0,21.0,80.1,55.3,56906.0,28073.0,11450.0,22930.0,16805.0,12715.0,37.2,,,Texas State University
110583,001139,California State University-Long Beach,Long Beach,CA,90840-0115,33.782818,-118.11204,https://www.csulb.edu/,https://www.calstate.edu/apply/paying-for-college/csu-costs,public,city,16,False,False,False,,46.3,not_considered,,,,,,,,,,35924.0,23.0,86.8,68.9,64403.0,22679.0,7350.0,19950.0,10440.0,7183.0,50.2,http://commons.wikimedia.org/wiki/Special:FilePath/Carpenter%20Performing%20Arts%20Center%20%28Long%20Beach%2C%20California%2C%20March%202008%29.jpg,http://commons.wikimedia.org/wiki/Special:FilePath/CSULB%20wordmark.png,"California State University, Long Beach"
134130,001535,University of Florida,Gainesville,FL,32611,29.64629,-82.347911,https://www.ufl.edu/,https://npc.collegeboard.org/app/ufl,public,city,15,False,False,False,,24.2,required,1320.0,1480.0,660.0,730.0,660.0,750.0,1403.0,29.0,33.0,35629.0,16.0,97.7,91.1,71588.0,22523.0,6381.0,28659.0,6541.0,1982.0,21.7,http://commons.wikimedia.org/wiki/Special:FilePath/Dsg%20UF%20Reitz%20Union%2020050507.jpg,http://commons.wikimedia.org/wiki/Special:FilePath/University%20of%20Florida%20logo.svg,University of Florida
122409,001151,San Diego State University,San Diego,CA,92182-0001,32.77525,-117.071228,https://www.sdsu.edu/,https://sacd.sdsu.edu/financial-aid/financial-aid/eligibility/cost-of-attendance/net-price-calculator,public,city,16,False,False,False,,36.2,not_considered,,,,,,,,,,35377.0,27.0,90.6,76.4,64909.0,27780.0,8728.0,21328.0,15364.0,9910.0,31.7,http://commons.wikimedia.org/wiki/Special:FilePath/Sdsumain.jpg,http://commons.wikimedia.org/wiki/Special:FilePath/San%20Diego%20State%20Logotype.png,San Diego State University
110680,001317,University of California-San Diego,La Jolla,CA,92093,32.877749,-117.235866,https://www.ucsd.edu/,https://fas.ucsd.edu/forms-and-resources/financial-aid-estimator/index.html,public,city,15,False,False,False,,26.7,not_considered,,,,,,,,,,34948.0,19.0,94.0,86.1,84943.0,38701.0,16758.0,50958.0,12470.0,7525.0,34.2,http://commons.wikimedia.org/wiki/Special:FilePath/Price%20Center%2C%20UCSD.jpg,http://commons.wikimedia.org/wiki/Special:FilePath/University%20of%20California%2C%20San%20Diego%20logo.svg,"University of California, San Diego"
227216,003594,University of North Texas,Denton,TX,76203-1277,33.211178,-97.148422,https://www.unt.edu/,https://www.highered.texas.gov/student-financial-aid-programs/net-price-calculator/,public,city,15,False,False,False,,72.2,considered_not_required,980.0,1230.0,500.0,630.0,480.0,600.0,1109.0,19.0,27.0,34341.0,25.0,76.6,60.7,57010.0,26243.0,11309.0,21149.0,15649.0,12311.0,38.0,http://commons.wikimedia.org/wiki/Special:FilePath/Lifescienceunt.jpg,http://commons.wikimedia.org/wiki/Special:FilePath/University%20of%20North%20Texas%20wordmark.svg,University of North Texas
170976,002325,University of Michigan-Ann Arbor,Ann Arbor,MI,48109,42.278374,-83.73481,https://umich.edu/,https://npc.collegeboard.org/app/umich,public,city,15,False,False,False,,15.6,considered_not_required,1360.0,1530.0,680.0,750.0,680.0,780.0,1465.0,31.0,34.0,34177.0,11.0,97.5,93.2,83648.0,34654.0,17736.0,60946.0,13138.0,1043.0,18.1,http://commons.wikimedia.org/wiki/Special:FilePath/AngellHall2010.JPG,http://commons.wikimedia.org/wiki/Special:FilePath/University%20of%20Michigan%20logo.svg,University of Michigan
110662,001315,University of California-Los Angeles,Los Angeles,CA,90095-1405,34.07178,-118.442179,https://www.ucla.edu/,https://admission.ucla.edu/tuition-aid/net-cost-calculator,public,city,15,False,False,False,,9.0,not_considered,,,,,,,,,,33475.0,20.0,97.3,92.6,82511.0,38614.0,15203.0,49403.0,12548.0,5579.0,28.2,http://commons.wikimedia.org/wiki/Special:FilePath/Royce%20Hall%2C%20University%20of%20California%2C%20Los%20Angeles%20%2823-09-2003%29.jpg,http://commons.wikimedia.org/wiki/Special:FilePath/University%20of%20California%2C%20Los%20Angeles%20logo.svg,"University of California, Los Angeles"
100751,001051,The University of Alabama,Tuscaloosa,AL,35487-0100,33.211875,-87.545978,https://www.ua.edu/,https://ua.aidcalc.cloud/netprice.htm,public,city,15,False,False,False,,76.6,considered_not_required,1170.0,1400.0,590.0,690.0,580.0,710.0,1285.0,24.0,31.0,33227.0,19.0,89.5,73.4,59221.0,33382.0,12180.0,34172.0,22420.0,19169.0,18.4,,http://commons.wikimedia.org/wiki/Special:FilePath/University%20of%20Alabama%20logo.svg,University of Alabama
110635,001312,University of California-Berkeley,Berkeley,CA,94720,37.871918,-122.260463,https://www.berkeley.edu/,https://financialaid.berkeley.edu/how-aid-works/estimate-your-financial-aid/,public,city,15,False,False,False,,11.0,not_considered,,,,,,,,,,33068.0,18.0,96.8,92.8,92446.0,45619.0,16347.0,50547.0,13481.0,5311.0,28.6,http://commons.wikimedia.org/wiki/Special:FilePath/Berkeley%20glade%20afternoon.jpg,http://commons.wikimedia.org/wiki/Special:FilePath/University%20of%20California%2C%20Berkeley%20logo.svg,"University of California, Berkeley"
230038,003670,Brigham Young University,Provo,UT,84602,40.250851,-111.649281,https://byu.edu/,https://enrollment.byu.edu/financialaid/net-price-calculator,private_nonprofit,city,16,False,False,False,94.0,67.8,considered_not_required,1270.0,1460.0,640.0,730.0,630.0,730.0,1376.0,28.0,32.0,32952.0,21.0,91.0,81.0,75790.0,22690.0,6688.0,6688.0,15564.0,10444.0,32.1,http://commons.wikimedia.org/wiki/Special:FilePath/MaeserBuilding.JPG,http://commons.wikimedia.org/wiki/Special:FilePath/Brigham%20Young%20University%20medallion.svg,Brigham Young University
110608,001153,California State University-Northridge,Northridge,CA,91330,34.240126,-118.529319,https://www.csun.edu/,https://www.csun.edu/financialaid/net-price-calculator,public,city,18,False,False,False,,93.5,not_considered,,,,,,,,,,32691.0,25.0,73.4,57.0,59115.0,20485.0,7458.0,20058.0,7021.0,4905.0,56.1,http://commons.wikimedia.org/wiki/Special:FilePath/CSUN%20Seal.png,http://commons.wikimedia.org/wiki/Special:FilePath/CSU%20Northridge%20logo.svg,"California State University, Northridge"
229115,003644,Texas Tech University,Lubbock,TX,79409-5005,33.583448,-101.874783,https://www.ttu.edu/,https://www.depts.ttu.edu/financialaid/calculator/,public,city,15,False,False,False,,72.7,considered_not_required,1090.0,1280.0,550.0,640.0,540.0,640.0,1190.0,23.0,28.0,32394.0,20.0,85.0,68.7,62454.0,27443.0,11852.0,24451.0,19070.0,12457.0,27.8,http://commons.wikimedia.org/wiki/Special:FilePath/TTU%20English%20Philosophy%20Building.jpg,http://commons.wikimedia.org/wiki/Special:FilePath/Texas%20Tech%20University%20logo.svg,Texas Tech University
228769,003656,The University of Texas at Arlington,Arlington,TX,76019,32.729718,-97.11296,https://www.uta.edu/,https://www.highered.texas.gov/institutional-resources-programs/net-price-calculator/,public,city,15,False,False,False,,79.9,considered_not_required,1010.0,1240.0,510.0,620.0,500.0,620.0,1124.0,19.0,27.0,32294.0,23.0,72.9,54.0,63199.0,25261.0,11950.0,29582.0,13951.0,11893.0,42.3,http://commons.wikimedia.org/wiki/Special:FilePath/UTA%20College%20Park%20Center%20NW.png,http://commons.wikimedia.org/wiki/Special:FilePath/University%20of%20Texas%20at%20Arlington%20logo.svg,University of Texas at Arlington
110644,001313,University of California-Davis,Davis,CA,95616-8678,38.539667,-121.749567,https://ucdavis.edu/,https://myawards.ucdavis.edu/AidEstimator,public,suburb,15,False,False,False,,41.8,not_considered,,,,,,,,,,32253.0,22.0,92.8,85.7,80838.0,41238.0,16774.0,50974.0,14741.0,9211.0,31.4,http://commons.wikimedia.org/wiki/Special:FilePath/Aerial%20view%20of%20UC%20Davis.jpg,http://commons.wikimedia.org/wiki/Special:FilePath/The%20University%20of%20California%20Davis.svg,"University of California, Davis"
134097,001489,Florida State University,Tallahassee,FL,32306-1037,30.443147,-84.295064,https://www.fsu.edu/,https://financialaid.fsu.edu/cost,public,city,15,False,False,False,,24.2,required,1270.0,1410.0,640.0,710.0,630.0,700.0,1361.0,29.0,32.0,32212.0,17.0,96.0,85.6,61675.0,25720.0,5656.0,18786.0,11297.0,5938.0,23.0,http://commons.wikimedia.org/wiki/Special:FilePath/FSUWestcottBuilding.jpg,http://commons.wikimedia.org/wiki/Special:FilePath/Florida%20State%20University%20logo.svg,Florida State University
139959,001598,University of Georgia,Athens,GA,30602,33.956262,-83.374039,https://www.uga.edu/,https://osfa.uga.edu/sites/default/files/npcalc.htm,public,city,15,False,False,False,,37.7,required,1270.0,1480.0,640.0,730.0,630.0,750.0,1397.0,29.0,34.0,32137.0,17.0,94.0,89.7,68726.0,27993.0,11450.0,31688.0,13936.0,8085.0,16.8,http://commons.wikimedia.org/wiki/Special:FilePath/UGASLC.jpg,,University of Georgia
236948,003798,University of Washington-Seattle Campus,Seattle,WA,98195,47.65538,-122.30514,https://www.washington.edu/,https://www.washington.edu/financialaid/getting-started/net-price-calculator/,public,city,15,False,False,False,,39.1,not_considered,,,,,,,,,,31942.0,20.0,94.7,85.2,78466.0,32446.0,12973.0,43209.0,14091.0,6384.0,14.9,http://commons.wikimedia.org/wiki/Special:FilePath/MK03244%20University%20of%20Washington%20Drumheller%20Fountain.jpg,http://commons.wikimedia.org/wiki/Special:FilePath/University%20of%20Washington%20signature.svg,University of Washington
126614,001370,University of Colorado Boulder,Boulder,CO,80309-0017,40.008781,-105.270823,https://www.colorado.edu/,https://ofa.colorado.edu/netpricecalculator/,public,city,15,False,False,False,,78.1,considered_not_required,1240.0,1430.0,630.0,710.0,610.0,720.0,1357.0,29.0,33.0,31939.0,19.0,90.1,74.2,69738.0,37684.0,15666.0,44918.0,25346.0,14231.0,14.5,http://commons.wikimedia.org/wiki/Special:FilePath/Old%20Main%20-%20Colorado.jpg,http://commons.wikimedia.org/wiki/Special:FilePath/UC%20Boulder%20logo.svg,University of Colorado Boulder
174066,003969,University of Minnesota-Twin Cities,Minneapolis,MN,55455-0213,44.972851,-93.235464,https://twin-cities.umn.edu/,https://admissions.tc.umn.edu/cost-aid/cost-aid-scholarships/net-price-calculator,public,city,15,False,False,False,,79.8,considered_not_required,1300.0,1500.0,640.0,730.0,660.0,770.0,1362.0,26.0,31.0,31855.0,17.0,91.1,85.3,69020.0,30061.0,17214.0,38362.0,16778.0,6642.0,17.6,http://commons.wikimedia.org/wiki/Special:FilePath/UMN-NorthrupMall.jpg,http://commons.wikimedia.org/wiki/Special:FilePath/University%20of%20Minnesota%20wordmark.png,University of Minnesota
233921,003754,Virginia Polytechnic Institute and State University,Blacksburg,VA,24061-0131,37.229012,-80.423675,https://www.vt.edu/,https://tcc.ruffalonl.com/virginia polytechnic institute and state universit/freshman-students,public,city,15,False,False,False,,54.8,considered_not_required,1280.0,1450.0,640.0,710.0,640.0,740.0,1364.0,28.0,32.0,30923.0,17.0,93.1,86.2,81698.0,36951.0,15948.0,37764.0,24953.0,11689.0,15.3,http://commons.wikimedia.org/wiki/Special:FilePath/VT%20Burruss%20Hall.jpg,http://commons.wikimedia.org/wiki/Special:FilePath/Virginia%20Tech%20logo.svg,Virginia Tech
163286,002103,University of Maryland-College Park,College Park,MD,20742,38.988178,-76.944721,https://www.umd.edu/,https://financialaid.umd.edu/resources-policies/net-price-calculator,public,suburb,15,False,False,False,,44.8,considered_not_required,1400.0,1530.0,690.0,750.0,710.0,780.0,1473.0,32.0,35.0,30760.0,17.0,96.2,88.6,82860.0,29299.0,11809.0,41186.0,15678.0,2962.0,19.4,http://commons.wikimedia.org/wiki/Special:FilePath/UMD%20McKeldin%20sundial.JPG,http://commons.wikimedia.org/wiki/Special:FilePath/University%20of%20Maryland%20wordmark.svg,University of Maryland
209542,003210,Oregon State University,Corvallis,OR,97331,44.56395,-123.274723,https://oregonstate.edu/,https://financialaid.oregonstate.edu/net-price-calculator,public,city,15,False,False,False,,77.3,considered_not_required,1140.0,1400.0,580.0,700.0,560.0,700.0,1290.0,24.0,31.0,30743.0,18.0,87.8,70.1,64010.0,31653.0,14400.0,38190.0,19604.0,12107.0,22.8,http://commons.wikimedia.org/wiki/Special:FilePath/OSU%20by%20air.jpg,http://commons.wikimedia.org/wiki/Special:FilePath/Oregon%20State%20University%20wordmark.svg,Oregon State University
159391,002010,Louisiana State University and Agricultural & Mechanical College,Baton Rouge,LA,70803-2750,30.414986,-91.178921,https://www.lsu.edu/,https://www.lsu.edu/financialaid/cost/net_price_calculator.php,public,city,15,False,False,False,,73.3,considered_not_required,1180.0,1340.0,600.0,680.0,580.0,660.0,1285.0,24.0,30.0,30594.0,21.0,84.7,68.8,61251.0,34705.0,11954.0,28631.0,19151.0,13056.0,26.6,http://commons.wikimedia.org/wiki/Special:FilePath/Louisiana%20State%20University%20%28aerial%20view%29.jpg,http://commons.wikimedia.org/wiki/Special:FilePath/Louisiana%20State%20University%20%28logo%29.svg,Louisiana State University
229027,010115,The University of Texas at San Antonio,San Antonio,TX,78249-1644,29.583709,-98.620657,https://www.utsa.edu/,https://future.utsa.edu/cost/,public,city,15,False,False,False,,86.8,considered_not_required,1000.0,1220.0,510.0,620.0,490.0,600.0,1105.0,19.0,25.0,30580.0,24.0,79.8,52.6,57131.0,22352.0,9011.0,22051.0,10836.0,7870.0,44.1,,http://commons.wikimedia.org/wiki/Special:FilePath/UTSA%20Logo.svg,University of Texas at San Antonio
221759,003530,The University of Tennessee-Knoxville,Knoxville,TN,37996,35.952082,-83.925852,https://www.utk.edu/,https://utk.clearcostcalculator.com/student/default/netpricecalculator/survey,public,city,15,False,False,False,,41.6,required,1200.0,1370.0,600.0,680.0,600.0,690.0,1311.0,25.0,31.0,30418.0,18.0,91.9,73.9,60249.0,33678.0,13812.0,33256.0,18976.0,10029.0,18.9,http://commons.wikimedia.org/wiki/Special:FilePath/Ayres%20Hall%20abree.jpg,http://commons.wikimedia.org/wiki/Special:FilePath/UT%20Knoxville%20logo%20center.svg,University of Tennessee
110653,001314,University of California-Irvine,Irvine,CA,92697,33.648434,-117.841248,https://www.uci.edu/,https://www.ofas.uci.edu/content/Calculator.aspx,public,city,15,False,False,False,,28.6,not_considered,,,,,,,,,,30197.0,19.0,94.0,86.9,80735.0,38632.0,15722.0,49922.0,14251.0,8123.0,36.1,http://commons.wikimedia.org/wiki/Special:FilePath/The%20University%20of%20California%20Irvine.svg,http://commons.wikimedia.org/wiki/Special:FilePath/University%20of%20California%2C%20Irvine%20logo.svg,"University of California, Irvine"
201885,003125,University of Cincinnati-Main Campus,Cincinnati,OH,45221-0063,39.131159,-84.51428,https://www.uc.edu/,https://uc.studentaidcalculator.com/survey.aspx,public,city,15,False,False,False,,85.3,considered_not_required,1160.0,1370.0,570.0,670.0,590.0,700.0,1282.0,24.0,29.0,29882.0,19.0,85.4,75.0,54810.0,32171.0,13976.0,29310.0,25648.0,17974.0,18.8,http://commons.wikimedia.org/wiki/Special:FilePath/McMicken%20Hall%2C%20University%20of%20Cincinnati%2C%202005-08-19.jpg,,University of Cincinnati
218663,003448,University of South Carolina-Columbia,Columbia,SC,29208,33.996788,-81.026935,https://www.sc.edu/,https://sc.edu/about/offices_and_divisions/financial_aid/cost_and_aid/cost_to_attend/index.php,public,city,15,False,False,False,,60.2,considered_not_required,1180.0,1360.0,600.0,680.0,580.0,680.0,1297.0,26.0,32.0,29820.0,19.0,92.2,78.8,62177.0,31638.0,12688.0,35972.0,22811.0,12634.0,19.1,http://commons.wikimedia.org/wiki/Special:FilePath/University%20of%20South%20Carolina%2C%20Davis%20College.jpg,http://commons.wikimedia.org/wiki/Special:FilePath/Usc%20logo%20simple.svg,University of South Carolina
106397,001108,University of Arkansas,Fayetteville,AR,72701,36.070009,-94.176981,https://www.uark.edu/,https://finaid.uark.edu/aid-calculator.php,public,city,15,False,False,False,,74.3,considered_not_required,1030.0,1220.0,520.0,620.0,510.0,600.0,1169.0,21.0,28.0,28677.0,20.0,86.4,70.5,58191.0,27767.0,10104.0,29966.0,18209.0,14319.0,17.8,http://commons.wikimedia.org/wiki/Special:FilePath/Old%20main%20fayetteville.jpg,,University of Arkansas
227368,003599,The University of Texas Rio Grande Valley,Edinburg,TX,78539-2999,26.306759,-98.173567,https://www.utrgv.edu/,https://www.collegeforalltexans.com/apps/CollegeMoney/,public,city,16,False,False,False,,94.2,considered_not_required,880.0,1090.0,460.0,560.0,420.0,530.0,985.0,15.0,21.0,28666.0,20.0,81.1,50.9,49620.0,16830.0,9987.0,19827.0,4831.0,3785.0,65.1,,http://commons.wikimedia.org/wiki/Special:FilePath/University%20of%20Texas%20Rio%20Grande%20Valley%20logo.svg,University of Texas Rio Grande Valley
193900,002785,New York University,New York,NY,10012-1091,40.729452,-73.997264,https://www.nyu.edu/,https://www.nyu.edu/admissions/financial-aid-and-scholarships/applying-and-planning-for-undergraduate-aid/estimate-your-cost.html,private_nonprofit,city,15,False,False,False,,9.2,considered_not_required,1480.0,1560.0,720.0,760.0,760.0,800.0,1520.0,34.0,35.0,28663.0,8.0,95.8,87.6,82509.0,84374.0,62796.0,62796.0,37050.0,16977.0,17.9,http://commons.wikimedia.org/wiki/Special:FilePath/NYU07.JPG,http://commons.wikimedia.org/wiki/Special:FilePath/Nyu%20short%20color.svg,New York University
110617,001150,California State University-Sacramento,Sacramento,CA,95819-2694,38.559415,-121.423549,https://www.csus.edu/,https://www2.calstate.edu/attend/paying-for-college/Pages/csu-costs.aspx,public,city,18,False,False,False,,94.0,not_considered,,,,,,,,,,28350.0,24.0,81.9,56.3,64876.0,22945.0,8018.0,20618.0,9338.0,6501.0,49.1,http://commons.wikimedia.org/wiki/Special:FilePath/Sac%20State%20North%20Entrance.jpg,http://commons.wikimedia.org/wiki/Special:FilePath/California%20State%20University%2C%20Sacramento%20wordmark.jpg,"California State University, Sacramento"
126827,010148,Colorado Technical University-Colorado Springs,Colorado Springs,CO,80907-3812,38.895069,-104.85716,https://www.coloradotech.edu/Colorado-Springs,https://coloradotech.studentaidcalculator.com/,private_for_profit,city,17,False,False,False,,,,,,,,,,,,,28086.0,31.0,50.6,18.8,37180.0,23744.0,12750.0,12750.0,16745.0,16474.0,61.6,,,Colorado Technical University
232186,003749,George Mason University,Fairfax,VA,22030-4444,38.83195,-77.307063,https://www.gmu.edu/,https://gmu.studentaidcalculator.com/survey.aspx,public,suburb,15,False,False,False,,87.5,considered_not_required,1160.0,1360.0,580.0,680.0,580.0,680.0,1274.0,25.0,30.0,27752.0,16.0,86.0,67.8,76343.0,28604.0,14220.0,38688.0,17915.0,11942.0,30.1,http://commons.wikimedia.org/wiki/Special:FilePath/George%20Mason%20Performing%20Arts.JPG,http://commons.wikimedia.org/wiki/Special:FilePath/George%20Mason%20University%20logo.svg,George Mason University
122755,001155,San Jose State University,San Jose,CA,95192-0186,37.336569,-121.880621,https://www.sjsu.edu/,https://www.sjsu.edu/faso/docs/net-price-calculator.html,public,city,18,False,False,False,,84.6,not_considered,,,,,,,,,,27601.0,25.0,86.8,69.2,78988.0,26593.0,8410.0,21010.0,13760.0,9730.0,35.2,http://commons.wikimedia.org/wiki/Special:FilePath/2008-0817-SJSU-MLKlib.jpg,http://commons.wikimedia.org/wiki/Special:FilePath/San%20Jose%20State%20University%20logo.svg,San Jose State University
199193,002972,North Carolina State University at Raleigh,Raleigh,NC,27695-7001,35.785111,-78.674517,https://www.ncsu.edu/,https://npc.collegeboard.org/app/ncsu,public,city,15,False,False,False,,41.7,considered_not_required,1300.0,1470.0,650.0,720.0,650.0,750.0,1376.0,28.0,32.0,27371.0,15.0,94.5,84.8,68758.0,26425.0,8799.0,32847.0,17303.0,6382.0,19.6,http://commons.wikimedia.org/wiki/Special:FilePath/North%20Carolina%20State%20Bell%20Tower.jpg,http://commons.wikimedia.org/wiki/Special:FilePath/NC%20State%20University%20brick%20logo.svg,North Carolina State University
230764,003675,University of Utah,Salt Lake City,UT,84112-9008,40.762484,-111.846044,https://www.utah.edu/,https://financialaid.utah.edu/tuition-and-fees/cost-calculator.php,public,city,15,False,False,False,,86.0,considered_not_required,1190.0,1380.0,600.0,690.0,590.0,690.0,1257.0,22.0,29.0,27264.0,19.0,86.2,65.0,67170.0,25557.0,9620.0,30860.0,16200.0,13123.0,19.6,http://commons.wikimedia.org/wiki/Special:FilePath/The%20Park%20Building%20at%20the%20University%20of%20Utah.jpg,http://commons.wikimedia.org/wiki/Special:FilePath/University%20of%20Utah%20horizontal%20logo.svg,University of Utah
100858,001009,Auburn University,Auburn,AL,36849,32.599378,-85.488258,https://www.auburn.edu/,https://www.auburn.edu/admissions/costcalc/index.php,public,city,15,False,False,False,,45.9,considered_not_required,1260.0,1390.0,630.0,690.0,630.0,700.0,1345.0,26.0,31.0,26816.0,21.0,94.8,82.0,65337.0,34919.0,12890.0,34922.0,24323.0,16681.0,12.5,http://commons.wikimedia.org/wiki/Special:FilePath/AuburnUniversity-SamfordHall.jpg,http://commons.wikimedia.org/wiki/Special:FilePath/Auburn%20University%20primary%20logo.svg,Auburn University
139940,001574,Georgia State University,Atlanta,GA,30303-3083,33.7527,-84.38667,https://www.gsu.edu/,https://admissions.gsu.edu/cost-calculator/,public,city,15,False,False,False,,55.4,considered_not_required,940.0,1180.0,480.0,590.0,460.0,590.0,1076.0,19.0,26.0,26623.0,25.0,79.9,53.1,47384.0,28241.0,8664.0,24840.0,15931.0,13787.0,50.7,http://commons.wikimedia.org/wiki/Special:FilePath/Georgia%20State%20University%20College%20of%20Law%20Building.jpeg,http://commons.wikimedia.org/wiki/Special:FilePath/Georgia%20State%20University%20Logo.svg,Georgia State University
134237,023621,Full Sail University,Winter Park,FL,32792-7429,28.596546,-81.301286,https://www.fullsail.edu/,https://fullsail.studentaidcalculator.com/survey.aspx,private_for_profit,suburb,18,False,False,False,,,,,,,,,,,,,25777.0,32.0,53.1,44.3,38219.0,47530.0,26906.0,26906.0,38875.0,38738.0,33.8,http://commons.wikimedia.org/wiki/Special:FilePath/Full%20Sail%20Fortress%20Image.jpg,,Full Sail University
126818,001350,Colorado State University-Fort Collins,Fort Collins,CO,80523-0100,40.574805,-105.080732,https://colostate.edu/,https://admissions.colostate.edu/cost-financial-aid/net-price-calculator/,public,city,15,False,False,False,,88.5,not_considered,,,,,,,,,,25538.0,17.0,85.9,66.5,60543.0,31642.0,13373.0,34783.0,21279.0,13259.0,21.1,http://commons.wikimedia.org/wiki/Special:FilePath/CSU%20IMFields2%20better%20shadows.jpg,http://commons.wikimedia.org/wiki/Special:FilePath/Colorado%20State%20University%20logo.svg,Colorado State University
153603,001869,Iowa State University,Ames,IA,50011-2103,42.026212,-93.648504,https://www.iastate.edu/,https://www.financialaid.iastate.edu/getting-started/cost/net-price-calculator/,public,city,15,False,False,False,,88.7,considered_not_required,1120.0,1360.0,560.0,670.0,560.0,690.0,1204.0,21.0,28.0,25367.0,18.0,87.6,75.3,63386.0,24018.0,10787.0,28881.0,18589.0,10582.0,18.8,http://commons.wikimedia.org/wiki/Special:FilePath/Roberts%20Residence%20Hall%20Iowa%20State%20University.jpg,http://commons.wikimedia.org/wiki/Special:FilePath/Iowa%20State%20University%20wordmark.svg,Iowa State University
110529,001144,California State Polytechnic University-Pomona,Pomona,CA,91768,34.057912,-117.821476,https://www.cpp.edu/,https://www.cpp.edu/financial-aid/resources/net-price-calculator.shtml,public,suburb,18,False,False,False,,75.2,not_considered,,,,,,,,,,25042.0,25.0,87.4,68.4,71902.0,23955.0,7780.0,20380.0,11531.0,7851.0,46.3,http://commons.wikimedia.org/wiki/Special:FilePath/CLA%20Portrait.jpg,http://commons.wikimedia.org/wiki/Special:FilePath/Calpoly%20pomona%20univ%20logo.png,"California State Polytechnic University, Pomona"
157085,001989,University of Kentucky,Lexington,KY,40506-0032,38.038911,-84.504747,https://www.uky.edu/,https://uky.clearcostcalculator.com/student/default/netpricecalculator/survey,public,city,15,False,False,False,,92.9,considered_not_required,1070.0,1290.0,540.0,650.0,530.0,640.0,1215.0,21.0,28.0,24763.0,18.0,86.8,71.4,59025.0,34391.0,13502.0,34140.0,18851.0,12182.0,22.5,http://commons.wikimedia.org/wiki/Special:FilePath/Main%20Building%20-%20University%20of%20Kentucky%20-%20DSC09119.JPG,http://commons.wikimedia.org/wiki/Special:FilePath/University%20of%20Kentucky%20logo.svg,University of Kentucky
182281,002569,University of Nevada-Las Vegas,Las Vegas,NV,89154,36.106047,-115.138462,https://www.unlv.edu/,https://cashiering.unlv.edu/undergrad_calc.html,public,city,15,False,False,False,,96.2,considered_not_required,1010.0,1240.0,510.0,630.0,500.0,610.0,1094.0,18.0,25.0,24622.0,19.0,79.2,50.5,55037.0,19638.0,9748.0,27411.0,10359.0,8526.0,40.1,http://commons.wikimedia.org/wiki/Special:FilePath/University%20of%20Las%20Vegas.JPG,http://commons.wikimedia.org/wiki/Special:FilePath/University%20of%20Nevada%2C%20Las%20Vegas%20logo.svg,"University of Nevada, Las Vegas"
199139,002975,University of North Carolina at Charlotte,Charlotte,NC,28223-0001,35.306022,-80.730919,https://www.charlotte.edu/,https://calculator.charlotte.edu/,public,city,16,False,False,False,,79.6,considered_not_required,1140.0,1330.0,570.0,660.0,570.0,670.0,1231.0,21.0,28.0,24453.0,21.0,85.0,69.0,57289.0,23010.0,7239.0,22492.0,15435.0,10357.0,33.9,http://commons.wikimedia.org/wiki/Special:FilePath/Belktower.jpg,http://commons.wikimedia.org/wiki/Special:FilePath/UNC%20Charlotte%20Main%20Horizontal.png,University of North Carolina at Charlotte
178396,002516,University of Missouri-Columbia,Columbia,MO,65211,38.94531,-92.328843,https://missouri.edu/,https://financialaid.missouri.edu/cost-of-attendance/net-price-calculator/,public,city,15,False,False,False,,78.5,considered_not_required,1150.0,1330.0,580.0,670.0,570.0,660.0,1247.0,23.0,30.0,23929.0,17.0,92.7,74.9,63403.0,31713.0,14837.0,36056.0,20268.0,13841.0,20.1,http://commons.wikimedia.org/wiki/Special:FilePath/Mizzou-columns-JayBuffington.jpg,http://commons.wikimedia.org/wiki/Special:FilePath/University%20of%20Missouri%20logo.svg,University of Missouri
133669,001481,Florida Atlantic University,Boca Raton,FL,33431-0991,26.372421,-80.102978,https://www.fau.edu/,https://www.fau.edu/finaid/other/cost-of-attendance/,public,city,16,False,False,False,,66.1,required,1040.0,1200.0,530.0,610.0,510.0,590.0,1127.0,21.0,26.0,23757.0,24.0,84.5,62.6,56746.0,21522.0,4879.0,17324.0,8752.0,3022.0,33.9,http://commons.wikimedia.org/wiki/Special:FilePath/FAU%20Sign%20NW%2020th%20St.jpg,http://commons.wikimedia.org/wiki/Special:FilePath/Florida%20Atlantic%20University%20logo.svg,Florida Atlantic University
166629,002221,University of Massachusetts-Amherst,Amherst,MA,01003,42.385999,-72.526728,https://www.umass.edu/,https://www.umass.edu/net_price_calculator/,public,city,15,False,False,False,,59.7,considered_not_required,1310.0,1500.0,650.0,730.0,660.0,770.0,1423.0,30.0,33.0,23671.0,17.0,91.9,83.3,71631.0,34549.0,17772.0,40449.0,22383.0,10164.0,19.9,http://commons.wikimedia.org/wiki/Special:FilePath/Umass%20Amherst%20Skyline.jpg,http://commons.wikimedia.org/wiki/Special:FilePath/UMassAmherst%20logo.png,University of Massachusetts Amherst
217882,003425,Clemson University,Clemson,SC,29634,34.679381,-82.835114,https://www.clemson.edu/,https://netprice.app.clemson.edu/calc/,public,suburb,15,False,False,False,,38.3,considered_not_required,1240.0,1410.0,620.0,700.0,620.0,710.0,1353.0,28.0,32.0,23300.0,16.0,93.5,86.6,71513.0,35015.0,15554.0,40866.0,22253.0,13607.0,14.8,http://commons.wikimedia.org/wiki/Special:FilePath/Cooper%20Library%20and%20reflecting%20pond%202006.jpg,http://commons.wikimedia.org/wiki/Special:FilePath/Clemson%20University%20Wordmark.svg,Clemson University
110705,001320,University of California-Santa Barbara,Santa Barbara,CA,93106,34.416297,-119.846426,https://www.ucsb.edu/,https://finaid.ucsb.edu/net-price-calculator,public,suburb,15,False,False,False,,33.0,not_considered,,,,,,,,,,23113.0,17.0,93.0,83.0,74915.0,41573.0,16414.0,50614.0,16109.0,9231.0,27.9,http://commons.wikimedia.org/wiki/Special:FilePath/UCSB%20University%20Center%20and%20Storke%20Tower.jpg,http://commons.wikimedia.org/wiki/Special:FilePath/University%20of%20California%2C%20Santa%20Barbara%20logo.svg,"University of California, Santa Barbara"
105330,001082,Northern Arizona University,Flagstaff,AZ,86011-4092,35.188449,-111.653724,https://nau.edu/,https://app.meadowfi.com/nau,public,city,16,False,False,False,,89.6,not_considered,,,,,,,,,,22903.0,19.0,75.5,61.3,54384.0,29933.0,13009.0,29881.0,14158.0,9709.0,31.3,http://commons.wikimedia.org/wiki/Special:FilePath/NAU%20Campus.jpg,,Northern Arizona University
207500,003184,University of Oklahoma-Norman Campus,Norman,OK,73019-3072,35.209407,-97.444211,https://www.ou.edu/,https://www.ou.edu/sfc/estimating-costs/net-price-calculator,public,suburb,15,False,False,False,,76.6,considered_not_required,1140.0,1330.0,580.0,670.0,560.0,660.0,1246.0,23.0,29.0,22734.0,18.0,90.0,75.3,63126.0,28872.0,9797.0,27377.0,15300.0,10509.0,25.0,http://commons.wikimedia.org/wiki/Special:FilePath/HolmbergHall2.jpg,http://commons.wikimedia.org/wiki/Special:FilePath/Oklahoma%20Sooners%20logo.svg,University of Oklahoma
488846,,University of the People,Pasadena,CA,91101,34.146167,-118.138047,https://www.uopeople.edu/,https://www.uopeople.edu/tuition-free/what-is-tuition-free/,private_nonprofit,city,18,False,False,False,,,,,,,,,,,,,22688.0,28.0,,33.5,,,1400.0,1400.0,,,0.0,,,University of the People
110671,001316,University of California-Riverside,Riverside,CA,92521,33.97246,-117.32741,https://www.ucr.edu/,https://admission.universityofcalifornia.edu/tuition-financial-aid/estimate-your-aid.html,public,city,15,False,False,False,,76.4,not_considered,,,,,,,,,,22593.0,22.0,87.6,76.0,67699.0,38942.0,15606.0,49806.0,14304.0,8852.0,46.9,http://commons.wikimedia.org/wiki/Special:FilePath/UCR%20University%20Ave%20entrance.JPG,http://commons.wikimedia.org/wiki/Special:FilePath/University%20of%20California%2C%20Riverside%20logo.svg,"University of California, Riverside"
153658,001892,University of Iowa,Iowa City,IA,52242-1316,41.661935,-91.536425,https://uiowa.edu/,https://admissions.uiowa.edu/finances/net-price-calculator,public,city,15,False,False,False,,83.6,considered_not_required,1130.0,1330.0,570.0,670.0,560.0,660.0,1200.0,21.0,28.0,22264.0,16.0,90.4,74.6,64762.0,28596.0,11283.0,33371.0,22531.0,15316.0,18.4,http://commons.wikimedia.org/wiki/Special:FilePath/Iowa%20Hall.JPG,,University of Iowa
145600,001776,University of Illinois Chicago,Chicago,IL,60607,41.871837,-87.650503,https://www.uic.edu/,https://financialaid.uic.edu/cost/cost-attendance-coa/,public,city,15,False,False,False,,77.3,considered_not_required,1130.0,1350.0,570.0,670.0,560.0,680.0,1250.0,25.0,31.0,22170.0,17.0,80.2,61.6,68740.0,27521.0,14338.0,29884.0,10974.0,7529.0,48.9,http://commons.wikimedia.org/wiki/Special:FilePath/University%20of%20Illinois%20at%20Chicago%20-1.jpg,http://commons.wikimedia.org/wiki/Special:FilePath/University%20of%20Illinois%20Chicago%20wordmark.png,University of Illinois Chicago
110422,001143,California Polytechnic State University-San Luis Obispo,San Luis Obispo,CA,93407,35.299513,-120.657311,https://calpoly.edu/,https://www.calpoly.edu/financial-aid/costs-and-affordability/undergraduate-costs-of-attendance/undergraduate-net-price-calculator,public,suburb,18,False,False,False,,31.3,not_considered,,,,,,,,,,21996.0,19.0,95.5,86.4,90768.0,32265.0,13596.0,34665.0,16665.0,7529.0,19.2,http://commons.wikimedia.org/wiki/Special:FilePath/Cal-Poly-from-outback.jpg,http://commons.wikimedia.org/wiki/Special:FilePath/Cal%20Poly%20San%20Luis%20Obispo%20wordmark.svg,California Polytechnic State University
139931,001572,Georgia Southern University,Statesboro,GA,30460-8126,32.426153,-81.784045,https://www.georgiasouthern.edu/,https://georgiasouthern.clearcostcalculator.com/student/default/netpricecalculator/survey,public,town,16,False,False,False,,87.9,considered_not_required,986.0,1133.0,528.0,583.0,458.0,550.0,1053.0,18.0,23.0,21790.0,25.0,77.8,54.9,53236.0,24430.0,6022.0,17734.0,15267.0,12162.0,36.2,http://commons.wikimedia.org/wiki/Special:FilePath/Zach%20s.%20henderson%20library.jpg,,Georgia Southern University
207388,003170,Oklahoma State University-Main Campus,Stillwater,OK,74078-1015,36.123085,-97.069743,https://www.okstate.edu/,https://orange.okstate.edu/register/net-price-calculator,public,town,15,False,False,False,,75.0,considered_not_required,1040.0,1250.0,530.0,630.0,510.0,620.0,1150.0,20.0,27.0,21773.0,19.0,84.8,68.2,57413.0,28290.0,10234.0,25754.0,17447.0,12243.0,28.0,http://commons.wikimedia.org/wiki/Special:FilePath/Edmon%20Low%20Library%20-%20Oklahoma%20State%20University.jpg,,Oklahoma State University
228787,009741,The University of Texas at Dallas,Richardson,TX,75080-3021,32.984673,-96.749702,https://www.utdallas.edu/,https://www.highered.texas.gov/student-financial-aid-programs/net-price-calculator/,public,city,15,False,False,False,,65.1,considered_not_required,1160.0,1410.0,580.0,690.0,580.0,720.0,1286.0,24.0,32.0,21751.0,23.0,90.0,75.7,68227.0,29807.0,14644.0,40144.0,18267.0,12814.0,30.0,http://commons.wikimedia.org/wiki/Special:FilePath/Administration%20and%20Multipurpose%20Building.JPG,http://commons.wikimedia.org/wiki/Special:FilePath/UT%20Dallas%20Wordmark%20-%20-%20SVG%20Brand%20Identity%20File.svg,University of Texas at Dallas
110556,001147,California State University-Fresno,Fresno,CA,93740,36.811154,-119.744569,https://www.fresnostate.edu/,https://studentaffairs.fresnostate.edu/financialaid/netprice/index.html,public,city,16,False,False,False,,95.3,not_considered,,,,,,,,,,21605.0,22.0,81.6,57.0,61244.0,20095.0,7350.0,19950.0,7000.0,5105.0,57.0,http://commons.wikimedia.org/wiki/Special:FilePath/2009-0725-CA-CSUF-ThomasAdministration.jpg,http://commons.wikimedia.org/wiki/Special:FilePath/California%20State%20University%2C%20Fresno%20logo.svg,"California State University, Fresno"
176017,002440,University of Mississippi,University,MS,38677-1848,34.365529,-89.537434,https://www.olemiss.edu/,https://finaid.olemiss.edu/calculator/,public,town,15,False,False,False,,96.6,considered_not_required,1000.0,1200.0,510.0,610.0,490.0,590.0,1184.0,21.0,29.0,21473.0,18.0,87.2,71.7,50994.0,28660.0,9772.0,28600.0,13314.0,8945.0,21.7,http://commons.wikimedia.org/wiki/Special:FilePath/Olemisslyceum.jpg,,University of Mississippi
155317,001948,University of Kansas,Lawrence,KS,66045,38.958549,-95.247567,https://ku.edu/,https://admissions.ku.edu/afford/,public,city,15,False,False,False,,93.5,considered_not_required,1070.0,1300.0,540.0,650.0,530.0,650.0,1190.0,20.0,28.0,21217.0,18.0,86.5,68.8,61945.0,26751.0,12102.0,30432.0,18059.0,12544.0,20.5,http://commons.wikimedia.org/wiki/Special:FilePath/KUStrongHallJayhawkMarch2006.jpg,http://commons.wikimedia.org/wiki/Special:FilePath/University%20of%20Kansas%20wordmark.svg,University of Kansas
236939,003800,Washington State University,Pullman,WA,99164-5910,46.730448,-117.158168,https://wsu.edu/,https://financialaid.wsu.edu/price-calculator/,public,town,15,False,False,False,,86.6,not_considered,,,,,,,,,,21099.0,15.0,78.3,60.5,68905.0,27648.0,13391.0,29950.0,14971.0,7074.0,27.4,http://commons.wikimedia.org/wiki/Special:FilePath/Bryan%20Hall.jpg,,Washington State University
228796,003661,The University of Texas at El Paso,El Paso,TX,79968-0691,31.77015,-106.504098,https://www.utep.edu/,https://apps.highered.texas.gov/apps/npc/?fice=003661,public,city,15,False,False,False,,99.9,considered_not_required,860.0,1080.0,450.0,550.0,410.0,530.0,962.0,17.0,22.0,21005.0,21.0,78.9,50.2,50923.0,19836.0,9744.0,25502.0,9403.0,7863.0,61.6,http://commons.wikimedia.org/wiki/Special:FilePath/UTEPDurhamcenter.jpg,,University of Texas at El Paso
216339,003371,Temple University,Philadelphia,PA,19122-6096,39.980546,-75.156859,https://www.temple.edu/,https://sfs.temple.edu/sites/sfs/files/netprice.html,public,city,15,False,False,False,,80.4,not_considered,,,,,,,,,,20970.0,12.0,82.6,75.0,63727.0,40903.0,23011.0,38958.0,28198.0,22694.0,32.0,http://commons.wikimedia.org/wiki/Special:FilePath/WTP%20B20%20Audrey%201.jpg,http://commons.wikimedia.org/wiki/Special:FilePath/Temple%20University%20Logo.svg,Temple University
232423,003721,James Madison University,Harrisonburg,VA,22807,38.436311,-78.870484,https://www.jmu.edu/index.shtml,https://www.jmu.edu/financialaid/calculators/index.shtml,public,city,16,False,False,False,,71.5,considered_not_required,1170.0,1340.0,600.0,680.0,570.0,660.0,1256.0,24.0,29.0,20888.0,17.0,92.0,79.7,69954.0,31735.0,14250.0,31604.0,23322.0,11444.0,17.1,http://commons.wikimedia.org/wiki/Special:FilePath/James%20Madison%20University%202.jpeg,http://commons.wikimedia.org/wiki/Special:FilePath/James%20Madison%20Athletics%20wordmark.svg,James Madison University
234030,003735,Virginia Commonwealth University,Richmond,VA,23284-2512,37.54962,-77.452697,https://www.vcu.edu/,https://sfs.vcu.edu/tuition-and-fees/estimate-your-tuition-and-fees/,public,city,15,False,False,False,,92.6,considered_not_required,1010.0,1270.0,520.0,650.0,490.0,620.0,1137.0,22.0,30.0,20753.0,17.0,85.3,63.2,58128.0,38954.0,16945.0,40109.0,23433.0,17512.0,31.2,http://commons.wikimedia.org/wiki/Special:FilePath/VirginiaCommonwealthUniversity.jpg,http://commons.wikimedia.org/wiki/Special:FilePath/VCU%20typeface.svg,Virginia Commonwealth University
199120,002974,University of North Carolina at Chapel Hill,Chapel Hill,NC,27599,35.911769,-79.050969,https://www.unc.edu/,https://studentaid.unc.edu/net-price-calculator/,public,city,15,False,False,False,,15.3,considered_not_required,1390.0,1530.0,690.0,750.0,700.0,780.0,1439.0,28.0,34.0,20752.0,15.0,96.6,91.2,72200.0,26055.0,8994.0,41203.0,11655.0,2004.0,20.0,http://commons.wikimedia.org/wiki/Special:FilePath/UNC%20South%20Building.jpg,,University of North Carolina at Chapel Hill
209551,003223,University of Oregon,Eugene,OR,97403,44.045146,-123.075792,https://www.uoregon.edu/,https://financialaid.uoregon.edu/net_price_calculator,public,city,15,False,False,False,,88.3,considered_not_required,1130.0,1360.0,580.0,690.0,550.0,670.0,1272.0,23.0,30.0,20497.0,19.0,86.4,71.7,61324.0,34793.0,16137.0,44598.0,22182.0,15909.0,21.3,http://commons.wikimedia.org/wiki/Special:FilePath/UofOsign.JPG,http://commons.wikimedia.org/wiki/Special:FilePath/University%20of%20Oregon%20logo.svg,University of Oregon
123961,001328,University of Southern California,Los Angeles,CA,90089,34.021281,-118.284169,https://www.usc.edu/,https://financialaid.usc.edu/npc,private_nonprofit,city,15,False,False,False,,9.8,considered_not_required,1450.0,1550.0,710.0,760.0,740.0,790.0,1495.0,32.0,35.0,20443.0,9.0,95.9,91.8,92498.0,90300.0,72097.0,72097.0,32740.0,13516.0,22.2,http://commons.wikimedia.org/wiki/Special:FilePath/052607-016-BovardHall-USC.jpg,http://commons.wikimedia.org/wiki/Special:FilePath/University%20of%20Southern%20California%20logo.svg,University of Southern California
215293,003379,University of Pittsburgh-Pittsburgh Campus,Pittsburgh,PA,15260,40.444388,-79.953254,https://www.pitt.edu/,https://pitt.studentaidcalculator.com/survey.aspx,public,city,15,False,False,False,,58.1,considered_not_required,1280.0,1460.0,640.0,720.0,640.0,740.0,1370.0,29.0,33.0,20370.0,13.0,92.0,85.5,66125.0,38105.0,21926.0,41430.0,30434.0,14709.0,14.0,http://commons.wikimedia.org/wiki/Special:FilePath/The%20Cathedral%20of%20Learning%2C%20University%20of%20Pittsburgh%2C%205th%20Avenue%20and%20Bigelow%20Boulevard%2C%20Oakland%2C%20Pittsburgh%2C%20PA%20-%2053617734372.jpg,http://commons.wikimedia.org/wiki/Special:FilePath/University%20of%20Pittsburgh%20wordmark.svg,University of Pittsburgh
230728,003677,Utah State University,Logan,UT,84322-1400,41.740748,-111.81391,https://www.usu.edu/,https://www.usu.edu/admissions/costs-and-aid/,public,city,15,False,False,False,,92.5,considered_not_required,1070.0,1290.0,540.0,650.0,530.0,640.0,1187.0,20.0,28.0,20272.0,19.0,70.8,59.1,54022.0,21654.0,9228.0,24802.0,14936.0,12057.0,25.8,http://commons.wikimedia.org/wiki/Special:FilePath/Old%20Main%20Utah%20St%20Univ.jpg,,Utah State University
154022,001881,The University of Arizona Global Campus,Chandler,AZ,85225,32.8273,-117.141961,https://www.uagc.edu/,https://app.meadowfi.com/azglobal,public,city,17,False,False,False,,,,,,,,,,,,,20152.0,13.0,34.7,10.7,35404.0,37594.0,11960.0,11960.0,31266.0,31009.0,32.1,,http://commons.wikimedia.org/wiki/Special:FilePath/University%20of%20Arizona%20Global%20Campus%20primary%20logo.png,University of Arizona Global Campus
196088,002837,University at Buffalo,Buffalo,NY,14260-1660,43.000942,-78.789458,https://www.buffalo.edu/,https://financialaid.buffalo.edu/net-price-calculator/,public,suburb,15,False,False,False,,74.2,considered_not_required,1210.0,1380.0,600.0,680.0,610.0,700.0,1295.0,27.0,32.0,20112.0,11.0,85.2,75.2,70814.0,30785.0,10936.0,31536.0,20995.0,14668.0,33.1,http://commons.wikimedia.org/wiki/Special:FilePath/SUNY%20Buffalo%20entrance%20sign.JPG,http://commons.wikimedia.org/wiki/Special:FilePath/University%20at%20Buffalo%20logo.svg,University at Buffalo
198464,002923,East Carolina University,Greenville,NC,27858-4353,35.607186,-77.368291,https://www.ecu.edu/,https://shoppingsheet.com/Shopping/Landing/ecu,public,city,16,False,False,False,,89.2,considered_not_required,1070.0,1240.0,540.0,630.0,530.0,610.0,1180.0,21.0,26.0,19896.0,17.0,82.7,62.6,55146.0,23867.0,7361.0,23638.0,15739.0,10046.0,31.8,http://commons.wikimedia.org/wiki/Special:FilePath/Joyner-Library-Clock-Tower.jpg,http://commons.wikimedia.org/wiki/Special:FilePath/East%20carolina%20univ%20simplelogo.png,East Carolina University
129020,001417,University of Connecticut,Storrs,CT,06269,41.809098,-72.249948,https://uconn.edu/,https://financialaid.uconn.edu/pricecalc/,public,town,15,False,False,False,,52.4,required,1210.0,1440.0,610.0,710.0,600.0,730.0,1348.0,28.0,33.0,19835.0,17.0,92.5,83.3,73997.0,39426.0,21044.0,43712.0,25097.0,15193.0,25.4,http://commons.wikimedia.org/wiki/Special:FilePath/Campus%20view%20-%20University%20of%20Connecticut%20-%20DSC09948.JPG,http://commons.wikimedia.org/wiki/Special:FilePath/University%20of%20Connecticut%20logo.svg,University of Connecticut
204857,003100,Ohio University-Main Campus,Athens,OH,45701-2979,39.326798,-82.100985,https://www.ohio.edu/,https://npc.collegeboard.org/app/ohio,public,town,15,False,False,False,,85.0,considered_not_required,1090.0,1290.0,550.0,650.0,540.0,640.0,1212.0,22.0,28.0,19633.0,18.0,83.9,65.5,52581.0,30586.0,14158.0,24838.0,21637.0,15673.0,21.2,http://commons.wikimedia.org/wiki/Special:FilePath/CampusOU.jpg,http://commons.wikimedia.org/wiki/Special:FilePath/Ohio%20university%20logo.png,Ohio University
110592,001140,California State University-Los Angeles,Los Angeles,CA,90032-8506,34.066927,-118.168965,https://www.calstatela.edu/,https://www.calstate.edu/attend/paying-for-college/pages/csu-costs.aspx,public,city,18,False,False,False,,91.2,not_considered,,,,,,,,,,19562.0,21.0,71.9,53.0,59211.0,18403.0,7160.0,19760.0,3967.0,2877.0,66.3,http://commons.wikimedia.org/wiki/Special:FilePath/Cal%20State%20University%2C%20Los%20Angeles.jpg,http://commons.wikimedia.org/wiki/Special:FilePath/Cal%20state%20la%20textlogo.png,"California State University, Los Angeles"
197869,002906,Appalachian State University,Boone,NC,28608,36.215536,-81.680583,https://www.appstate.edu/,https://appstate.edu/npc/,public,town,18,False,False,False,,90.1,considered_not_required,1120.0,1280.0,570.0,660.0,550.0,620.0,1214.0,21.0,27.0,19444.0,16.0,83.7,74.5,51836.0,23169.0,7579.0,25212.0,16836.0,9325.0,26.4,http://commons.wikimedia.org/wiki/Special:FilePath/ASU%20from%20Howard%27s%20Knob.jpg,,Appalachian State University
203517,003051,Kent State University at Kent,Kent,OH,44242-0001,41.146653,-81.342533,https://www.kent.edu/,https://www.kent.edu/fbe-center/calculator,public,suburb,15,False,False,False,,86.3,considered_not_required,1010.0,1240.0,510.0,630.0,500.0,610.0,1099.0,18.0,25.0,19320.0,20.0,80.9,63.7,45388.0,30567.0,13232.0,23082.0,20787.0,15280.0,28.5,http://commons.wikimedia.org/wiki/Special:FilePath/Merrill%20Hall%203.jpg,http://commons.wikimedia.org/wiki/Special:FilePath/Kent%20State%20University%20Logo.svg,Kent State University
181464,002565,University of Nebraska-Lincoln,Lincoln,NE,68588-0419,40.817598,-96.700508,https://www.unl.edu/,https://financialaid.unl.edu/net-price-calculator,public,city,15,False,False,False,,87.5,considered_not_required,1098.0,1330.0,560.0,670.0,538.0,660.0,1191.0,22.0,28.0,19178.0,17.0,86.0,67.0,56887.0,26697.0,10434.0,28584.0,17747.0,12751.0,22.8,http://commons.wikimedia.org/wiki/Special:FilePath/Lloyd%20G.%20Tanner%20Plaza%20%26%20Morrill%20Hall%2C%20University%20of%20Nebraska-Lincoln%2C%20Lincoln%2C%20Nebraska%2C%20USA.jpg,http://commons.wikimedia.org/wiki/Special:FilePath/University%20of%20Nebraska%E2%80%93Lincoln%20logo.svg,University of Nebraska–Lincoln
130943,001431,University of Delaware,Newark,DE,19716,39.679577,-75.752822,https://www.udel.edu/,https://www.udel.edu/apply/undergraduate-admissions/financing-your-degree/net-price-calculator/,public,suburb,15,False,False,False,,70.6,considered_not_required,1190.0,1370.0,600.0,690.0,590.0,680.0,1292.0,28.0,32.0,19071.0,16.0,92.0,80.5,72950.0,30952.0,16810.0,41400.0,17799.0,10901.0,16.1,http://commons.wikimedia.org/wiki/Special:FilePath/UD%20Fall%20Time%202010.jpg,http://commons.wikimedia.org/wiki/Special:FilePath/University%20of%20Delaware%20wordmark.svg,University of Delaware
145813,001692,Illinois State University,Normal,IL,61790-1000,40.509403,-88.990058,https://illinoisstate.edu/,https://financialaid.illinoisstate.edu/paying,public,suburb,16,False,False,False,,88.1,considered_not_required,990.0,1210.0,500.0,620.0,490.0,590.0,1113.0,21.0,27.0,19057.0,19.0,81.4,64.5,62117.0,34309.0,16144.0,28210.0,19398.0,11568.0,32.1,http://commons.wikimedia.org/wiki/Special:FilePath/Cookhall.JPG,http://commons.wikimedia.org/wiki/Special:FilePath/Illinois%20State%20University%20logo.svg,Illinois State University
170082,002268,Grand Valley State University,Allendale,MI,49401-9403,42.963001,-85.889826,https://www.gvsu.edu/,https://www.gvsu.edu/financialaid/price_calculator.htm,public,town,17,False,False,False,,83.0,considered_not_required,940.0,1190.0,480.0,600.0,460.0,590.0,1074.0,22.0,30.0,18854.0,15.0,76.3,67.0,56118.0,28367.0,15140.0,21548.0,16317.0,12272.0,29.2,http://commons.wikimedia.org/wiki/Special:FilePath/Grand%20Valley%20State%20University.jpg,http://commons.wikimedia.org/wiki/Special:FilePath/Logo%20of%20Grand%20Valley%20State%20University.svg,Grand Valley State University
139755,001569,Georgia Institute of Technology-Main Campus,Atlanta,GA,30332-0530,33.77242,-84.394832,https://www.gatech.edu/,https://admission.gatech.edu/npc_2024/,public,city,15,False,False,False,,14.1,required,1370.0,1540.0,680.0,750.0,690.0,790.0,1480.0,30.0,34.0,18785.0,17.0,98.1,94.0,102772.0,28167.0,12058.0,34484.0,12116.0,7666.0,13.9,http://commons.wikimedia.org/wiki/Special:FilePath/Georgiatechsign2.jpg,http://commons.wikimedia.org/wiki/Special:FilePath/Georgia%20Tech%20seal.svg,Georgia Tech
122597,001154,San Francisco State University,San Francisco,CA,94132,37.721224,-122.476799,https://www.sfsu.edu/,https://financialaid.sfsu.edu/cost-attendance,public,city,16,False,False,False,,96.4,not_considered,,,,,,,,,,18639.0,19.0,82.7,50.4,68077.0,26488.0,7950.0,20550.0,12278.0,9341.0,42.2,http://commons.wikimedia.org/wiki/Special:FilePath/Sfstate.jpg,http://commons.wikimedia.org/wiki/Special:FilePath/Sfrancisco%20state%20univ%20simplelogo.png,San Francisco State University
176080,002423,Mississippi State University,Mississippi State,MS,39762,33.454852,-88.790139,https://www.msstate.edu/,https://www.sfa.msstate.edu/net-price-calculator,public,town,15,False,False,False,,77.6,considered_not_required,1100.0,1350.0,560.0,670.0,540.0,680.0,1219.0,21.0,29.0,18397.0,16.0,82.5,66.7,51513.0,29267.0,10202.0,27637.0,17595.0,14332.0,29.3,http://commons.wikimedia.org/wiki/Special:FilePath/Old%20Main%20Academic%20Center%20-%20Mississippi%20State%20University.jpg,http://commons.wikimedia.org/wiki/Special:FilePath/Mississippi%20State%20University%20logo.svg,Mississippi State University
185590,002617,Montclair State University,Montclair,NJ,07043-1624,40.860414,-74.198141,https://www.montclair.edu/,https://montclair.studentaidcalculator.com/survey.aspx,public,suburb,16,False,False,False,,87.9,considered_not_required,910.0,1210.0,480.0,620.0,430.0,590.0,1070.0,,,18376.0,18.0,77.9,64.7,61415.0,28305.0,15912.0,26022.0,15566.0,10880.0,47.0,http://commons.wikimedia.org/wiki/Special:FilePath/MSU%20Childrens%20Center%20jeh.jpg,,Montclair State University
413413,032673,Capella University,Minneapolis,MN,55402-3389,44.976286,-93.268796,https://www.capella.edu/,https://www.capella.edu/tuition-financial-aid/net-price-calculator/,private_for_profit,city,17,False,False,False,,,,,,,,,,,,,18364.0,41.0,41.7,20.0,42189.0,22820.0,14400.0,14400.0,17956.0,17485.0,38.5,,,Capella University
164988,002130,Boston University,Boston,MA,02215,42.351118,-71.107942,https://www.bu.edu/,https://www.bu.edu/finaid/aid-basics/cost-of-education/net-price-calculator/,private_nonprofit,city,15,False,False,False,,11.1,considered_not_required,1420.0,1530.0,690.0,750.0,730.0,780.0,1480.0,32.0,34.0,18248.0,10.0,94.7,88.7,83238.0,86285.0,68102.0,68102.0,24402.0,9500.0,19.1,http://commons.wikimedia.org/wiki/Special:FilePath/BU%20College%20of%20Communication.jpg,http://commons.wikimedia.org/wiki/Special:FilePath/Boston%20University%20wordmark.svg,Boston University
196097,002838,Stony Brook University,Stony Brook,NY,11794-0701,40.91476,-73.12046,https://www.stonybrook.edu/,https://www.stonybrook.edu/commcms/finaid/finaidbasics/net_price_calc.html,public,suburb,15,False,False,False,,49.0,considered_not_required,1330.0,1500.0,650.0,730.0,680.0,770.0,1419.0,29.0,33.0,18101.0,19.0,89.8,75.6,74502.0,30539.0,10931.0,32741.0,18784.0,12943.0,39.4,,http://commons.wikimedia.org/wiki/Special:FilePath/Stony%20Brook%20University%20logo.svg,Stony Brook University
110714,001321,University of California-Santa Cruz,Santa Cruz,CA,95064-1011,36.995584,-122.058801,https://www.ucsc.edu/,https://app.meadowfi.com/ucsc,public,city,15,False,False,False,,65.8,not_considered,,,,,,,,,,17940.0,22.0,87.9,75.1,68396.0,41179.0,16005.0,50205.0,17890.0,8717.0,31.6,http://commons.wikimedia.org/wiki/Special:FilePath/UCSC%20%26%20Santa%20Cruz%20Aerial%20view.jpg,http://commons.wikimedia.org/wiki/Special:FilePath/The%20University%20of%20California%201868%20UCSC.svg,"University of California, Santa Cruz"
227881,003606,Sam Houston State University,Huntsville,TX,77340,30.714738,-95.546205,https://www.shsu.edu/,https://www.shsu.edu/cost-aid/cost-calculator,public,town,16,False,False,False,,90.3,considered_not_required,930.0,1120.0,480.0,570.0,450.0,550.0,1041.0,17.0,24.0,17743.0,19.0,73.2,54.8,54211.0,25505.0,9228.0,19068.0,16404.0,12474.0,41.3,http://commons.wikimedia.org/wiki/Special:FilePath/Austin%20hall%20huntsville%20tx%202014.jpg,http://commons.wikimedia.org/wiki/Special:FilePath/Sam%20Houston%20State%20University%20logo.svg,Sam Houston State University
142115,001616,Boise State University,Boise,ID,83725,43.604284,-116.203301,https://www.boisestate.edu/,https://fs.boisestate.edu/financialaid/net+price+calculator.html,public,city,16,False,False,False,,87.2,not_considered,,,,,,,,,,17674.0,20.0,78.8,60.2,51658.0,28224.0,9048.0,27788.0,21610.0,18165.0,18.1,http://commons.wikimedia.org/wiki/Special:FilePath/Micron%20Engineering%20Center%20Boise%20State.JPG,http://commons.wikimedia.org/wiki/Special:FilePath/Boise%20State%20University%20logo.svg,Boise State University
234076,003745,University of Virginia-Main Campus,Charlottesville,VA,22903-2628,38.035665,-78.503428,https://www.virginia.edu/,https://npc.collegeboard.org/student/app/virginia,public,suburb,15,False,False,False,,16.8,considered_not_required,1410.0,1540.0,700.0,760.0,710.0,780.0,1480.0,32.0,35.0,17597.0,15.0,97.5,95.6,86863.0,39926.0,21803.0,59512.0,21565.0,8174.0,15.6,http://commons.wikimedia.org/wiki/Special:FilePath/University%20of%20Virginia%20Rotunda%202006.jpg,http://commons.wikimedia.org/wiki/Special:FilePath/University%20of%20Virginia%20Rotunda%20logo.svg,University of Virginia
232982,003728,Old Dominion University,Norfolk,VA,23529,36.886418,-76.30666,https://www.odu.edu/,https://www.odu.edu/finaidoffice/net-price-calculator,public,city,15,False,False,False,,90.4,considered_not_required,1100.0,1280.0,570.0,650.0,530.0,630.0,1197.0,24.0,29.0,17514.0,13.0,76.9,46.3,54914.0,29446.0,12750.0,33780.0,14638.0,9739.0,36.8,http://commons.wikimedia.org/wiki/Special:FilePath/ODU%201.jpg,http://commons.wikimedia.org/wiki/Special:FilePath/Old%20Dominion%20University%20Logo.png,Old Dominion University
238032,003827,West Virginia University,Morgantown,WV,26506,39.634371,-79.954391,https://www.wvu.edu/,https://financialaid.wvu.edu/net-price-calculator,public,city,15,False,False,False,,89.0,considered_not_required,1010.0,1220.0,520.0,620.0,490.0,600.0,1122.0,20.0,26.0,17385.0,19.0,83.4,64.7,55939.0,26415.0,10104.0,28608.0,15634.0,9450.0,21.6,http://commons.wikimedia.org/wiki/Special:FilePath/Woodburn%20Hall%20WVU%20%289300119056%29.jpg,http://commons.wikimedia.org/wiki/Special:FilePath/West%20Virginia%20University%20logo.svg,West Virginia University
167358,002199,Northeastern University,Boston,MA,02115-5005,42.339992,-71.088782,https://www.northeastern.edu/,https://studentfinance.northeastern.edu/financial-tools-and-calculators/,private_nonprofit,city,15,False,False,False,,5.2,considered_not_required,1440.0,1540.0,710.0,760.0,730.0,780.0,1497.0,33.0,35.0,17326.0,16.0,96.9,90.5,92538.0,84641.0,66162.0,66162.0,30915.0,2264.0,12.3,http://commons.wikimedia.org/wiki/Special:FilePath/Northeastern%20University.jpg,http://commons.wikimedia.org/wiki/Special:FilePath/Northeastern%20Wordmark.svg,Northeastern University
187985,002663,University of New Mexico-Main Campus,Albuquerque,NM,87131,35.083868,-106.620155,https://www.unm.edu/,https://npc.collegeboard.org/student/app/unm,public,city,15,False,False,False,,95.2,considered_not_required,890.0,1170.0,460.0,600.0,430.0,570.0,1038.0,19.0,26.0,17244.0,15.0,76.2,54.7,44792.0,21259.0,10140.0,33060.0,15489.0,11938.0,38.7,http://commons.wikimedia.org/wiki/Special:FilePath/Hodgin%20Hall%2C%20University%20of%20New%20Mexico.jpg,http://commons.wikimedia.org/wiki/Special:FilePath/University%20of%20New%20Mexico%20logo.svg,University of New Mexico
240453,003896,University of Wisconsin-Milwaukee,Milwaukee,WI,53211,43.076848,-87.880488,https://uwm.edu/,https://uwm.edu/onestop/finances/net-price-calculator/,public,city,15,False,False,False,,90.7,considered_not_required,,,,,,,1090.0,18.0,25.0,16758.0,17.0,73.0,49.3,54990.0,22756.0,10398.0,22398.0,15014.0,10329.0,32.8,http://commons.wikimedia.org/wiki/Special:FilePath/UWM-0904-downer-quad.jpg,http://commons.wikimedia.org/wiki/Special:FilePath/UW-Milwaukee.png,University of Wisconsin–Milwaukee
204024,003077,Miami University-Oxford,Oxford,OH,45056,39.507757,-84.732954,https://miamioh.edu/,https://miamioh.edu/onestop/paying-for-college/costs/net-price-calculators/index.html,public,town,16,False,False,False,,75.4,considered_not_required,1220.0,1390.0,610.0,690.0,610.0,700.0,1317.0,25.0,30.0,16656.0,16.0,90.1,79.8,55076.0,38757.0,18161.0,41221.0,28384.0,16015.0,12.6,http://commons.wikimedia.org/wiki/Special:FilePath/Farmer%20School%20of%20Business.jpg,http://commons.wikimedia.org/wiki/Special:FilePath/Miami%20University%20logo%202021.svg,Miami University
220978,003510,Middle Tennessee State University,Murfreesboro,TN,37132,35.848005,-86.360618,https://www.mtsu.edu/,https://www.mtsu.edu/financialaid/npcalc/npcalc.htm,public,city,16,False,False,False,,69.1,required,1010.0,1230.0,520.0,630.0,490.0,600.0,1121.0,20.0,26.0,16301.0,17.0,79.5,53.7,48541.0,24289.0,10266.0,31574.0,13359.0,9289.0,31.8,http://commons.wikimedia.org/wiki/Special:FilePath/MTSU%20Business%20and%20Aerospace%20Building.JPG,http://commons.wikimedia.org/wiki/Special:FilePath/MTSU%20Wordmark.svg,Q1784748
190594,002689,CUNY Hunter College,New York,NY,10065,40.768669,-73.964795,https://www.hunter.cuny.edu/,https://npc.cuny.edu/npc/public/fin_aid/financial_aid_estimator/FinAidEstimator.jsp,public,city,18,False,False,False,,53.8,considered_not_required,1100.0,1420.0,550.0,700.0,550.0,720.0,1280.0,,,16289.0,14.0,77.6,56.9,63163.0,13905.0,7382.0,15332.0,2984.0,1029.0,55.9,http://commons.wikimedia.org/wiki/Special:FilePath/Hunter%20College%20West%2C%20NYC.jpg,http://commons.wikimedia.org/wiki/Special:FilePath/HUNTER-LOGO.jpg,Hunter College
190512,007273,CUNY Bernard M Baruch College,New York,NY,10010,40.740238,-73.983417,https://www.baruch.cuny.edu/,https://npc.cuny.edu/npc/public/fin_aid/financial_aid_estimator/FinAidEstimator.jsp,public,city,18,False,False,False,,47.5,considered_not_required,1100.0,1400.0,550.0,690.0,550.0,710.0,1280.0,,,16154.0,19.0,88.6,72.1,75971.0,14170.0,7464.0,15414.0,3033.0,607.0,56.9,,http://commons.wikimedia.org/wiki/Special:FilePath/Baruch%20College%20stacked.svg,Baruch College
482680,001585,University of North Georgia,Dahlonega,GA,30597,34.530219,-83.985694,https://www.ung.edu/,https://ung.edu/financial-aid/net-calculator.php,public,town,18,False,False,False,,67.9,considered_not_required,980.0,1210.0,500.0,620.0,480.0,590.0,1106.0,19.0,25.0,16146.0,19.0,73.5,37.3,50135.0,18177.0,5285.0,16503.0,9823.0,6981.0,28.1,http://commons.wikimedia.org/wiki/Special:FilePath/University%20of%20North%20Georgia%20Cumming%20Library.jpg,http://commons.wikimedia.org/wiki/Special:FilePath/University%20of%20North%20Georgia%20logo.png,University of North Georgia
164076,002099,Towson University,Towson,MD,21252-0001,39.393622,-76.611164,https://www.towson.edu/,https://www.towson.edu/admissions/tuition/calculator.html,public,city,18,False,False,False,,82.0,considered_not_required,950.0,1235.0,490.0,635.0,460.0,600.0,1095.0,19.0,27.0,16136.0,14.0,82.8,69.5,64390.0,28535.0,11728.0,29820.0,17413.0,6962.0,35.8,http://commons.wikimedia.org/wiki/Special:FilePath/Towson%20University%20Sun%20on%20Stephen%27s%20Hall%20%2816668411069%29.jpg,http://commons.wikimedia.org/wiki/Special:FilePath/Towson%20University%20logo%20horiz%202019.png,Towson University
190415,002711,Cornell University,Ithaca,NY,14853,42.4472,-76.483084,https://www.cornell.edu/,https://npc.collegeboard.org/app/cornell,private_nonprofit,city,15,False,False,False,,8.8,considered_not_required,1500.0,1570.0,730.0,770.0,770.0,800.0,1535.0,33.0,35.0,15995.0,9.0,98.4,95.4,104043.0,88140.0,69314.0,69314.0,28690.0,1776.0,18.4,http://commons.wikimedia.org/wiki/Special:FilePath/Cornell%20University%2C%20Ho%20Plaza%20and%20Sage%20Hall.jpg,http://commons.wikimedia.org/wiki/Special:FilePath/Cornell%20University%20Sign%2020240525.jpg,Cornell University
184782,002609,Rowan University,Glassboro,NJ,08028,39.709108,-75.119119,https://www.rowan.edu/,https://rowan.studentaidcalculator.com/survey.aspx,public,suburb,16,False,False,False,,77.7,considered_not_required,1110.0,1310.0,560.0,660.0,550.0,650.0,1212.0,23.0,29.0,15841.0,17.0,82.3,67.4,59988.0,35842.0,16574.0,26932.0,22408.0,15305.0,33.1,http://commons.wikimedia.org/wiki/Special:FilePath/Bunce%20Hall8%20small.JPG,http://commons.wikimedia.org/wiki/Special:FilePath/Rowan%20univ%20textlogo.png,Rowan University
182290,002568,University of Nevada-Reno,Reno,NV,89557,39.543642,-119.815377,https://www.unr.edu/,https://www.unr.edu/Prebuilt/financial-aid/net-price-calculator/index.html,public,city,15,False,False,False,,73.7,considered_not_required,1060.0,1290.0,540.0,650.0,520.0,640.0,1132.0,19.0,26.0,15599.0,17.0,79.7,61.2,60614.0,25786.0,9578.0,27720.0,15927.0,12674.0,22.9,http://commons.wikimedia.org/wiki/Special:FilePath/University%20of%20Nevada%20Reno%202009.jpg,http://commons.wikimedia.org/wiki/Special:FilePath/University%20of%20Nevada%2C%20Reno%20logo.svg,"University of Nevada, Reno"
172644,002329,Wayne State University,Detroit,MI,48202,42.358994,-83.068998,https://wayne.edu/,https://irda.wayne.edu/net-price-calculator/index.html,public,city,15,False,False,False,,81.2,considered_not_required,1060.0,1270.0,540.0,640.0,520.0,630.0,1156.0,23.0,29.0,15587.0,14.0,82.7,58.4,53493.0,27350.0,15190.0,32037.0,12766.0,11090.0,45.7,http://commons.wikimedia.org/wiki/Special:FilePath/Old%20Main%20WSU%20-%20Detroit%20Michigan.jpg,http://commons.wikimedia.org/wiki/Special:FilePath/Wayne%20State%20University%20logo.svg,Wayne State University
196413,002882,Syracuse University,Syracuse,NY,13244,43.036644,-76.133989,https://www.syracuse.edu/,https://www.syracuse.edu/admissions-aid/tuition-fees/undergraduate-costs/net-price-calculator/,private_nonprofit,city,15,False,False,False,,45.9,considered_not_required,1270.0,1440.0,640.0,720.0,630.0,720.0,1375.0,29.0,32.0,15477.0,15.0,90.1,83.6,79164.0,84517.0,65528.0,65528.0,38793.0,15817.0,17.1,http://commons.wikimedia.org/wiki/Special:FilePath/Syracuse%20University%20-2%2C%20Syracuse%2C%20N.Y%20LCCN2007661167.tif,http://commons.wikimedia.org/wiki/Special:FilePath/Syracuse%20University%20wordmark.svg,Syracuse University
140951,021415,Savannah College of Art and Design,Savannah,GA,31402-3146,32.072964,-81.09395,https://www.scad.edu/,https://www.scad.edu/admission/financial-aid-and-scholarships/financial-aid/budget-planning-guide/net-price-calculator,private_nonprofit,city,18,False,False,False,,83.0,considered_not_required,1030.0,1270.0,540.0,660.0,490.0,610.0,1173.0,21.0,28.0,15243.0,21.0,86.3,69.4,45954.0,63627.0,41630.0,41630.0,49430.0,44858.0,18.8,http://commons.wikimedia.org/wiki/Special:FilePath/SCAD%20Anderson%20Hall.jpg,,Savannah College of Art and Design
155399,001928,Kansas State University,Manhattan,KS,66506,39.188648,-96.581077,https://www.k-state.edu/,https://www.k-state.edu/sfa/cost/net-price-calculator/,public,city,15,False,False,False,,81.7,considered_not_required,1060.0,1260.0,550.0,640.0,510.0,620.0,1151.0,20.0,27.0,15142.0,19.0,85.6,71.1,57262.0,27402.0,11221.0,28568.0,19406.0,13178.0,20.7,http://commons.wikimedia.org/wiki/Special:FilePath/KSU%20Campus.jpg,http://commons.wikimedia.org/wiki/Special:FilePath/Kansas%20State%20University%20wordmark.svg,Kansas State University
141574,001610,University of Hawaii at Manoa,Honolulu,HI,96822-2217,21.298598,-157.818979,https://manoa.hawaii.edu/,https://manoa.hawaii.edu/fas/basics/npcalc.htm,public,city,15,False,False,False,,86.6,considered_not_required,1081.0,1293.0,548.0,653.0,533.0,640.0,1102.0,17.0,25.0,15029.0,15.0,80.7,64.3,57624.0,26433.0,12186.0,34218.0,15664.0,10675.0,26.2,http://commons.wikimedia.org/wiki/Special:FilePath/Hawai%27i%20Hall.jpg,http://commons.wikimedia.org/wiki/Special:FilePath/University%20of%20Hawaii%20at%20Manoa%20logo.png,University of Hawaiʻi at Mānoa
110510,001142,California State University-San Bernardino,San Bernardino,CA,92407-2393,34.182622,-117.323801,https://www.csusb.edu/,https://www2.calstate.edu/attend/paying-for-college/Pages/csu-costs.aspx,public,city,16,False,False,False,,93.7,not_considered,,,,,,,,,,15023.0,22.0,79.6,54.9,59977.0,17427.0,8093.0,20693.0,4564.0,2681.0,57.6,http://commons.wikimedia.org/wiki/Special:FilePath/University%20Ave%20Entrance%2C%20CSUSB.JPG,,"California State University, San Bernardino"
127565,001360,Metropolitan State University of Denver,Denver,CO,80204,39.744202,-105.00504,https://www.msudenver.edu/,https://www.msudenver.edu/cost/,public,city,18,False,False,False,,98.8,considered_not_required,880.0,1130.0,450.0,570.0,430.0,560.0,1019.0,17.0,26.0,15002.0,14.0,62.9,31.5,52093.0,24622.0,11124.0,30684.0,15327.0,12481.0,35.5,http://commons.wikimedia.org/wiki/Special:FilePath/Metro%20state.jpg,http://commons.wikimedia.org/wiki/Special:FilePath/Msu%20denver%20text%20logo.png,Metropolitan State University of Denver
199218,002984,University of North Carolina Wilmington,Wilmington,NC,28403-5963,34.225223,-77.875527,https://www.uncw.edu/,https://www.uncw.edu/seahawk-life/money-matters/financial-aid/affording-your-education/net-price-calculator,public,city,16,False,False,False,,64.2,considered_not_required,1230.0,1340.0,620.0,680.0,610.0,660.0,1287.0,24.0,29.0,14922.0,17.0,88.2,70.6,54967.0,26547.0,7277.0,24152.0,20109.0,10778.0,23.9,http://commons.wikimedia.org/wiki/Special:FilePath/University%20of%20North%20Carolina%20Wilmington%20Arches.jpg,http://commons.wikimedia.org/wiki/Special:FilePath/Uncwlogo.svg,University of North Carolina Wilmington
366711,030113,California State University-San Marcos,San Marcos,CA,92096-0001,33.130569,-117.159013,https://www.csusm.edu/,https://www.calstate.edu/attend/paying-for-college/Pages/csu-costs.aspx,public,suburb,18,False,False,False,,95.1,not_considered,,,,,,,,,,14877.0,24.0,78.6,54.6,62908.0,21649.0,8082.0,20682.0,10229.0,6230.0,42.6,http://commons.wikimedia.org/wiki/Special:FilePath/Cal%20State%20San%20Marcos%20library.jpg,http://commons.wikimedia.org/wiki/Special:FilePath/Csu%20san%20marcos%20logo.svg,California State University San Marcos
223232,003545,Baylor University,Waco,TX,76798,31.546872,-97.121041,https://www.baylor.edu/,https://www.baylor.edu/sfs/netpricecalculator/npcalc.htm,private_nonprofit,city,15,False,False,False,54.0,51.3,considered_not_required,1200.0,1400.0,610.0,700.0,590.0,700.0,1329.0,27.0,32.0,14785.0,15.0,91.0,80.0,65793.0,74226.0,58100.0,58100.0,41104.0,22024.0,12.4,,http://commons.wikimedia.org/wiki/Special:FilePath/Baylor%20Seal.png,Baylor University
157289,001999,University of Louisville,Louisville,KY,40292-0001,38.216862,-85.760412,https://www.louisville.edu/,https://louisville.edu/financialaid/estimate-my-costs-calculators,public,city,15,False,False,False,,79.4,considered_not_required,1040.0,1270.0,530.0,640.0,510.0,630.0,1150.0,19.0,27.0,14727.0,14.0,81.5,61.2,53899.0,32941.0,13136.0,29482.0,17988.0,15138.0,30.6,http://commons.wikimedia.org/wiki/Special:FilePath/ULJusticeCen.jpg,http://commons.wikimedia.org/wiki/Special:FilePath/University%20of%20Louisville%20Logo.png,University of Louisville
196079,002836,Binghamton University,Vestal,NY,13850-6000,42.087868,-75.966889,https://www.binghamton.edu/,https://www.suny.edu/howmuch/netpricecalculator.xhtml?id=2&embed=n&headerUrl=www.binghamton.edu/npc/logo.png&cssUrl=www.binghamton.edu/np,public,suburb,15,False,False,False,,38.6,considered_not_required,1340.0,1500.0,670.0,740.0,670.0,760.0,1415.0,30.0,32.0,14655.0,18.0,89.4,81.6,80596.0,30345.0,10567.0,30447.0,21620.0,12171.0,28.1,http://commons.wikimedia.org/wiki/Special:FilePath/Binghamton%20university%20campus%20alley.jpg,http://commons.wikimedia.org/wiki/Special:FilePath/Binghamton%20University%20logo.svg,Binghamton University
180461,002532,Montana State University,Bozeman,MT,59717,45.666726,-111.048812,https://www.montana.edu/,https://www.montana.edu/admissions/tuitioncalc/,public,city,15,False,False,False,,82.1,considered_not_required,1065.0,1285.0,540.0,645.0,525.0,640.0,1183.0,21.0,27.0,14451.0,18.0,78.5,57.1,53263.0,25905.0,8460.0,33287.0,22499.0,17797.0,16.4,http://commons.wikimedia.org/wiki/Special:FilePath/Looking%20NE%20Engineering%20and%20Physical%20Sciences%20Building%20-%20Montana%20State%20University%20-%202013-07-09.jpg,http://commons.wikimedia.org/wiki/Special:FilePath/Montana%20State%20University%20Logo.svg,Montana State University
216764,003328,West Chester University of Pennsylvania,West Chester,PA,19383,39.953398,-75.59812,https://www.wcupa.edu/,https://www.wcupa.edu/financialaid/net-price-calculator.aspx,public,suburb,16,False,False,False,,78.4,considered_not_required,1100.0,1270.0,560.0,650.0,540.0,620.0,1187.0,24.0,28.0,14164.0,20.0,83.1,70.5,61258.0,28394.0,10775.0,22599.0,23331.0,17018.0,25.4,http://commons.wikimedia.org/wiki/Special:FilePath/Philips%20Hall%20WCU%201.JPG,http://commons.wikimedia.org/wiki/Special:FilePath/West%20Chester%20University%20logo.png,West Chester University of Pennsylvania
144740,001671,DePaul University,Chicago,IL,60604,41.877618,-87.62724,https://www.depaul.edu/,https://collegepricecalculator.com/DepaulUniversity,private_nonprofit,city,16,False,False,False,30.0,75.9,considered_not_required,1140.0,1330.0,580.0,670.0,560.0,660.0,1262.0,25.0,31.0,14090.0,17.0,85.5,67.8,68751.0,63052.0,45999.0,45999.0,30902.0,27359.0,31.8,http://commons.wikimedia.org/wiki/Special:FilePath/StudentCenterDePaul.jpg,,DePaul University
199148,002976,University of North Carolina at Greensboro,Greensboro,NC,27402-6170,36.068236,-79.809414,https://www.uncg.edu/,https://spartancentral.uncg.edu/financial-aid/financial-aid-basics/net-price-calculator/,public,city,16,False,False,False,,88.5,considered_not_required,1150.0,1355.0,590.0,685.0,560.0,670.0,1193.0,22.0,27.0,14062.0,18.0,78.9,56.3,48160.0,21373.0,7661.0,24012.0,10965.0,7305.0,50.2,http://commons.wikimedia.org/wiki/Special:FilePath/UNCG%20School%20of%20Music%2C%20Theatre%20and%20Dance.jpg,,University of North Carolina at Greensboro
454227,006385,Chamberlain University-Illinois,Addison,IL,60101,41.949727,-88.038558,https://www.chamberlain.edu/,https://www.chamberlain.edu/admissions/financial-aid-scholarships/calculator,private_for_profit,suburb,26,False,False,False,,82.6,considered_not_required,,,,,,,,,,14027.0,23.0,72.7,41.7,92405.0,40826.0,21536.0,21536.0,31837.0,30013.0,33.3,,,Chamberlain University-Illinois
150136,001786,Ball State University,Muncie,IN,47306,40.203431,-85.409043,https://www.bsu.edu/,https://bsu.studentaidcalculator.com/survey.aspx,public,city,16,False,False,False,,85.5,considered_not_required,1080.0,1260.0,550.0,640.0,530.0,620.0,1160.0,20.0,24.0,13988.0,14.0,77.7,62.3,51833.0,26146.0,11082.0,29630.0,14940.0,7834.0,34.7,http://commons.wikimedia.org/wiki/Special:FilePath/BSUBallGym.JPG,,Ball State University
433660,032553,Florida Gulf Coast University,Fort Myers,FL,33965-6565,26.463638,-81.7726,https://www.fgcu.edu/,https://www.fgcu.edu/admissionsandaid/financialaid/netpricecalculator/npcalc.htm,public,suburb,17,False,False,False,,63.4,required,1040.0,1200.0,530.0,610.0,510.0,590.0,1114.0,20.0,25.0,13874.0,20.0,83.2,57.4,54560.0,20807.0,6118.0,25162.0,12568.0,8220.0,27.9,http://commons.wikimedia.org/wiki/Special:FilePath/Main%20Campus%20%288405658966%29.jpg,http://commons.wikimedia.org/wiki/Special:FilePath/Fgcu%20simple%20logo.png,Florida Gulf Coast University
151111,001813,Indiana University-Indianapolis,Indianapolis,IN,46202-5143,39.772948,-86.172217,https://indianapolis.iu.edu/,https://indianapolis.iu.edu/cost-aid/cost-of-attendance/net-price-calculator.html,public,city,16,False,False,False,,76.4,considered_not_required,1030.0,1240.0,520.0,630.0,510.0,610.0,1139.0,21.0,29.0,13830.0,13.0,72.2,54.4,55198.0,23316.0,10762.0,34891.0,11668.0,5701.0,37.3,http://commons.wikimedia.org/wiki/Special:FilePath/IUPUI%20Gateway.jpg,http://commons.wikimedia.org/wiki/Special:FilePath/IUPUI%20wordmark.svg,Indiana University – Purdue University Indianapolis
110538,001146,California State University-Chico,Chico,CA,95929-0150,39.729712,-121.844859,https://www.csuchico.edu/,https://www2.calstate.edu/attend/paying-for-college/pages/csu-costs.aspx,public,city,18,False,False,False,,92.7,not_considered,,,,,,,,,,13631.0,23.0,81.6,62.8,64172.0,26283.0,8472.0,21072.0,14480.0,9902.0,42.5,http://commons.wikimedia.org/wiki/Special:FilePath/California%20State%20University%2C%20Chico%20-%20panoramio%20%286%29.jpg,http://commons.wikimedia.org/wiki/Special:FilePath/CSU%2C%20Chico%20logo.svg,"California State University, Chico"
130183,001401,Post University,Waterbury,CT,06723,41.535549,-73.081497,https://www.post.edu/,https://www.post.edu/financial-aid/net-price-calculator,private_for_profit,city,18,False,False,False,,,,,,,,,,,,,13603.0,20.0,33.4,24.9,38696.0,28897.0,16327.0,16327.0,21634.0,22103.0,78.4,http://commons.wikimedia.org/wiki/Special:FilePath/Torrance%20Hall.jpg,,Post University
190655,002696,CUNY New York City College of Technology,Brooklyn,NY,11201,40.695483,-73.987856,https://www.citytech.cuny.edu/,https://npc.cuny.edu/npc/public/fin_aid/financial_aid_estimator/FinAidEstimator.jsp,public,city,22,False,False,False,,80.3,considered_not_required,900.0,1140.0,460.0,570.0,440.0,570.0,1010.0,,,13580.0,16.0,64.9,21.5,49365.0,14110.0,7332.0,15282.0,5127.0,3810.0,55.1,http://commons.wikimedia.org/wiki/Special:FilePath/City%20Tech%20-%20Wordmark%20%2848228105797%29.jpg,,New York City College of Technology
237011,003802,Western Washington University,Bellingham,WA,98225-9008,48.737812,-122.485734,https://wwu.edu/,https://tcc.ruffalonl.com/Western Washington University/Freshman-Students,public,city,18,False,False,False,,93.2,considered_not_required,1150.0,1390.0,590.0,710.0,560.0,680.0,1289.0,24.0,31.0,13544.0,18.0,79.4,64.6,62569.0,30359.0,9582.0,28707.0,21193.0,12915.0,20.9,,http://commons.wikimedia.org/wiki/Special:FilePath/West%20washington%20univ%20logo.svg,Western Washington University
217484,003414,University of Rhode Island,Kingston,RI,02881,41.484691,-71.527356,https://web.uri.edu/,https://web.uri.edu/ir/netprice-2/,public,suburb,16,False,False,False,,72.2,considered_not_required,1020.0,1280.0,520.0,650.0,500.0,630.0,1160.0,,,13381.0,17.0,83.6,73.3,69743.0,34321.0,16942.0,37146.0,21440.0,14368.0,21.8,http://commons.wikimedia.org/wiki/Special:FilePath/URIQuad.jpg,http://commons.wikimedia.org/wiki/Special:FilePath/University%20of%20Rhode%20Island%20logo.svg,University of Rhode Island
136172,009841,University of North Florida,Jacksonville,FL,32224-7699,30.27194,-81.509144,https://www.unf.edu/,https://www.unf.edu/financialaid/calculator.html,public,city,16,False,False,False,,53.2,required,1070.0,1270.0,550.0,650.0,520.0,620.0,1153.0,19.0,25.0,13359.0,19.0,84.7,69.2,56343.0,20983.0,6389.0,20793.0,10154.0,6647.0,30.8,http://commons.wikimedia.org/wiki/Special:FilePath/UNF%20Student%20Union%20pic.jpg,http://commons.wikimedia.org/wiki/Special:FilePath/UNF%20Osprey%20Statue.JPG,University of North Florida
179566,002503,Missouri State University-Springfield,Springfield,MO,65897-0002,37.199258,-93.281281,https://www.missouristate.edu/,https://missouristate.studentaidcalculator.com/welcome.aspx,public,city,17,False,False,False,,90.5,considered_not_required,1020.0,1270.0,510.0,640.0,510.0,630.0,1122.0,19.0,26.0,13313.0,21.0,77.2,57.9,49827.0,25048.0,9502.0,18770.0,17613.0,13718.0,22.0,,,Missouri State University
212054,003256,Drexel University,Philadelphia,PA,19104,39.955217,-75.190051,https://drexel.edu/,https://drexel.edu/drexelcentral/finaid/prospective-students/net-price-calculator/,private_nonprofit,city,15,False,False,False,,79.4,considered_not_required,1240.0,1440.0,620.0,700.0,620.0,740.0,1345.0,27.0,32.0,13233.0,9.0,89.5,78.2,84648.0,76835.0,62412.0,62412.0,38509.0,28055.0,26.8,http://commons.wikimedia.org/wiki/Special:FilePath/Drexel%20Main%20Building%20c.1892.jpg,http://commons.wikimedia.org/wiki/Special:FilePath/Drexel-logo.png,Drexel University
195003,002806,Rochester Institute of Technology,Rochester,NY,14623-5603,43.084188,-77.67386,https://www.rit.edu/,https://npc.collegeboard.org/app/rit,private_nonprofit,suburb,16,False,False,False,,66.9,considered_not_required,1300.0,1460.0,650.0,720.0,650.0,740.0,1383.0,29.0,33.0,13215.0,13.0,88.8,69.9,76571.0,74626.0,59274.0,59274.0,34906.0,24680.0,27.2,,http://commons.wikimedia.org/wiki/Special:FilePath/RIT%202018%20logo%20short%20orange.svg,Rochester Institute of Technology
209807,003216,Portland State University,Portland,OR,97201,45.511601,-122.686289,https://www.pdx.edu/,https://www.pdx.edu/finaid/net-price-calculator,public,city,16,False,False,False,,90.9,considered_not_required,,,,,,,,,,13182.0,17.0,76.1,52.7,57906.0,21590.0,11679.0,31074.0,9552.0,7655.0,41.6,http://commons.wikimedia.org/wiki/Special:FilePath/Lincoln%20Hall-1.jpg,,Portland State University
135726,001536,University of Miami,Coral Gables,FL,33146,25.72126,-80.278662,https://www.miami.edu/,https://npc.collegeboard.org/app/miami,private_nonprofit,suburb,15,False,False,False,,18.9,considered_not_required,1320.0,1480.0,660.0,730.0,660.0,750.0,1415.0,30.0,33.0,12913.0,11.0,93.8,83.7,75328.0,86078.0,62616.0,62616.0,37244.0,15978.0,14.9,http://commons.wikimedia.org/wiki/Special:FilePath/University%20of%20Miami%20Otto%20G.%20Richter%20Library.jpg,http://commons.wikimedia.org/wiki/Special:FilePath/University%20of%20Miami%20logo.svg,University of Miami
201441,003018,Bowling Green State University-Main Campus,Bowling Green,OH,43403,41.375513,-83.640896,https://www.bgsu.edu/,https://www.bgsu.edu/bursar/calculate-your-cost-of-attendance.html,public,town,16,False,False,False,,81.0,considered_not_required,1000.0,1210.0,500.0,610.0,500.0,600.0,1117.0,19.0,26.0,12812.0,17.0,81.6,63.7,47896.0,33007.0,14460.0,22448.0,24022.0,18396.0,23.1,http://commons.wikimedia.org/wiki/Special:FilePath/Jerome%20Library.jpg,http://commons.wikimedia.org/wiki/Special:FilePath/Bowling%20Green%20State%20University%20wordmark.svg,Bowling Green State University
220862,003509,University of Memphis,Memphis,TN,38152,35.118878,-89.938068,https://www.memphis.edu/,https://www.memphis.edu/financialaid/net_price_calculator,public,city,15,False,False,False,,72.0,required,915.0,1180.0,480.0,600.0,435.0,580.0,1088.0,18.0,24.0,12701.0,16.0,77.4,50.9,48458.0,25169.0,10728.0,15384.0,12397.0,10607.0,41.2,http://commons.wikimedia.org/wiki/Special:FilePath/Student%20Activities%20Plaza%2C%20University%20of%20Memphis.jpg,http://commons.wikimedia.org/wiki/Special:FilePath/University%20of%20Memphis%20wordmark.svg,University of Memphis
228529,003631,Tarleton State University,Stephenville,TX,76401-0000,32.217805,-98.219039,https://www.tarleton.edu/,https://www.shoppingsheet.com/Shopping/Landing/tarleton,public,town,16,False,False,False,,89.5,considered_not_required,980.0,1160.0,500.0,590.0,480.0,570.0,1075.0,19.0,24.0,12673.0,20.0,69.8,48.2,53040.0,24100.0,8302.0,18142.0,20783.0,15574.0,34.4,,,Tarleton State University
172699,002330,Western Michigan University,Kalamazoo,MI,49008-5200,42.282194,-85.613759,https://wmich.edu/,https://wmich.edu/registrar/calculator,public,city,16,False,False,False,,84.6,not_considered,,,,,,,,,,12568.0,16.0,81.1,57.6,53562.0,29237.0,15252.0,19034.0,15273.0,5263.0,26.8,http://commons.wikimedia.org/wiki/Special:FilePath/WMUCampus2.jpg,http://commons.wikimedia.org/wiki/Special:FilePath/Western%20Michigan%20University%20wordmark.svg,Western Michigan University
196060,002835,University at Albany,Albany,NY,12222,42.685489,-73.824662,https://www.albany.edu/,https://www.albany.edu/cost-aid/tuition-fees/cost-attendance,public,city,15,False,False,False,,69.1,considered_not_required,,,,,,,,,,12564.0,16.0,83.4,61.5,67979.0,28802.0,10866.0,31256.0,17167.0,11112.0,43.7,http://commons.wikimedia.org/wiki/Special:FilePath/University%20Hall%20UAlbany.jpg,http://commons.wikimedia.org/wiki/Special:FilePath/Albany%20Great%20Danes%20logo.svg,State University of New York at Albany
225432,003612,University of Houston-Downtown,Houston,TX,77002-1014,29.7661,-95.359338,https://www.uhd.edu/,https://www.uhd.edu/financial/cost/financial-cost-calculator.aspx,public,city,18,False,False,False,,90.0,considered_not_required,940.0,1110.0,480.0,560.0,460.0,550.0,1029.0,16.0,22.0,12555.0,18.0,67.1,33.2,53551.0,20749.0,7708.0,17548.0,10542.0,9439.0,55.2,http://commons.wikimedia.org/wiki/Special:FilePath/Merchants%20and%20Manufacturers%20Building%20%28bayou%20view%29%20Houston.jpg,http://commons.wikimedia.org/wiki/Special:FilePath/University%20of%20Houston-Downtown%20wordmark.svg,University of Houston–Downtown
190664,002690,CUNY Queens College,Queens,NY,11367,40.736416,-73.820053,https://www.qc.cuny.edu/,https://npc.cuny.edu/npc/public/fin_aid/financial_aid_estimator/FinAidEstimator.jsp,public,city,18,False,False,False,,64.3,considered_not_required,1010.0,1290.0,500.0,650.0,510.0,640.0,1120.0,,,12550.0,13.0,78.7,53.2,62763.0,14367.0,7538.0,15488.0,4195.0,1541.0,47.2,http://commons.wikimedia.org/wiki/Special:FilePath/Frese%20Hall.JPG,http://commons.wikimedia.org/wiki/Special:FilePath/Queens%20college%20logo.png,Queens College
110547,001141,California State University-Dominguez Hills,Carson,CA,90747-0005,33.864766,-118.255917,https://www.csudh.edu/,https://www.calstate.edu/attend/paying-for-college/Pages/csu-costs.aspx,public,city,18,False,False,False,,93.3,not_considered,,,,,,,,,,12538.0,21.0,73.7,42.8,57162.0,23191.0,7449.0,20049.0,8615.0,7303.0,63.3,http://commons.wikimedia.org/wiki/Special:FilePath/New-sci-innov-bldg.jpg,http://commons.wikimedia.org/wiki/Special:FilePath/Csu%20dh%20logo.png,"California State University, Dominguez Hills"
190567,002688,CUNY City College,New York,NY,10031,40.819846,-73.948542,https://www.ccny.cuny.edu/,https://npc.cuny.edu/npc/public/fin_aid/financial_aid_estimator/FinAidEstimator.jsp,public,city,16,False,False,False,,60.0,considered_not_required,1070.0,1430.0,540.0,700.0,530.0,730.0,1260.0,,,12505.0,15.0,79.3,56.8,66039.0,14403.0,7340.0,15290.0,3776.0,1251.0,60.5,http://commons.wikimedia.org/wiki/Special:FilePath/Annual%20Review%20of%20Neuroscience%20volumes%20at%20City%20College%20of%20New%20York.jpg,http://commons.wikimedia.org/wiki/Special:FilePath/CCNY%20logo%20flush%20left.svg,City College of New York
160658,002031,University of Louisiana at Lafayette,Lafayette,LA,70503,30.212191,-92.020165,https://www.louisiana.edu/,https://louisiana.edu/admissions-aid/costs-financial-aid,public,city,15,False,False,False,,87.0,considered_not_required,1120.0,1240.0,570.0,630.0,550.0,610.0,1219.0,23.0,28.0,12428.0,18.0,74.3,52.6,47089.0,24884.0,10418.0,24146.0,13530.0,11157.0,41.5,http://commons.wikimedia.org/wiki/Special:FilePath/Stephens%20Hall%20at%20UL%20Lafayette%202022.jpg,,University of Louisiana at Lafayette
171571,002307,Oakland University,Rochester Hills,MI,48309-4401,42.674573,-83.216418,https://www.oakland.edu/,https://www.oakland.edu/npc,public,suburb,16,False,False,False,,87.8,considered_not_required,1030.0,1230.0,540.0,640.0,490.0,590.0,1120.0,,,12351.0,17.0,77.9,57.6,58612.0,25182.0,15262.0,23188.0,9120.0,4422.0,32.0,http://commons.wikimedia.org/wiki/Special:FilePath/Meadowbrook%202015.jpg,http://commons.wikimedia.org/wiki/Special:FilePath/Oakland%20University%20logo.png,Oakland University
156620,001963,Eastern Kentucky University,Richmond,KY,40475-3102,37.740845,-84.300796,https://www.eku.edu/,https://application.eku.edu/register/sai_npc,public,town,17,False,False,False,,77.6,considered_not_required,880.0,1080.0,440.0,530.0,440.0,550.0,1149.0,19.0,25.0,12318.0,17.0,76.9,50.0,45795.0,23735.0,10320.0,21230.0,11040.0,8591.0,41.1,http://commons.wikimedia.org/wiki/Special:FilePath/Roark%20Building.jpg,http://commons.wikimedia.org/wiki/Special:FilePath/Eastern%20Kentucky%20University%20wordmark.svg,Eastern Kentucky University
199102,002905,North Carolina A & T State University,Greensboro,NC,27411,36.07282,-79.773375,https://www.ncat.edu/,https://www.ncat.edu/admissions/financial-aid/netprice-calculator/index.php,public,city,16,True,False,False,,49.9,considered_not_required,1020.0,1190.0,510.0,600.0,510.0,590.0,1074.0,17.0,23.0,12182.0,20.0,77.5,57.2,44440.0,20427.0,6813.0,20673.0,10846.0,8223.0,52.3,,http://commons.wikimedia.org/wiki/Special:FilePath/North%20Carolina%20A%26T%20State%20University%20wordmark.svg,North Carolina Agricultural and Technical State University
450933,041215,Columbia Southern University,Orange Beach,AL,36561-9000,30.329288,-87.653162,https://www.columbiasouthern.edu/,https://www.columbiasouthern.edu/tuition-financing,private_for_profit,town,18,False,False,False,,,,,,,,,,,,,12176.0,37.0,71.0,33.3,63534.0,18226.0,6760.0,6760.0,14580.0,12913.0,24.2,http://commons.wikimedia.org/wiki/Special:FilePath/Columbia%20Southern%20University.png,,Columbia Southern University
157951,002002,Western Kentucky University,Bowling Green,KY,42101-1000,36.985035,-86.456828,https://www.wku.edu/,https://tcc.ruffalonl.com/Western Kentucky University/Freshman-Students,public,city,17,False,False,False,,93.9,considered_not_required,840.0,1050.0,420.0,530.0,420.0,520.0,971.0,16.0,21.0,12155.0,19.0,78.3,55.6,43889.0,24188.0,11652.0,27000.0,10990.0,7087.0,30.5,http://commons.wikimedia.org/wiki/Special:FilePath/WKU%20Center%20Campas.jpg,http://commons.wikimedia.org/wiki/Special:FilePath/WKU%20wordmark%20logo.svg,Western Kentucky University
188030,002657,New Mexico State University-Main Campus,Las Cruces,NM,88003-8001,32.281568,-106.752069,https://www.nmsu.edu/,https://fa.nmsu.edu/npc/index.html,public,suburb,16,False,False,False,,89.0,considered_not_required,870.0,1110.0,450.0,570.0,420.0,540.0,1011.0,17.0,24.0,11946.0,16.0,73.4,55.2,39067.0,23274.0,8183.0,25307.0,8889.0,6648.0,38.5,http://commons.wikimedia.org/wiki/Special:FilePath/NMSU%20BransonLibrary.jpg,http://commons.wikimedia.org/wiki/Special:FilePath/New%20Mexico%20State%20University%20logo.svg,New Mexico State University
231174,003696,University of Vermont,Burlington,VT,05405-0160,44.477325,-73.196646,https://www.uvm.edu/,https://www.uvm.edu/studentfinancialservices/net_price_calculator,public,city,16,False,False,False,,65.3,considered_not_required,1290.0,1440.0,660.0,730.0,630.0,710.0,1374.0,30.0,32.0,11743.0,17.0,89.2,78.6,62472.0,35649.0,19058.0,45502.0,19343.0,11127.0,13.2,http://commons.wikimedia.org/wiki/Special:FilePath/UVM%20Williams%20Hall%20building%2020040101.jpg,,University of Vermont
146719,001710,Loyola University Chicago,Chicago,IL,60660,42.000765,-87.656872,https://www.luc.edu/,https://www.luc.edu/undergrad/tuitionandfinancialaid/netpricecalculator/,private_nonprofit,city,16,False,False,False,30.0,81.6,considered_not_required,1170.0,1360.0,600.0,690.0,570.0,670.0,1297.0,27.0,32.0,11737.0,13.0,81.7,73.0,71530.0,67408.0,53710.0,53710.0,36079.0,28992.0,23.8,http://commons.wikimedia.org/wiki/Special:FilePath/Cudahy%20Science%20Hall.JPG,http://commons.wikimedia.org/wiki/Special:FilePath/Loyolauniversitylogo.png,Loyola University Chicago
173920,002360,Minnesota State University-Mankato,Mankato,MN,56001,44.146712,-93.99945,https://mnsu.edu/,https://mnsu.edu/paying-for-college/net-price-calculator/,public,city,18,False,False,False,,88.4,considered_not_required,,,,,,,1150.0,21.0,25.0,11703.0,21.0,80.2,53.9,56922.0,23995.0,9572.0,18942.0,19139.0,12339.0,21.0,http://commons.wikimedia.org/wiki/Special:FilePath/Old%20Main%20and%20Annex.jpg,http://commons.wikimedia.org/wiki/Special:FilePath/Minnesota%20state%20univ%20mankato%20simple.png,"Minnesota State University, Mankato"
100663,001052,University of Alabama at Birmingham,Birmingham,AL,35294-0110,33.505697,-86.799345,https://www.uab.edu/,https://tcc.ruffalonl.com/University of Alabama at Birmingham/Freshman-Students,public,city,15,False,False,False,,88.2,considered_not_required,1210.0,1450.0,600.0,710.0,610.0,740.0,1258.0,23.0,30.0,11635.0,18.0,80.1,64.2,54501.0,28145.0,9098.0,22562.0,18749.0,16172.0,34.0,http://commons.wikimedia.org/wiki/Special:FilePath/Uab%20hill%20university%20center.jpg,http://commons.wikimedia.org/wiki/Special:FilePath/UABirmingham%20logo.png,University of Alabama at Birmingham
190600,002693,CUNY John Jay College of Criminal Justice,New York,NY,10019,40.770351,-73.98841,https://www.jjay.cuny.edu/,https://npc.cuny.edu/npc/public/fin_aid/financial_aid_estimator/FinAidEstimator.jsp,public,city,18,False,False,False,,57.1,considered_not_required,930.0,1220.0,480.0,620.0,450.0,600.0,1080.0,,,11590.0,16.0,81.6,55.8,56195.0,14212.0,7470.0,15420.0,3203.0,1073.0,59.8,,http://commons.wikimedia.org/wiki/Special:FilePath/JJCJ%20logo.svg,John Jay College of Criminal Justice
196680,002834,Excelsior University,Albany,NY,12203-5159,42.705487,-73.862981,https://www.excelsior.edu/,https://app.meadowfi.com/excelsior,private_nonprofit,city,18,False,False,False,,,,,,,,,,,,,11550.0,21.0,,,78493.0,,,,,,28.2,,,Excelsior College
166638,002222,University of Massachusetts-Boston,Boston,MA,02125-3393,42.312881,-71.036865,https://www.umb.edu/,https://umb.studentaidcalculator.com/survey.aspx,public,city,16,False,False,False,,83.8,considered_not_required,1070.0,1290.0,540.0,650.0,530.0,640.0,1194.0,22.0,29.0,11512.0,15.0,70.4,49.4,65865.0,30544.0,15908.0,38125.0,17707.0,14070.0,41.5,http://commons.wikimedia.org/wiki/Special:FilePath/UMass%20Boston%20campus.jpg,http://commons.wikimedia.org/wiki/Special:FilePath/Umass%20boston%20textlogo.png,University of Massachusetts Boston
181394,002554,University of Nebraska at Omaha,Omaha,NE,68182-0225,41.258769,-96.008516,https://www.unomaha.edu/,https://webapp.unomaha.edu/net-price-calculator/,public,city,16,False,False,False,,87.0,required,,,,,,,1120.0,19.0,26.0,11488.0,15.0,77.9,47.1,53909.0,21120.0,8718.0,23206.0,13441.0,10534.0,34.6,http://commons.wikimedia.org/wiki/Special:FilePath/UNO%20Barbara%20Weitz%20Community%20Engagement%20Center.jpg,http://commons.wikimedia.org/wiki/Special:FilePath/Nebraska%E2%80%93Omaha%20wordmark.svg,University of Nebraska Omaha
166513,002161,University of Massachusetts-Lowell,Lowell,MA,01854,42.652864,-71.326809,https://www.uml.edu/,https://uml.studentaidcalculator.com/welcome.aspx,public,suburb,16,False,False,False,,83.0,considered_not_required,1180.0,1370.0,590.0,680.0,590.0,690.0,1285.0,25.0,32.0,11434.0,17.0,84.0,64.8,64874.0,30786.0,16966.0,36264.0,17163.0,9943.0,30.0,http://commons.wikimedia.org/wiki/Special:FilePath/Lelacheur.gif,http://commons.wikimedia.org/wiki/Special:FilePath/UMass%20Lowell%20logo.svg,University of Massachusetts Lowell
185262,002622,Kean University,Union,NJ,07083,40.677981,-74.233503,https://www.kean.edu/,https://www.kean.edu/offices/financial-aid/financial-aid-estimators,public,suburb,17,False,False,False,,75.9,considered_not_required,930.0,1150.0,460.0,565.0,470.0,585.0,1040.0,,,11433.0,17.0,76.1,46.6,57237.0,26949.0,14299.0,22446.0,12447.0,7374.0,47.9,http://commons.wikimedia.org/wiki/Special:FilePath/Liberty%20Hall%20Fire%20Co.%20and%20Visitor%20Center%2C%20Union%2C%20NJ.jpg,http://commons.wikimedia.org/wiki/Special:FilePath/Kean%20univ%20textlogo.png,Kean University
447689,041429,Georgia Gwinnett College,Lawrenceville,GA,30043,33.979409,-84.00459,https://www.ggc.edu/,https://www.ggc.edu/admissions/tuition-and-financial-aid-calculators/npcalc,public,suburb,22,False,False,False,,95.5,not_considered,,,,,,,,,,11344.0,19.0,63.4,21.5,47730.0,22547.0,4532.0,13844.0,15844.0,14356.0,51.8,,,Georgia Gwinnett College
147703,001737,Northern Illinois University,Dekalb,IL,60115-2828,41.933869,-88.766428,https://www.niu.edu/,https://www.niu.edu/bursar/tuition/estimator.shtml,public,suburb,16,False,False,False,,69.8,not_considered,,,,,,,,,,11301.0,15.0,69.6,48.7,57808.0,28851.0,13248.0,13248.0,13391.0,10126.0,47.3,http://commons.wikimedia.org/wiki/Special:FilePath/Altgeld%20Hall%20and%20Still%20Hall%20along%20College%20Ave.jpg,,Northern Illinois University
183044,002589,University of New Hampshire-Main Campus,Durham,NH,03824-3547,43.135934,-70.932465,https://www.unh.edu/,https://app.meadowfi.com/unh,public,town,15,False,False,False,,88.2,considered_not_required,1090.0,1330.0,550.0,670.0,540.0,660.0,1218.0,26.0,30.0,11261.0,17.0,87.3,76.1,66479.0,35537.0,19202.0,39852.0,23805.0,16523.0,18.1,http://commons.wikimedia.org/wiki/Special:FilePath/Thompson%20Hall%2C%20UNH%20Sunset.jpg,http://commons.wikimedia.org/wiki/Special:FilePath/University%20of%20New%20Hampshire%20logo.svg,University of New Hampshire
131469,001444,George Washington University,Washington,DC,20052,38.89923,-77.048363,https://www.gwu.edu/,https://financialaid.gwu.edu/net-price-calculator,private_nonprofit,city,15,False,False,False,,47.1,considered_not_required,1350.0,1500.0,680.0,750.0,670.0,750.0,1433.0,31.0,34.0,11182.0,13.0,92.2,84.0,90873.0,83856.0,67710.0,67710.0,36586.0,17440.0,15.8,http://commons.wikimedia.org/wiki/Special:FilePath/George%20Washington%20University%20%2853844978470%29.jpg,http://commons.wikimedia.org/wiki/Special:FilePath/George%20Washington%20University%20wordmark.svg,George Washington University
228875,003636,Texas Christian University,Fort Worth,TX,76129,32.70961,-97.364758,https://www.tcu.edu/,https://financialaid.tcu.edu/cost/net-price-calculator.php,private_nonprofit,city,16,False,False,False,61.0,44.5,considered_not_required,1140.0,1350.0,580.0,680.0,560.0,670.0,1298.0,26.0,31.0,11026.0,14.0,92.9,85.5,68424.0,76604.0,61740.0,61740.0,36660.0,17956.0,14.3,http://commons.wikimedia.org/wiki/Special:FilePath/FrogFountain.jpg,http://commons.wikimedia.org/wiki/Special:FilePath/Texas%20Christian%20University%20wordmark.svg,Texas Christian University
119605,011460,National University,San Diego,CA,92123,32.829299,-117.127296,https://www.nu.edu/,https://www.nu.edu/npcalc/npcalc.htm,private_nonprofit,city,18,False,False,False,,,,,,,,,,,,,10794.0,16.0,52.6,42.9,67548.0,33978.0,13284.0,13284.0,22878.0,21554.0,28.8,,http://commons.wikimedia.org/wiki/Special:FilePath/National%20University%20Logo%20PNG.png,National University
156125,001950,Wichita State University,Wichita,KS,67260-0124,37.718882,-97.292361,https://www.wichita.edu/,https://webapps.wichita.edu/netprice/,public,city,16,False,False,False,,94.0,considered_not_required,905.0,1240.0,470.0,610.0,435.0,630.0,1092.0,17.0,25.0,10780.0,19.0,69.3,51.0,51532.0,21780.0,9684.0,19869.0,13194.0,9734.0,30.6,,http://commons.wikimedia.org/wiki/Special:FilePath/Wichita%20State%20University%20logo.svg,Wichita State University
163268,002105,University of Maryland-Baltimore County,Baltimore,MD,21250,39.256686,-76.711607,https://umbc.edu/,https://ofas.umbc.edu/netprice/,public,suburb,15,False,False,False,,72.4,considered_not_required,1240.0,1420.0,630.0,700.0,610.0,720.0,1323.0,25.0,31.0,10701.0,17.0,85.0,70.0,69960.0,28576.0,13256.0,31275.0,16467.0,5087.0,30.0,http://commons.wikimedia.org/wiki/Special:FilePath/UMBC%20Commons%20and%20Quad.jpg,http://commons.wikimedia.org/wiki/Special:FilePath/University%20of%20Maryland%2C%20Baltimore%20County%20logo.svg,"University of Maryland, Baltimore County"
190637,007022,CUNY Lehman College,Bronx,NY,10468,40.872962,-73.895379,https://www.lehman.edu/,https://npc.cuny.edu/npc/public/fin_aid/financial_aid_estimator/FinAidEstimator.jsp,public,city,18,False,False,False,,56.6,considered_not_required,850.0,1150.0,440.0,590.0,410.0,560.0,970.0,,,10696.0,15.0,73.1,51.3,58013.0,14121.0,7410.0,15360.0,3148.0,1589.0,59.9,,,Lehman College
215062,003378,University of Pennsylvania,Philadelphia,PA,19104-6303,39.950929,-75.19391,https://www.upenn.edu/,https://npc.collegeboard.org/student/app/upenn,private_nonprofit,city,15,False,False,False,,5.4,considered_not_required,1510.0,1570.0,740.0,770.0,770.0,800.0,1553.0,34.0,36.0,10650.0,8.0,98.9,96.5,111371.0,89028.0,68686.0,68686.0,28699.0,-3012.0,16.5,http://commons.wikimedia.org/wiki/Special:FilePath/UPenn%20shield%20with%20banner.svg,http://commons.wikimedia.org/wiki/Special:FilePath/Shield%20of%20the%20University%20of%20Pennsylvania.svg,University of Pennsylvania
137847,001538,The University of Tampa,Tampa,FL,33606-1490,27.948455,-82.46483,https://www.ut.edu/,https://www.ut.edu/admissions/financial-aid/net-price-calculator,private_nonprofit,city,18,False,False,False,,40.3,not_considered,,,,,,,,,,10572.0,17.0,85.5,63.7,59436.0,51614.0,34408.0,34408.0,36211.0,30011.0,15.2,http://commons.wikimedia.org/wiki/Special:FilePath/Entrance%20to%20Plant%20Hall%20at%20University%20of%20Tampa.jpg,http://commons.wikimedia.org/wiki/Special:FilePath/Univ%20of%20tampa%20wordmark.png,University of Tampa
217819,003428,College of Charleston,Charleston,SC,29424-0001,32.784225,-79.939794,https://www.charleston.edu/,https://charleston.edu/cost-aid/tuition-fees/net-price-calculator.php,public,city,19,False,False,False,,60.0,considered_not_required,1140.0,1310.0,590.0,670.0,550.0,640.0,1247.0,25.0,30.0,10558.0,16.0,82.0,65.8,56416.0,32362.0,12978.0,38296.0,18960.0,12133.0,18.8,http://commons.wikimedia.org/wiki/Special:FilePath/Randolph%20Hall%2C%20College%20of%20Charleston%2C%20Harleston%20Village%2C%20Charleston%2C%20SC%20%2849364204051%29.jpg,http://commons.wikimedia.org/wiki/Special:FilePath/CofC%20wordmark.png,College of Charleston
190549,002687,CUNY Brooklyn College,Brooklyn,NY,11210,40.631517,-73.949898,https://www.brooklyn.edu/,https://npc.cuny.edu/npc/public/fin_aid/financial_aid_estimator/FinAidEstimator.jsp,public,city,18,False,False,False,,58.4,considered_not_required,950.0,1340.0,460.0,660.0,490.0,680.0,1140.0,,,10543.0,13.0,80.1,53.9,60752.0,14151.0,7452.0,15402.0,3103.0,1029.0,57.0,http://commons.wikimedia.org/wiki/Special:FilePath/East%20Quad%20at%20Brooklyn%20College%20%28March%202009%29.jpg,,Brooklyn College
126562,004508,University of Colorado Denver/Anschutz Medical Campus,Denver,CO,80217-3364,39.745149,-104.837722,https://www.ucdenver.edu/,https://www.ucdenver.edu/tuition-cost/net-price-calculator,public,city,15,False,False,False,,74.7,considered_not_required,980.0,1220.0,490.0,620.0,490.0,600.0,1116.0,23.0,32.0,10519.0,17.0,72.7,46.2,64270.0,24902.0,10383.0,29391.0,11900.0,6743.0,26.2,http://commons.wikimedia.org/wiki/Special:FilePath/CU%20Denver%20Business%20School%20at%2015th%20St%20and%20Lawrence%20St.jpg,http://commons.wikimedia.org/wiki/Special:FilePath/CU%20Denver%20logo.png,University of Colorado Denver
191241,002722,Fordham University,Bronx,NY,10458,40.859354,-73.882705,https://www.fordham.edu/,https://www.fordham.edu/undergraduate-financial-aid/financing-your-fordham-education/net-price-calculator/,private_nonprofit,city,16,False,False,False,30.0,59.3,considered_not_required,1320.0,1480.0,660.0,730.0,660.0,750.0,1418.0,30.0,33.0,10512.0,14.0,88.5,81.9,85569.0,82762.0,64915.0,64915.0,44338.0,32474.0,21.4,http://commons.wikimedia.org/wiki/Special:FilePath/Fordham%20University%20Keating%20Hall.JPG,http://commons.wikimedia.org/wiki/Special:FilePath/Fordham%20University%20logo%202025.png,Fordham University
218724,003451,Coastal Carolina University,Conway,SC,29526,33.794995,-79.011767,https://www.coastal.edu/,https://www.coastal.edu/financialaid/netpricecalculators/,public,city,18,False,False,False,,75.3,considered_not_required,1050.0,1220.0,530.0,620.0,520.0,600.0,1143.0,21.0,26.0,10377.0,17.0,77.4,48.5,47258.0,26692.0,11640.0,29628.0,13966.0,9563.0,26.2,,,Coastal Carolina University
180814,009743,Bellevue University,Bellevue,NE,68005-3098,41.150225,-95.91764,https://www.bellevue.edu/,https://www.bellevue.edu/admissions-tuition/financing-options/net-price-calculator/npcalc.htm,private_nonprofit,suburb,18,False,False,False,,,,,,,,,,,,,10220.0,12.0,57.9,33.0,61289.0,23531.0,9903.0,9903.0,17550.0,17561.0,30.0,http://commons.wikimedia.org/wiki/Special:FilePath/Bellevue%20University%201.jpg,,Bellevue University
206941,003152,University of Central Oklahoma,Edmond,OK,73034,35.6552,-97.471508,https://www.uco.edu/,https://www.uco.edu/admissions-aid/financial-aid/,public,suburb,18,False,False,False,,78.1,required,,,,,,,1090.0,18.0,24.0,10170.0,18.0,65.2,36.8,48351.0,26392.0,8818.0,19704.0,18309.0,15275.0,36.5,http://commons.wikimedia.org/wiki/Special:FilePath/University%20of%20Central%20Oklahoma%20Wellnesscenter.jpg,http://commons.wikimedia.org/wiki/Special:FilePath/University%20central%20oklahoma%20logo.png,University of Central Oklahoma
131520,001448,Howard University,Washington,DC,20059,38.922392,-77.018966,https://www.howard.edu/,https://www2.howard.edu/student-financial-services/net-price-calculator,private_nonprofit,city,16,True,False,False,,41.3,considered_not_required,1090.0,1320.0,560.0,670.0,530.0,650.0,1213.0,22.0,28.0,10108.0,13.0,90.9,70.0,63066.0,54630.0,35810.0,35810.0,50539.0,46051.0,40.0,http://commons.wikimedia.org/wiki/Special:FilePath/Howard%20University%20Washington%20DC%20-%20Founders%20Library.jpg,http://commons.wikimedia.org/wiki/Special:FilePath/Howard%20university%20wordmark.jpg,Howard University
164924,002128,Boston College,Chestnut Hill,MA,02467,42.336213,-71.169242,https://www.bc.edu/,https://npc.collegeboard.org/student/app/bc,private_nonprofit,city,15,False,False,False,30.0,16.4,considered_not_required,1440.0,1540.0,710.0,760.0,730.0,780.0,1507.0,33.0,35.0,10085.0,10.0,96.0,90.8,103937.0,89493.0,70702.0,70702.0,41704.0,4284.0,12.9,http://commons.wikimedia.org/wiki/Special:FilePath/Dustbowlsnow.jpg,http://commons.wikimedia.org/wiki/Special:FilePath/Boston%20College%20Logotype.svg,Boston College
176372,002441,University of Southern Mississippi,Hattiesburg,MS,39406-0001,31.32661,-89.331236,https://www.usm.edu/,https://www.usm.edu/financial-aid/net-price-calculator.php,public,city,15,False,False,False,,99.1,required,,,,,,,1190.0,20.0,29.0,10075.0,18.0,72.1,49.1,44140.0,26566.0,9998.0,11998.0,21708.0,19867.0,46.3,http://commons.wikimedia.org/wiki/Special:FilePath/USM%20College%20Hall%202016.jpg,,University of Southern Mississippi
221740,003529,The University of Tennessee-Chattanooga,Chattanooga,TN,37403-2598,35.047519,-85.300247,https://utc.edu/,https://utc.studentaidcalculator.com/survey.aspx,public,city,17,False,False,False,,81.1,required,1013.0,1210.0,513.0,620.0,500.0,590.0,1147.0,20.0,26.0,10074.0,18.0,72.5,50.2,51151.0,25489.0,10448.0,18512.0,14265.0,9876.0,32.8,http://commons.wikimedia.org/wiki/Special:FilePath/UTC%20Race%20Hall.jpg,http://commons.wikimedia.org/wiki/Special:FilePath/University%20of%20Tennessee%20at%20Chattanooga%20logo.svg,University of Tennessee at Chattanooga
169798,002259,Eastern Michigan University,Ypsilanti,MI,48197,42.251675,-83.627443,https://www.emich.edu/,https://www.emich.edu/finaid/calculator/,public,suburb,16,False,False,False,,79.6,considered_not_required,920.0,1170.0,480.0,600.0,440.0,570.0,1066.0,18.0,27.0,10055.0,14.0,68.8,46.4,51793.0,29640.0,16240.0,16240.0,15407.0,13250.0,36.6,http://commons.wikimedia.org/wiki/Special:FilePath/EasternMichUniPark.gif,http://commons.wikimedia.org/wiki/Special:FilePath/Eastern%20Michigan%20University%20wordmark.svg,Eastern Michigan University
169248,002243,Central Michigan University,Mount Pleasant,MI,48859,43.591203,-84.77525,https://www.cmich.edu/,https://cmich.studentaidcalculator.com/survey.aspx,public,town,16,False,False,False,,89.8,considered_not_required,960.0,1200.0,490.0,610.0,470.0,590.0,1091.0,21.0,27.0,10035.0,16.0,75.4,58.7,55874.0,30681.0,14760.0,14760.0,17597.0,12185.0,31.4,,http://commons.wikimedia.org/wiki/Special:FilePath/Central%20Michigan%20University%20wordmark.svg,Central Michigan University
200004,002981,Western Carolina University,Cullowhee,NC,28723-9646,35.308979,-83.186258,https://www.wcu.edu/,https://www.wcu.edu/apply/financial-aid/facts-and-resources/npcalc.html,public,town,17,False,False,False,,81.8,considered_not_required,1080.0,1270.0,560.0,660.0,520.0,610.0,1157.0,19.0,25.0,10024.0,16.0,79.1,60.3,49458.0,19992.0,4630.0,8630.0,13315.0,8816.0,34.6,http://commons.wikimedia.org/wiki/Special:FilePath/Ramsey%20Regional%20Activity%20Center%20in%20Cullowhee%2C%20NC.jpg,http://commons.wikimedia.org/wiki/Special:FilePath/Western%20Carolina%20University%20Logo.svg,Western Carolina University
220075,003487,East Tennessee State University,Johnson City,TN,37614,36.301643,-82.366954,https://www.etsu.edu/,https://www.etsu.edu/financial-aid-and-scholarships/cost/netprice.php,public,city,16,False,False,False,,86.2,considered_not_required,980.0,1200.0,510.0,620.0,470.0,580.0,1144.0,19.0,26.0,10004.0,15.0,75.7,53.2,44859.0,27042.0,10472.0,14522.0,15983.0,12433.0,34.8,http://commons.wikimedia.org/wiki/Special:FilePath/ETSU%20Dossett%20Hall.JPG,http://commons.wikimedia.org/wiki/Special:FilePath/East%20Tennessee%20State%20University%20logo.svg,East Tennessee State University
200280,003005,University of North Dakota,Grand Forks,ND,58202-8193,47.921654,-97.071738,https://und.edu/,https://und.edu/admissions/cost-and-aid/calculator.html,public,city,16,False,False,False,,76.9,not_considered,,,,,,,,,,9981.0,17.0,84.0,60.5,63552.0,25605.0,10951.0,15570.0,18551.0,13126.0,17.2,,,University of North Dakota
224554,003565,East Texas A&M University,Commerce,TX,75428,33.242112,-95.904579,https://www.etamu.edu/,https://tcc.ruffalonl.com/east-texas-a-m-university/freshman-students,public,town,17,False,False,False,,92.2,considered_not_required,910.0,1150.0,480.0,580.0,430.0,570.0,1076.0,18.0,24.0,9912.0,17.0,57.2,42.8,50296.0,23438.0,10026.0,22326.0,11841.0,9709.0,40.5,http://commons.wikimedia.org/wiki/Special:FilePath/Samrayburnstudentcenter.JPG,http://commons.wikimedia.org/wiki/Special:FilePath/Tamuc-bloclogo.jpg,East Texas A&M University
110574,001138,California State University-East Bay,Hayward,CA,94542,37.657694,-122.054135,https://www.csueastbay.edu/,https://www.csueastbay.edu/financialaid/files/images/net-price-calculator/npcalc.htm,public,suburb,16,False,False,False,,97.4,not_considered,,,,,,,,,,9809.0,22.0,75.7,47.9,71401.0,22850.0,7583.0,20183.0,9320.0,6360.0,44.4,http://commons.wikimedia.org/wiki/Special:FilePath/Csueb%20view.jpg,http://commons.wikimedia.org/wiki/Special:FilePath/CSUEB%20wordmark.svg,"California State University, East Bay"
102368,001047,Troy University,Troy,AL,36082-0001,31.799583,-85.95802,https://www.troy.edu/,https://www.troy.edu/net-price-calculator/index.html,public,town,18,False,False,False,,96.0,considered_not_required,940.0,1210.0,490.0,620.0,450.0,590.0,1088.0,18.0,25.0,9805.0,16.0,71.2,50.3,42062.0,23165.0,10176.0,20352.0,16527.0,12656.0,42.8,http://commons.wikimedia.org/wiki/Special:FilePath/Troy%20University%20Student%20Housing.jpg,http://commons.wikimedia.org/wiki/Special:FilePath/Troy%20University%20logo.png,Troy University
206084,003131,University of Toledo,Toledo,OH,43606-3390,41.660572,-83.614714,https://www.utoledo.edu/,https://www.utoledo.edu/financialaid/netpricecalculator.html,public,city,16,False,False,False,,92.0,considered_not_required,1100.0,1300.0,550.0,650.0,550.0,650.0,1235.0,23.0,29.0,9770.0,18.0,77.3,57.0,50632.0,26512.0,12744.0,22104.0,17249.0,13524.0,27.5,http://commons.wikimedia.org/wiki/Special:FilePath/University%20of%20Toledo%20University%20Hall%2C%20July%202022.jpg,http://commons.wikimedia.org/wiki/Special:FilePath/UT%20Hortz.svg,University of Toledo
155061,001915,Fort Hays State University,Hays,KS,67601-4099,38.872156,-99.342503,https://www.fhsu.edu/,https://www.fhsu.edu/admissions/tuition/calculateexpenses,public,town,18,False,False,False,,90.3,considered_not_required,970.0,1140.0,500.0,580.0,470.0,560.0,1089.0,18.0,24.0,9733.0,15.0,76.9,47.7,48928.0,19909.0,5923.0,17741.0,12569.0,7661.0,22.8,http://commons.wikimedia.org/wiki/Special:FilePath/FHSU%20Albertson%20Hall.jpg,,Fort Hays State University
190558,002698,College of Staten Island CUNY,Staten Island,NY,10314,40.601831,-74.14849,https://www.csi.cuny.edu/,https://npc.cuny.edu/npc/public/fin_aid/financial_aid_estimator/FinAidEstimator.jsp,public,city,18,False,False,False,,92.3,considered_not_required,890.0,1250.0,460.0,620.0,430.0,630.0,1040.0,,,9657.0,17.0,75.7,33.9,53501.0,14795.0,7490.0,15440.0,5579.0,3903.0,49.6,http://commons.wikimedia.org/wiki/Special:FilePath/College%20of%20Staten%20Island%20Campus%20%286560390369%29.jpg,http://commons.wikimedia.org/wiki/Special:FilePath/Staten%20island%20college%20logo.svg,College of Staten Island
196042,002858,Farmingdale State College,Farmingdale,NY,11735-1021,40.754224,-73.42832,https://www.farmingdale.edu/,https://www.suny.edu/howmuch/netpricecalculator.xhtml,public,suburb,22,False,False,False,,63.3,considered_not_required,1040.0,1240.0,520.0,620.0,520.0,620.0,1147.0,20.0,28.0,9552.0,18.0,81.6,52.8,69781.0,18966.0,8626.0,18536.0,10867.0,4933.0,36.2,http://commons.wikimedia.org/wiki/Special:FilePath/Administration%20Building%2C%20Farmingdale%20State%20College%2C%20Oct%202012.jpg,http://commons.wikimedia.org/wiki/Special:FilePath/Farmingdale%20State%20College%20logo%201.jpg,Farmingdale State College
243197,003944,University of Puerto Rico-Mayaguez,Mayaguez,PR,00681,18.211142,-67.139172,https://www.uprm.edu/,https://www.uprm.edu/netpricecalculator/,public,city,19,False,False,False,,56.5,not_considered,,,,,,,,,,9539.0,19.0,87.0,49.1,48992.0,21637.0,5274.0,5274.0,17936.0,17939.0,64.9,http://commons.wikimedia.org/wiki/Special:FilePath/Jose%20de%20Diego%2C%20University%20of%20Puerto%20Rico.JPG,,University of Puerto Rico at Mayaguez
160612,002024,Southeastern Louisiana University,Hammond,LA,70402,30.514652,-90.468676,https://www.southeastern.edu/,https://www.southeastern.edu/admin/fin_aid/cost/net_price_calculator/index.html,public,city,18,False,False,False,,99.3,considered_not_required,,,,,,,1090.0,18.0,24.0,9514.0,20.0,72.5,45.4,46482.0,23604.0,8373.0,20851.0,13154.0,10507.0,33.3,http://commons.wikimedia.org/wiki/Special:FilePath/McgheeHallWM.jpg,http://commons.wikimedia.org/wiki/Special:FilePath/Southeastern%20Louisiana%20University%20logo.png,Southeastern Louisiana University
195809,002823,St. John's University-New York,Queens,NY,11439,40.722523,-73.796104,https://www.stjohns.edu/,https://www.stjohns.edu/admission/tuition-and-financial-aid/st-johns-net-price-calculator,private_nonprofit,city,17,False,False,False,30.0,83.4,considered_not_required,1150.0,1340.0,580.0,670.0,570.0,670.0,1244.0,24.0,29.0,9477.0,16.0,78.7,66.1,69571.0,65527.0,53020.0,53020.0,29999.0,27787.0,24.2,http://commons.wikimedia.org/wiki/Special:FilePath/St%20Johns%20St%20Augustine%20Hall.jpg,http://commons.wikimedia.org/wiki/Special:FilePath/StJohns%20logo.svg,St. John's University
200332,002997,North Dakota State University-Main Campus,Fargo,ND,58108-6050,46.893127,-96.800838,https://www.ndsu.edu/,https://www.ndsu.edu/admission/cost-aid,public,city,15,False,False,False,,95.0,considered_not_required,,,,,,,1150.0,19.0,25.0,9471.0,19.0,78.4,63.9,62203.0,23716.0,11110.0,15764.0,15543.0,9370.0,19.7,http://commons.wikimedia.org/wiki/Special:FilePath/NDSU%20Campus%201.JPG,http://commons.wikimedia.org/wiki/Special:FilePath/North%20Dakota%20State%20University%20wordmark.svg,North Dakota State University
240189,003926,University of Wisconsin-Whitewater,Whitewater,WI,53190-1790,42.835563,-88.742368,https://www.uww.edu/,https://www.uww.edu/students/financial-aid-award-estimator,public,town,18,False,False,False,,85.7,considered_not_required,,,,,,,1050.0,17.0,24.0,9405.0,21.0,78.0,58.9,55356.0,18719.0,8616.0,18716.0,14158.0,8440.0,25.2,,,University of Wisconsin–Whitewater
459994,001459,Strayer University-Global Region,Washington,DC,20005,38.904881,-77.034133,https://www.strayer.edu/,https://strayer.aidcalc.cloud/netprice.htm,private_for_profit,city,29,False,False,False,,,,,,,,,,,,,9376.0,47.0,60.0,14.3,40092.0,25158.0,13920.0,13920.0,17833.0,17833.0,54.4,,,
138354,003955,University of West Florida,Pensacola,FL,32514-5750,30.549076,-87.218511,https://uwf.edu/,https://uwf.edu/offices/financial-aid/cost-of-attendance/true-cost-calculator/,public,rural,18,False,False,False,,58.2,required,1020.0,1230.0,520.0,630.0,500.0,600.0,1138.0,20.0,27.0,9330.0,22.0,88.8,58.8,49137.0,19947.0,6360.0,19241.0,9364.0,4815.0,33.1,http://commons.wikimedia.org/wiki/Special:FilePath/John%20C.%20Pace%20Library%2C%20University%20of%20West%20Florida.jpg,http://commons.wikimedia.org/wiki/Special:FilePath/Univers%20of%20west%20florida%20logo.png,University of West Florida
230603,003678,Southern Utah University,Cedar City,UT,84720,37.674617,-113.070146,https://www.suu.edu/,https://suu.clearcostcalculator.com/student/default/netpricecalculator/survey,public,town,18,False,False,False,,81.8,not_considered,,,,,,,,,,9289.0,22.0,75.5,60.7,50296.0,19416.0,6962.0,21192.0,10462.0,6070.0,24.9,http://commons.wikimedia.org/wiki/Special:FilePath/Southern%20Utah%20University.jpg,,Southern Utah University
240329,003919,University of Wisconsin-La Crosse,La Crosse,WI,54601-9959,43.81568,-91.23186,https://www.uwlax.edu/,https://www.shoppingsheet.com/shopping/landing/uwlax,public,city,18,False,False,False,,75.5,considered_not_required,,,,,,,1220.0,22.0,27.0,9277.0,20.0,86.5,71.0,60378.0,19593.0,10070.0,19517.0,16210.0,8224.0,14.4,http://commons.wikimedia.org/wiki/Special:FilePath/Hoeshler%20Tower.jpg,http://commons.wikimedia.org/wiki/Special:FilePath/Univ%20wisconsin%20lacrosse%20textlogo.png,University of Wisconsin–La Crosse
498562,003315,Commonwealth University of Pennsylvania,Bloomsburg,PA,17815,41.00782,-76.447844,https://www.commonwealthu.edu/,https://app.calconic.com/public/calculator/68025d9e4bf049002b3ebd4c?layouts=true,public,town,-2,False,False,False,,93.1,considered_not_required,990.0,1190.0,500.0,600.0,490.0,590.0,1090.0,,,9210.0,19.0,77.6,54.5,52416.0,25161.0,11046.0,22870.0,15699.0,11374.0,31.8,,,Commonwealth University of Pennsylvania
147767,001739,Northwestern University,Evanston,IL,60208,42.050356,-87.679858,https://www.northwestern.edu/,https://npc.collegeboard.org/student/app/northwestern,private_nonprofit,city,15,False,False,False,,7.7,considered_not_required,1510.0,1570.0,740.0,770.0,770.0,800.0,1533.0,33.0,35.0,9201.0,6.0,98.1,95.1,89363.0,91250.0,68322.0,68322.0,29167.0,1764.0,18.6,http://commons.wikimedia.org/wiki/Special:FilePath/Northwestern%20Arch.jpg,http://commons.wikimedia.org/wiki/Special:FilePath/Northwestern%20University.png,Northwestern University
219356,003471,South Dakota State University,Brookings,SD,57007-1898,44.317485,-96.782139,https://www.sdstate.edu/,https://www.sdstate.edu/admissions/net-price-calculator,public,town,16,False,False,False,,98.3,considered_not_required,1060.0,1240.0,530.0,610.0,530.0,630.0,1120.0,19.0,25.0,9198.0,17.0,83.8,62.4,55070.0,24636.0,9299.0,12809.0,19841.0,14266.0,16.8,http://commons.wikimedia.org/wiki/Special:FilePath/SDSUAgHeritageMuseum.JPG,,South Dakota State University
426314,001479,Embry-Riddle Aeronautical University-Worldwide,Daytona Beach,FL,32114-3900,29.189903,-81.048367,https://worldwide.erau.edu/,https://www.shoppingsheet.com/Shopping/Landing/erau-426314,private_nonprofit,city,18,False,False,False,,57.9,considered_not_required,1040.0,1240.0,520.0,630.0,520.0,610.0,1148.0,18.0,28.0,9139.0,23.0,60.3,20.5,84131.0,24878.0,12097.0,12097.0,18725.0,18216.0,25.5,http://commons.wikimedia.org/wiki/Special:FilePath/Embry-Riddle-Entrance.JPG,http://commons.wikimedia.org/wiki/Special:FilePath/ERAU.svg,Embry–Riddle Aeronautical University
125231,025042,Walden University,Minneapolis,MN,55401,44.98125,-93.265738,https://www.waldenu.edu/,https://www.waldenu.edu/financial-aid/price-calculator,private_for_profit,city,17,False,False,False,,,,,,,,,,,,,9136.0,31.0,0.0,,42810.0,35358.0,12762.0,12762.0,33817.0,32652.0,55.2,,,Walden University
106458,001090,Arkansas State University,Jonesboro,AR,72401,35.842388,-90.679988,https://www.astate.edu/,https://www.astate.edu/admissions-and-aid/tuition-and-fees/estimate-your-costs.html#net-price-calculator,public,city,16,False,False,False,,82.3,considered_not_required,970.0,1190.0,490.0,570.0,480.0,620.0,1090.0,18.0,24.0,9110.0,17.0,78.1,55.4,42617.0,25082.0,8090.0,14522.0,12366.0,10098.0,38.4,http://commons.wikimedia.org/wiki/Special:FilePath/ASUUnion.jpg,http://commons.wikimedia.org/wiki/Special:FilePath/AState%20Logo.png,Arkansas State University
200800,003123,University of Akron Main Campus,Akron,OH,44325-2102,41.075923,-81.511167,https://www.uakron.edu/,https://www.uakron.edu/finaid/net-price-calculator,public,city,16,False,False,False,,59.7,considered_not_required,900.0,1190.0,460.0,600.0,440.0,590.0,1081.0,17.0,25.0,9052.0,17.0,73.0,51.9,46600.0,26284.0,13135.0,20815.0,13946.0,10413.0,29.1,http://commons.wikimedia.org/wiki/Special:FilePath/University%20of%20Akron%20Arts%20and%20Sciences.JPG,http://commons.wikimedia.org/wiki/Special:FilePath/University%20of%20Akron%20logo.svg,University of Akron
163453,002083,Morgan State University,Baltimore,MD,21251-0001,39.344161,-76.585565,https://www.morgan.edu/,https://www.morgan.edu/office-of-financial-aid/resources/morgan-state-universitys-new-student-undergraduate-net-price-calculator,public,city,16,True,False,False,,82.2,considered_not_required,840.0,1070.0,400.0,520.0,440.0,550.0,971.0,16.0,21.0,9019.0,18.0,73.3,40.9,50698.0,25413.0,8229.0,19124.0,14985.0,9585.0,56.5,http://commons.wikimedia.org/wiki/Special:FilePath/Morgan%20State%20University%20-%20Holmes%20Hall.JPG,,Morgan State University
185828,002621,New Jersey Institute of Technology,Newark,NJ,07102,40.741997,-74.177113,https://www.njit.edu/,https://njit.studentaidcalculator.com/survey.aspx,public,city,15,False,False,False,,65.1,considered_not_required,1210.0,1460.0,600.0,710.0,610.0,750.0,1337.0,27.0,34.0,9019.0,17.0,89.5,72.8,84276.0,32859.0,19974.0,37664.0,16504.0,10138.0,39.6,http://commons.wikimedia.org/wiki/Special:FilePath/Eberhardt%20Hall%20NJIT%20jeh.JPG,http://commons.wikimedia.org/wiki/Special:FilePath/New%20Jersey%20IT%20logo.svg,New Jersey Institute of Technology
190150,002707,Columbia University in the City of New York,New York,NY,10027,40.808286,-73.961885,https://www.columbia.edu/,https://cc-seas.financialaid.columbia.edu/estimate-cost,private_nonprofit,city,15,False,False,False,,4.0,considered_not_required,1510.0,1580.0,740.0,780.0,770.0,800.0,1553.0,34.0,35.0,8973.0,6.0,98.0,96.1,102491.0,89472.0,71845.0,71845.0,21590.0,4570.0,22.7,http://commons.wikimedia.org/wiki/Special:FilePath/Columbia%20University%20-%20Low%20Memorial%20Library%20%2848170370506%29.jpg,http://commons.wikimedia.org/wiki/Special:FilePath/Coat%20of%20Arms%20of%20Columbia%20University.svg,Columbia University
202134,003032,Cleveland State University,Cleveland,OH,44115-2214,41.502281,-81.674355,https://www.csuohio.edu/,https://www.csuohio.edu/financial-aid/net-price-calculator,public,city,16,False,False,False,,91.3,not_considered,,,,,,,,,,8969.0,16.0,70.3,50.6,52131.0,27159.0,12988.0,18510.0,14764.0,11958.0,40.5,http://commons.wikimedia.org/wiki/Special:FilePath/Cleveland%20State%20University%2C%20Cleveland%2C%20OH%20%2827420355137%29.jpg,http://commons.wikimedia.org/wiki/Special:FilePath/Cleveland%20State%20logo.png,Cleveland State University
240268,003917,University of Wisconsin-Eau Claire,Eau Claire,WI,54701,44.798284,-91.501906,https://www.uwec.edu/,https://www.uwec.edu/tuition-financial-aid,public,city,19,False,False,False,,82.3,considered_not_required,,,,,,,1220.0,22.0,27.0,8895.0,19.0,81.8,63.8,58561.0,21705.0,9642.0,19228.0,16550.0,10270.0,19.6,http://commons.wikimedia.org/wiki/Special:FilePath/Schofield%20Hall2%20NRHP%2083003393%20Eau%20Claire%20County%2C%20WI.jpg,http://commons.wikimedia.org/wiki/Special:FilePath/Eauclairewordmark.png,University of Wisconsin–Eau Claire
102094,001057,University of South Alabama,Mobile,AL,36688-0002,30.696033,-88.178711,https://www.southalabama.edu/,https://www.southalabama.edu/departments/finaid/netpricecalculator/,public,city,16,False,False,False,,71.0,considered_not_required,970.0,1190.0,500.0,610.0,470.0,580.0,1147.0,20.0,26.0,8879.0,19.0,75.7,52.7,49379.0,25476.0,10116.0,19092.0,17648.0,12657.0,38.0,http://commons.wikimedia.org/wiki/Special:FilePath/Shelbyhallcomputing.JPG,http://commons.wikimedia.org/wiki/Special:FilePath/University%20of%20South%20Alabama%20wordmark.svg,University of South Alabama
227526,003630,Prairie View A & M University,Prairie View,TX,77446,30.092425,-95.989475,https://www.pvamu.edu/,https://www.pvamu.edu/faid/cost-of-attendance/#cost,public,rural,16,True,False,False,,79.3,required,860.0,1080.0,450.0,550.0,410.0,530.0,980.0,16.0,21.0,8877.0,17.0,75.6,43.2,45411.0,26362.0,11299.0,26874.0,13570.0,12120.0,65.6,http://commons.wikimedia.org/wiki/Special:FilePath/PVAMU%20Campus%20c1876.jpg,,Prairie View A&M University
152080,001840,University of Notre Dame,Notre Dame,IN,46556,41.703058,-86.238959,https://www.nd.edu/,https://financialaid.nd.edu/,private_nonprofit,suburb,15,False,False,False,30.0,11.3,considered_not_required,1455.0,1560.0,720.0,770.0,735.0,790.0,1520.0,33.0,35.0,8818.0,8.0,99.1,95.2,99980.0,83271.0,65025.0,65025.0,26780.0,7244.0,13.7,http://commons.wikimedia.org/wiki/Special:FilePath/The%20University%20of%20Notre%20Dame%20%22God%20Quad%22.JPG,http://commons.wikimedia.org/wiki/Special:FilePath/ND%20Wordmark.png,University of Notre Dame
229179,003646,Texas Woman's University,Denton,TX,76204,33.226211,-97.127842,https://www.twu.edu/,https://www.collegeforalltexans.com/apps/CollegeMoney/,public,city,17,False,False,False,,96.1,not_considered,,,,,,,,,,8767.0,16.0,69.5,49.1,56544.0,22234.0,8640.0,18480.0,11963.0,9948.0,42.0,http://commons.wikimedia.org/wiki/Special:FilePath/Twu-old-main-night.jpg,http://commons.wikimedia.org/wiki/Special:FilePath/Texas%20woman%20univ%20logo.png,Texas Woman's University
149231,001759,Southern Illinois University Edwardsville,Edwardsville,IL,62026-1259,38.793949,-89.997779,https://www.siue.edu/,https://siue.studentaidcalculator.com/welcome.aspx,public,suburb,17,False,False,False,,97.5,considered_not_required,950.0,1190.0,490.0,600.0,460.0,590.0,1100.0,20.0,27.0,8750.0,15.0,75.7,57.0,56346.0,28919.0,12922.0,12922.0,14889.0,8483.0,32.7,,http://commons.wikimedia.org/wiki/Special:FilePath/Siue%20wordmark.svg,Southern Illinois University Edwardsville
228431,003624,Stephen F Austin State University,Nacogdoches,TX,75961,31.621056,-94.64908,https://www.sfasu.edu/,https://apps.highered.texas.gov/apps/npc/?fice=003624,public,town,18,False,False,False,,94.0,considered_not_required,970.0,1170.0,500.0,600.0,470.0,570.0,1066.0,18.0,24.0,8728.0,16.0,71.7,53.3,49634.0,25791.0,11128.0,23426.0,14260.0,10318.0,38.9,,,Stephen F. Austin State University
221847,003523,Tennessee Technological University,Cookeville,TN,38505-0001,36.174754,-85.504039,https://www.tntech.edu/,https://www.tntech.edu/financialaid/cost/calculator.php,public,town,16,False,False,False,,76.1,considered_not_required,1048.0,1310.0,528.0,650.0,520.0,660.0,1151.0,20.0,27.0,8698.0,16.0,78.2,57.7,48501.0,25663.0,11376.0,15576.0,14246.0,9815.0,30.9,,,Tennessee Technological University
126580,004509,University of Colorado Colorado Springs,Colorado Springs,CO,80918,38.892735,-104.800296,https://www.uccs.edu/,https://finaid.uccs.edu/about-financial-aid/how-aid-is-packaged#net-price-calculator,public,city,16,False,False,False,,97.4,considered_not_required,1010.0,1220.0,510.0,620.0,500.0,600.0,1133.0,20.0,26.0,8697.0,15.0,68.3,46.9,54659.0,24595.0,10149.0,24336.0,15788.0,12065.0,27.3,,http://commons.wikimedia.org/wiki/Special:FilePath/UCCSLogo.png,University of Colorado Colorado Springs
110486,007993,California State University-Bakersfield,Bakersfield,CA,93311-1099,35.350005,-119.104711,https://www.csub.edu/,https://www2.calstate.edu/attend/paying-for-college/pages/csu-costs.aspx,public,city,18,False,False,False,,93.8,not_considered,,,,,,,,,,8577.0,20.0,78.8,49.8,59009.0,19522.0,8090.0,20690.0,5652.0,3536.0,60.7,http://commons.wikimedia.org/wiki/Special:FilePath/Walter%20Stiern%20Library%2C%20CSUB.jpg,,"California State University, Bakersfield"
243221,007108,University of Puerto Rico-Rio Piedras,San Juan,PR,00931-0000,18.402826,-66.050009,https://www.uprrp.edu/,https://www.uprrp.edu/netpricecalc/npcalc.htm,public,city,16,False,False,False,,54.6,not_considered,,,,,,,,,,8572.0,11.0,77.2,50.3,35723.0,15118.0,5354.0,5354.0,9175.0,8018.0,66.5,http://commons.wikimedia.org/wiki/Special:FilePath/Universidad%20de%20Puerto%20Rico%20%28R%C3%ADo%20Piedras%29.jpg,,"University of Puerto Rico, Río Piedras Campus"
161253,002053,University of Maine,Orono,ME,04469,44.899257,-68.669332,https://www.umaine.edu/,https://go.umaine.edu/netpricecalculator/,public,suburb,15,False,False,False,,96.6,not_considered,,,,,,,,,,8496.0,15.0,83.4,54.9,48653.0,27328.0,13326.0,36756.0,17510.0,12642.0,23.3,http://commons.wikimedia.org/wiki/Special:FilePath/UMaine%20OakHall.jpg,,University of Maine
149222,001758,Southern Illinois University-Carbondale,Carbondale,IL,62901-4512,37.714193,-89.217273,https://siu.edu/,https://siu.studentaidcalculator.com/survey.aspx,public,town,16,False,False,False,,86.9,considered_not_required,900.0,1160.0,470.0,590.0,430.0,570.0,1055.0,18.0,25.0,8494.0,11.0,66.8,62.4,53390.0,28329.0,13334.0,13334.0,13297.0,9415.0,38.8,http://commons.wikimedia.org/wiki/Special:FilePath/Pulliam%20Hall%20%28SIU%29.JPG,http://commons.wikimedia.org/wiki/Special:FilePath/Southern%20Illinois%20University.png,Southern Illinois University Carbondale
110495,001157,California State University-Stanislaus,Turlock,CA,95382-0299,37.52577,-120.852511,https://www.csustan.edu/,https://finaid.csustan.edu/netpricecalculator/,public,suburb,18,False,False,False,,98.1,not_considered,,,,,,,,,,8385.0,18.0,82.5,53.4,63188.0,19739.0,8246.0,20846.0,6067.0,3938.0,55.2,http://commons.wikimedia.org/wiki/Special:FilePath/CSUSbookstore.JPG,http://commons.wikimedia.org/wiki/Special:FilePath/Csu%20stanislaus%20shield%20logo.svg,"California State University, Stanislaus"
445188,041271,University of California-Merced,Merced,CA,95343-5603,37.366237,-120.424944,https://ucmerced.edu/,https://finaidcalc.ucmerced.edu/,public,suburb,16,False,False,False,,90.5,not_considered,,,,,,,,,,8372.0,20.0,82.1,68.7,64368.0,39665.0,15623.0,49823.0,11983.0,7945.0,58.9,http://commons.wikimedia.org/wiki/Special:FilePath/The%20University%20of%20California%201868%20Merced.svg,http://commons.wikimedia.org/wiki/Special:FilePath/Uc%20merced%20logo.png,"University of California, Merced"
159647,002008,Louisiana Tech University,Ruston,LA,71272,32.528297,-92.649963,https://www.latech.edu/,https://www.latech.edu/current-students/financial-aid/resources/net-price-calculator/#content,public,town,16,False,False,False,,86.4,considered_not_required,1100.0,1310.0,550.0,630.0,550.0,680.0,1191.0,21.0,27.0,8312.0,21.0,82.2,63.8,52279.0,24280.0,10125.0,16866.0,11864.0,7676.0,21.7,,http://commons.wikimedia.org/wiki/Special:FilePath/Louisiana%20Tech%20University%20wordmark.png,Louisiana Tech University
157447,009275,Northern Kentucky University,Highland Heights,KY,41099,39.029714,-84.463483,https://www.nku.edu/,https://nku.studentaidcalculator.com/welcome.aspx,public,suburb,17,False,False,False,,67.7,considered_not_required,953.0,1150.0,473.0,590.0,480.0,560.0,1087.0,18.0,25.0,8246.0,19.0,75.5,52.2,50220.0,19725.0,11088.0,21912.0,8191.0,2603.0,25.2,http://commons.wikimedia.org/wiki/Special:FilePath/NKU-library-1.jpg,,Northern Kentucky University
110361,001125,California Baptist University,Riverside,CA,92504-3297,33.929321,-117.425619,https://www.calbaptist.edu/,https://calbaptist.studentaidcalculator.com/welcome.aspx,private_nonprofit,city,18,False,False,False,75.0,84.9,not_considered,,,,,,,,,,8179.0,21.0,74.4,61.9,61504.0,54038.0,41228.0,41228.0,26285.0,22298.0,42.1,,,California Baptist University
226091,003581,Lamar University,Beaumont,TX,77705,30.042738,-94.072244,https://www.lamar.edu/,https://www.lamar.edu/financial-aid/cost-calculator.html,public,city,17,False,False,False,,86.4,considered_not_required,930.0,1140.0,480.0,580.0,450.0,560.0,1061.0,18.0,25.0,8150.0,20.0,61.9,37.3,49652.0,22254.0,8905.0,18745.0,9366.0,7568.0,46.5,http://commons.wikimedia.org/wiki/Special:FilePath/LUCampusFullBloom.jpg,http://commons.wikimedia.org/wiki/Special:FilePath/Lamar%20University%20logo.svg,Lamar University
169910,002260,Ferris State University,Big Rapids,MI,49307-2251,43.687724,-85.481925,https://www.ferris.edu/,https://www.ferris.edu/admissions/financialaid/netpricecalculator.htm,public,town,17,False,False,False,,91.4,considered_not_required,890.0,1120.0,460.0,570.0,430.0,550.0,1012.0,20.0,24.0,8106.0,15.0,77.6,46.9,54735.0,27048.0,14778.0,14778.0,8624.0,2556.0,34.2,http://commons.wikimedia.org/wiki/Special:FilePath/Ferris%20State%20University%20August%202010%2014%20%28FLITE%29.JPG,http://commons.wikimedia.org/wiki/Special:FilePath/Ferris%20State%20University%20logo.svg,Ferris State University
224147,011161,Texas A & M University-Corpus Christi,Corpus Christi,TX,78412-5503,27.713723,-97.32395,https://www.tamucc.edu/,https://apps.highered.texas.gov/index.cfm?page=1a0b23b6b5960748dfcd38f788922d7646e17b1a9204b5063fdc2830e9d90dc4&fice=011161,public,city,16,False,False,False,,88.6,considered_not_required,970.0,1193.0,500.0,610.0,470.0,583.0,1086.0,19.0,25.0,8034.0,19.0,58.4,40.2,51865.0,25210.0,9748.0,20794.0,15225.0,11445.0,42.9,,,Texas A&M University–Corpus Christi
206695,003145,Youngstown State University,Youngstown,OH,44555-0001,41.104928,-80.64659,https://ysu.edu/,https://cfweb.cc.ysu.edu/finaid/estimator/est_estimator.cfm,public,city,18,False,False,False,,84.5,considered_not_required,1010.0,1230.0,510.0,620.0,500.0,610.0,1120.0,19.0,25.0,7961.0,20.0,75.7,50.5,41544.0,21708.0,11113.0,11473.0,12767.0,9328.0,33.8,http://commons.wikimedia.org/wiki/Special:FilePath/Youngstown%20State%20University%20clock%20tower%20as%20seen%20from%20Moser%20Hall.jpg,http://commons.wikimedia.org/wiki/Special:FilePath/YSUWordmarkNew.svg,Youngstown State University
240727,003932,University of Wyoming,Laramie,WY,82071,41.311773,-105.57931,https://www.uwyo.edu/,https://www.uwyo.edu/sfa/cost-of-attendance/net-price-calculator.html,public,town,16,False,False,False,,96.9,not_considered,,,,,,,,,,7944.0,13.0,79.7,58.8,56880.0,24818.0,7768.0,24178.0,13599.0,7977.0,22.8,http://commons.wikimedia.org/wiki/Special:FilePath/Wyoming%20Union%202009.jpg,http://commons.wikimedia.org/wiki/Special:FilePath/University%20of%20Wyoming%20logo.svg,University of Wyoming
131113,007948,Wilmington University,New Castle,DE,19720,39.682299,-75.586998,https://www.wilmu.edu/,https://npc.collegeboard.org/student/app/wilmu,private_nonprofit,suburb,17,False,False,False,,,,,,,,,,,,,7906.0,12.0,61.2,19.8,53844.0,19644.0,12630.0,12630.0,15644.0,15500.0,26.1,,http://commons.wikimedia.org/wiki/Special:FilePath/Wilmington%20univ%20textlogo.png,Wilmington University
479956,003329,Pennsylvania State University-World Campus,University Park,PA,16802-1503,40.7965,-77.862848,https://worldcampus.psu.edu/,https://tuition.psu.edu/student-tuition-calculators,public,city,-2,False,False,False,,91.1,considered_not_required,1090.0,1335.0,560.0,680.0,530.0,655.0,1248.0,26.0,32.0,7877.0,16.0,65.8,34.2,63435.0,27678.0,15356.0,15356.0,19550.0,16372.0,31.4,,,
243601,011719,Universidad Ana G. Mendez-Gurabo Campus,Gurabo,PR,00778-3030,18.239647,-66.006259,https://uagm.edu/,https://documento.uagm.edu/netprice/np-gurabo.html,private_nonprofit,suburb,17,False,False,False,,,,,,,,,,,,,7868.0,28.0,75.1,31.4,26223.0,14224.0,7750.0,7750.0,7051.0,7135.0,85.6,,,Turabo University at Gurabo
133553,001479,Embry-Riddle Aeronautical University-Daytona Beach,Daytona Beach,FL,32114-3900,29.189903,-81.048367,https://daytonabeach.erau.edu/,https://daytonabeach.erau.edu/financial-aid/net-price-calculator,private_nonprofit,city,18,False,False,False,,64.8,considered_not_required,1160.0,1360.0,580.0,670.0,580.0,690.0,1257.0,24.0,30.0,7860.0,18.0,88.1,66.5,84131.0,64632.0,44249.0,44249.0,41272.0,36238.0,14.8,http://commons.wikimedia.org/wiki/Special:FilePath/Embry-Riddle-COA.JPG,http://commons.wikimedia.org/wiki/Special:FilePath/Embry%20riddle%20au%20daytona%20beach%20logo.svg,"Embry–Riddle Aeronautical University, Daytona Beach"
179867,002520,Washington University in St Louis,St. Louis,MO,63130,38.647929,-90.310604,https://washu.edu/,https://financialaid.washu.edu/costs/cost-calculators/net-price-calculator,private_nonprofit,suburb,15,False,False,False,,12.1,considered_not_required,1500.0,1570.0,730.0,770.0,770.0,800.0,1530.0,33.0,35.0,7857.0,7.0,95.0,94.3,86182.0,88488.0,65790.0,65790.0,21786.0,1716.0,17.8,http://commons.wikimedia.org/wiki/Special:FilePath/Olin%20Library%20-%20Danforth%20Campus%20at%20Washington%20University%20in%20St.%20Louis.jpg,http://commons.wikimedia.org/wiki/Special:FilePath/Washu%20textlogo.png,Washington University in St. Louis
234827,003771,Central Washington University,Ellensburg,WA,98926,47.002687,-120.538368,https://www.cwu.edu/,https://www.cwu.edu/_app/net-price-calc/,public,town,18,False,False,False,,90.6,not_considered,,,,,,,,,,7833.0,15.0,70.0,53.6,61580.0,28816.0,9417.0,27526.0,18476.0,11846.0,28.3,http://commons.wikimedia.org/wiki/Special:FilePath/2008-1019-02-CentralWashingtonUniversity.jpg,http://commons.wikimedia.org/wiki/Special:FilePath/Cwu%20university%20logo.svg,Central Washington University
165024,002183,Bridgewater State University,Bridgewater,MA,02325,41.98749,-70.974553,https://www.bridgew.edu/,https://www.bridgew.edu/office/financial-aid/net-price-calulator,public,suburb,18,False,False,False,,87.8,considered_not_required,1060.0,1263.0,550.0,650.0,510.0,613.0,1180.0,25.0,30.0,7829.0,17.0,75.1,53.4,57466.0,26160.0,11808.0,17948.0,16383.0,10007.0,31.9,http://commons.wikimedia.org/wiki/Special:FilePath/Boyden%20Hall%2C%20Bridgewater%20State%20University.jpg,http://commons.wikimedia.org/wiki/Special:FilePath/Bridgewater%20st%20univ%20textlogo.svg,Bridgewater State University
128771,001378,Central Connecticut State University,New Britain,CT,06050,41.692502,-72.765991,https://www.ccsu.edu/,https://www.ccsu.edu/financial-aid/net-price-calculator,public,suburb,18,False,False,False,,73.3,considered_not_required,960.0,1190.0,490.0,600.0,470.0,590.0,1080.0,,,7822.0,14.0,77.1,48.4,58562.0,24870.0,13050.0,16550.0,16857.0,13589.0,38.4,http://commons.wikimedia.org/wiki/Special:FilePath/Vance%20Academic%20Center%2C%20Central%20Connecticut%20State%20University%2C%202009-09-15.jpg,,Central Connecticut State University
160755,002029,Tulane University of Louisiana,New Orleans,LA,70118-5698,29.940069,-90.122144,https://tulane.edu/,https://admission.tulane.edu/tuition-aid/net-price-calculator,private_nonprofit,city,15,False,False,False,,14.0,considered_not_required,1400.0,1520.0,700.0,750.0,700.0,770.0,1448.0,31.0,34.0,7767.0,7.0,92.5,86.1,63268.0,87004.0,68678.0,68678.0,39949.0,16126.0,9.8,http://commons.wikimedia.org/wiki/Special:FilePath/NewcombHallDownsideCenterJan08.jpg,http://commons.wikimedia.org/wiki/Special:FilePath/Tulane%20University%20full%20logo.svg,Tulane University
106704,001092,University of Central Arkansas,Conway,AR,72035-0001,35.077945,-92.457672,https://www.uca.edu/,https://uca.edu/financialaid/net-price-calculator/,public,city,17,False,False,False,,89.5,considered_not_required,910.0,1170.0,480.0,590.0,430.0,580.0,1118.0,19.0,25.0,7762.0,15.0,73.3,53.5,45938.0,25029.0,10523.0,18023.0,16511.0,14656.0,38.0,http://commons.wikimedia.org/wiki/Special:FilePath/Oldmainuca.JPG,,University of Central Arkansas
142285,001626,University of Idaho,Moscow,ID,83844-2282,46.727406,-117.014167,https://www.uidaho.edu/,https://www.uidaho.edu/financial-aid/cost-of-attendance,public,town,16,False,False,False,,75.5,considered_not_required,990.0,1230.0,500.0,630.0,490.0,600.0,1116.0,20.0,26.0,7747.0,18.0,75.6,57.3,54670.0,23738.0,9084.0,28320.0,14831.0,11270.0,23.5,http://commons.wikimedia.org/wiki/Special:FilePath/University%20of%20Idaho%20Administration%20Building%20-%20north%20side.jpg,http://commons.wikimedia.org/wiki/Special:FilePath/University%20of%20Idaho%20logo.svg,University of Idaho
186399,002629,Rutgers University-Newark,Newark,NJ,07102,40.739122,-74.175809,https://www.newark.rutgers.edu/,https://scarlethub.rutgers.edu/financial-services/tools-resources/net-price-calculator/,public,city,16,False,False,False,,71.4,not_considered,,,,,,,,,,7709.0,14.0,83.8,63.7,74479.0,35654.0,17250.0,36762.0,19703.0,16420.0,58.8,http://commons.wikimedia.org/wiki/Special:FilePath/Rutgers%20Library%20plaza%202023%20uncut%20jeh.jpg,http://commons.wikimedia.org/wiki/Special:FilePath/Rutgers%20newark%20univ%20logo.png,Rutgers University–Newark
202480,003127,University of Dayton,Dayton,OH,45469,39.739547,-84.176113,https://udayton.edu/,https://udayton.edu/netprice/,private_nonprofit,city,16,False,False,False,30.0,65.5,considered_not_required,1200.0,1380.0,600.0,690.0,600.0,690.0,1335.0,25.0,31.0,7682.0,14.0,89.1,80.2,75537.0,65881.0,49140.0,49140.0,29533.0,21736.0,15.8,http://commons.wikimedia.org/wiki/Special:FilePath/UniversityofDayton.jpg,,University of Dayton
194310,002791,Pace University,New York,NY,10038-1598,40.711014,-74.004719,https://www.pace.edu/,https://www.pace.edu/admission-aid/undergraduate-admission/freshman/net-price-calculator,private_nonprofit,city,17,False,False,False,,75.9,considered_not_required,1180.0,1340.0,600.0,680.0,580.0,660.0,1266.0,24.0,29.0,7665.0,14.0,75.5,60.0,70378.0,69550.0,53290.0,53290.0,30892.0,26473.0,27.3,http://commons.wikimedia.org/wiki/Special:FilePath/PaceUniversity.JPG,http://commons.wikimedia.org/wiki/Special:FilePath/Pace%20University%20Logo.svg,Pace University
239105,003863,Marquette University,Milwaukee,WI,53233,43.03903,-87.927961,https://www.marquette.edu/,https://marquette.clearcostcalculator.com/student/default/netpricecalculator/survey,private_nonprofit,city,16,False,False,False,30.0,81.3,considered_not_required,1200.0,1360.0,610.0,680.0,590.0,680.0,1310.0,26.0,31.0,7660.0,14.0,91.0,83.2,78257.0,66768.0,51170.0,51170.0,31487.0,22269.0,18.4,http://commons.wikimedia.org/wiki/Special:FilePath/Marquette-university.jpg,,Marquette University
166027,002155,Harvard University,Cambridge,MA,02138,42.374471,-71.118313,https://www.harvard.edu/,https://college.harvard.edu/financial-aid/net-price-calculator,private_nonprofit,city,15,False,False,False,,3.6,required,1510.0,1580.0,740.0,780.0,770.0,800.0,1553.0,34.0,36.0,7601.0,7.0,98.3,97.6,101817.0,85540.0,61676.0,61676.0,19066.0,8697.0,16.4,http://commons.wikimedia.org/wiki/Special:FilePath/Sanders%20theater%202009y.JPG,http://commons.wikimedia.org/wiki/Special:FilePath/Harvard%20University%20logo.svg,Harvard University
196264,010286,Empire State University,Saratoga Springs,NY,12866-4391,43.077283,-73.782484,https://www.sunyempire.edu/,https://sunyempire.edu/admissions-and-aid/tuition-and-fees/net-price-calculator.html,public,suburb,18,False,False,False,,,,,,,,,,,,,7585.0,17.0,65.7,41.2,54080.0,19699.0,7648.0,17558.0,11676.0,8989.0,36.8,http://commons.wikimedia.org/wiki/Special:FilePath/Empire%20State%20College%20coordinating%20center.jpg,,Empire State College
142276,001620,Idaho State University,Pocatello,ID,83209,42.863832,-112.432312,https://www.isu.edu/,https://www.isu.edu/financialaid/consumer-information/net-price-calculator/,public,city,16,False,False,False,,,,,,,,,,,,,7583.0,14.0,72.0,39.4,45608.0,21527.0,8610.0,27720.0,12193.0,10593.0,27.9,,http://commons.wikimedia.org/wiki/Special:FilePath/Idaho%20State%20University%20logo.svg,Idaho State University
133650,001480,Florida Agricultural and Mechanical University,Tallahassee,FL,32307,30.428504,-84.290226,https://www.famu.edu/,https://www.collegeraptor.com/shopping/school/florida-agricultural-and-mechanical-university-fl--133650,public,city,16,True,False,False,,20.6,required,1030.0,1180.0,520.0,610.0,510.0,570.0,1107.0,20.0,24.0,7582.0,14.0,89.2,53.3,44349.0,23970.0,5785.0,17725.0,13739.0,13299.0,54.3,http://commons.wikimedia.org/wiki/Special:FilePath/Florida%20Agricultural%20and%20Mechanical%20University%20campus.jpg,http://commons.wikimedia.org/wiki/Special:FilePath/Florida%20A%26M%20University%20logo.svg,Florida A&M University
131496,001445,Georgetown University,Washington,DC,20057-0001,38.908809,-77.073463,https://www.georgetown.edu/,https://finaid.georgetown.edu/consumer-info#Net Price,private_nonprofit,city,15,False,False,False,30.0,12.9,required,1390.0,1550.0,700.0,770.0,690.0,780.0,1487.0,31.0,35.0,7569.0,11.0,96.8,94.8,103494.0,88741.0,68017.0,68017.0,40815.0,5064.0,10.1,http://commons.wikimedia.org/wiki/Special:FilePath/Healy%20Hall%20Georgetown%20University.jpg,http://commons.wikimedia.org/wiki/Special:FilePath/Georgetown%20University%20Logotype.svg,Georgetown University
144050,001774,University of Chicago,Chicago,IL,60637,41.787994,-87.599539,https://www.uchicago.edu/,https://financialaid.uchicago.edu/undergraduate/resources-and-tools/net-price-calculator/,private_nonprofit,city,15,False,False,False,,4.5,considered_not_required,1510.0,1580.0,740.0,780.0,770.0,800.0,1554.0,34.0,35.0,7569.0,5.0,99.3,95.9,91885.0,90360.0,70662.0,70662.0,14860.0,-1264.0,15.3,http://commons.wikimedia.org/wiki/Special:FilePath/Campus%20Spring.jpg,http://commons.wikimedia.org/wiki/Special:FilePath/University%20of%20Chicago%20wordmark.svg,University of Chicago
219602,003478,Austin Peay State University,Clarksville,TN,37044,36.533319,-87.354081,https://www.apsu.edu/,https://app.meadowfi.com/apsu,public,city,18,False,False,False,,96.4,considered_not_required,843.0,1126.0,445.0,573.0,398.0,553.0,1088.0,18.0,24.0,7560.0,14.0,70.0,40.2,44301.0,22233.0,9006.0,14766.0,9735.0,7588.0,43.5,http://commons.wikimedia.org/wiki/Special:FilePath/Austin%20Peay%20Browning%20Building.jpg,http://commons.wikimedia.org/wiki/Special:FilePath/Austin%20Peay%20State%20University%20%28old%29%20logo.svg,Austin Peay State University
243744,001305,Stanford University,Stanford,CA,94305,37.429434,-122.167359,https://www.stanford.edu/,https://financialaid.stanford.edu/undergrad/how/calculator/index.html?tab=net-price-calculator,private_nonprofit,suburb,15,False,False,False,,3.6,considered_not_required,1510.0,1580.0,740.0,780.0,770.0,800.0,1553.0,34.0,35.0,7554.0,6.0,98.2,91.9,124080.0,87833.0,65910.0,65910.0,13807.0,-2536.0,19.2,http://commons.wikimedia.org/wiki/Special:FilePath/Stanford%20Oval%20May%202011%20panorama.jpg,http://commons.wikimedia.org/wiki/Special:FilePath/Stanford%20wordmark%20%282012%29.svg,Stanford University
186876,009345,Stockton University,Galloway,NJ,08205-9441,39.492036,-74.531087,https://www.stockton.edu/,https://stockton.clearcostcalculator.com/student/default/netpricecalculator/survey,public,rural,17,False,False,False,,88.9,considered_not_required,1030.0,1230.0,530.0,620.0,500.0,610.0,1139.0,21.0,25.0,7537.0,17.0,78.6,68.5,57602.0,35139.0,16266.0,24524.0,20670.0,15135.0,42.3,http://commons.wikimedia.org/wiki/Special:FilePath/O%27Donnell%20Memorial%20Park%20td%20%282019-04-08%29%20033%20-%20World%20War%20I%20Memorial.jpg,,Stockton University
154095,001890,University of Northern Iowa,Cedar Falls,IA,50614-0005,42.514923,-92.459703,https://www.uni.edu/,https://admissions.uni.edu/financial-aid/resources/net-price-calculator,public,city,18,False,False,False,,92.7,considered_not_required,1020.0,1280.0,520.0,650.0,500.0,630.0,1122.0,19.0,26.0,7529.0,18.0,81.7,67.9,55177.0,22278.0,9936.0,21712.0,15901.0,10863.0,27.4,http://commons.wikimedia.org/wiki/Special:FilePath/UNI%20Lang%20Hall.JPG,,University of Northern Iowa
141334,001601,University of West Georgia,Carrollton,GA,30118-0001,33.573621,-85.097762,https://www.westga.edu/,https://www.westga.edu/student-services/financialaid/npcalc.html,public,town,17,False,False,False,,51.6,required,950.0,1140.0,490.0,590.0,460.0,550.0,1032.0,17.0,22.0,7520.0,18.0,77.5,43.5,49587.0,21981.0,6088.0,17800.0,12786.0,10339.0,40.4,,http://commons.wikimedia.org/wiki/Special:FilePath/University%20of%20West%20Georgia%20logo.svg,University of West Georgia
180489,002536,The University of Montana,Missoula,MT,59812,46.859312,-113.982912,https://www.umt.edu/,https://www.umt.edu/finaid/cost-of-attendance/net-price-calculator/default.php,public,city,15,False,False,False,,95.9,considered_not_required,,,,,,,1190.0,23.0,28.0,7488.0,17.0,74.8,48.0,44511.0,23570.0,8552.0,33671.0,16784.0,13960.0,28.0,http://commons.wikimedia.org/wiki/Special:FilePath/Missoula%2C%20MT%20%E2%80%94%20University%20of%20Montana%20%282021-08-08%29%2C%2001.jpg,http://commons.wikimedia.org/wiki/Special:FilePath/University%20of%20Montana%20logo%20%282013%29.svg,University of Montana
111948,001164,Chapman University,Orange,CA,92866,33.79302,-117.852518,https://www.chapman.edu/,https://www.chapman.edu/students/tuition-and-aid/financial-aid/net-cost-calculator/index.aspx,private_nonprofit,city,16,False,False,False,61.0,65.4,considered_not_required,1260.0,1440.0,630.0,720.0,630.0,720.0,1357.0,28.0,31.0,7478.0,12.0,91.8,81.9,70070.0,83146.0,64984.0,64984.0,46555.0,33559.0,19.4,http://commons.wikimedia.org/wiki/Special:FilePath/2008-0614-LA-OC-005-Chapman.jpg,http://commons.wikimedia.org/wiki/Special:FilePath/Chapman%20University%20logo.svg,Chapman University
164748,002126,Berklee College of Music,Boston,MA,02215,42.346646,-71.089405,https://www.berklee.edu/,https://www.berklee.edu/paying-for-your-education/net-price-calculator,private_nonprofit,city,18,False,False,False,,43.5,not_considered,,,,,,,,,,7468.0,9.0,88.6,67.3,33647.0,72700.0,52040.0,52040.0,49465.0,42734.0,16.2,http://commons.wikimedia.org/wiki/Special:FilePath/Berklee.JPG,http://commons.wikimedia.org/wiki/Special:FilePath/Berklee%20College%20of%20Music%20logo%20and%20wordmark.svg,Berklee College of Music
498571,003316,Pennsylvania Western University,California,PA,15419,40.064964,-79.88679,https://www.pennwest.edu/,https://pennwest.clearcostcalculator.com/student/default/netpricecalculator/survey,public,town,18,False,False,False,,94.3,considered_not_required,940.0,1140.0,480.0,580.0,460.0,560.0,1063.0,17.0,25.0,7451.0,18.0,71.7,51.9,47295.0,26916.0,11436.0,16054.0,18256.0,13944.0,38.3,,,
228802,011163,The University of Texas at Tyler,Tyler,TX,75799-6699,32.315772,-95.254337,https://www.uttyler.edu/,https://www.uttyler.edu/admissions-aid/tuition-financial-aid-fees/tuition-fees/cost-calculator.php,public,city,16,False,False,False,,94.0,considered_not_required,1010.0,1200.0,510.0,610.0,500.0,590.0,1114.0,20.0,26.0,7440.0,17.0,76.8,54.1,57053.0,24505.0,9736.0,25494.0,13323.0,10307.0,39.7,http://commons.wikimedia.org/wiki/Special:FilePath/UT%20Tyler%20Riter%20Tower.jpg,http://commons.wikimedia.org/wiki/Special:FilePath/Uttyler%20textlogo.png,University of Texas at Tyler
174233,002388,University of Minnesota-Duluth,Duluth,MN,55812,46.817126,-92.084385,https://d.umn.edu/,https://admissions.d.umn.edu/costs-aid/npc,public,city,18,False,False,False,,88.8,considered_not_required,1180.0,1350.0,590.0,675.0,590.0,675.0,1251.0,23.0,28.0,7336.0,16.0,81.1,64.7,62616.0,27680.0,14610.0,20130.0,18743.0,7256.0,18.8,http://commons.wikimedia.org/wiki/Special:FilePath/2009-0617-UMD-Darland.jpg,http://commons.wikimedia.org/wiki/Special:FilePath/Minn%20duluth%20logo%20motto.png,University of Minnesota Duluth
240480,003924,University of Wisconsin-Stevens Point,Stevens Point,WI,54481-3897,44.529582,-89.570934,https://www.uwsp.edu/,https://app.meadowfi.com/uwsp,public,town,19,False,False,False,,91.8,considered_not_required,,,,,,,1150.0,20.0,26.0,7306.0,21.0,73.8,50.8,52021.0,20079.0,9488.0,18508.0,14559.0,8833.0,28.7,http://commons.wikimedia.org/wiki/Special:FilePath/UniversityWisconsinStevensPointOldMainHall.jpg,http://commons.wikimedia.org/wiki/Special:FilePath/Uw%20stevens%20point%20textlogo.png,University of Wisconsin–Stevens Point
211440,003242,Carnegie Mellon University,Pittsburgh,PA,15213-3890,40.44357,-79.941993,https://www.cmu.edu/,https://www.cmu.edu/admission/costs-aid/net-price-calculator,private_nonprofit,city,15,False,False,False,,11.7,considered_not_required,1500.0,1570.0,730.0,770.0,770.0,800.0,1546.0,34.0,35.0,7304.0,5.0,98.0,94.1,114862.0,83654.0,66246.0,66246.0,31944.0,9097.0,16.0,http://commons.wikimedia.org/wiki/Special:FilePath/CMU%20campus%20Cathedral%20Learning%20background.jpg,http://commons.wikimedia.org/wiki/Special:FilePath/Carnegie%20Mellon%20University%20wordmark.svg,Carnegie Mellon University
139658,001564,Emory University,Atlanta,GA,30322,33.790183,-84.325512,https://www.emory.edu/,https://npc.collegeboard.org/app/emory,private_nonprofit,city,15,False,False,False,71.0,10.7,considered_not_required,1470.0,1550.0,720.0,760.0,750.0,790.0,1520.0,32.0,35.0,7298.0,10.0,95.7,91.1,80137.0,83622.0,64280.0,64280.0,22585.0,7363.0,18.2,http://commons.wikimedia.org/wiki/Special:FilePath/Candler%20School%20of%20Theology.JPG,,Emory University
228246,003613,Southern Methodist University,Dallas,TX,75275-0221,32.843612,-96.783365,https://www.smu.edu/,https://www.smu.edu/enrollment-services/student-financial-services/cost-and-payment/net-price-calculator,private_nonprofit,suburb,16,False,False,False,71.0,63.3,considered_not_required,1340.0,1490.0,670.0,740.0,670.0,750.0,1428.0,30.0,34.0,7277.0,11.0,90.5,84.3,78354.0,85606.0,67040.0,67040.0,40892.0,23544.0,12.8,http://commons.wikimedia.org/wiki/Special:FilePath/Dallas%20Hall.jpg,http://commons.wikimedia.org/wiki/Special:FilePath/Smu%20university%20wordmark.svg,Southern Methodist University
179159,002506,Saint Louis University,Saint Louis,MO,63103-2097,38.636801,-90.2351,https://www.slu.edu/,https://www.slu.edu/financial-aid/tuition-and-costs/calculator.php,private_nonprofit,city,16,False,False,False,30.0,75.0,considered_not_required,1200.0,1410.0,600.0,700.0,600.0,710.0,1317.0,25.0,31.0,7267.0,9.0,87.8,79.5,70783.0,71932.0,55760.0,55760.0,24398.0,22501.0,16.9,http://commons.wikimedia.org/wiki/Special:FilePath/Slu%20dubourg%201888.jpg,,Saint Louis University
131159,001434,American University,Washington,DC,20016-8001,38.936005,-77.088875,https://www.american.edu/,https://www.american.edu/financialaid/net-price-calculator-form.cfm,private_nonprofit,city,16,False,False,False,71.0,62.0,considered_not_required,1280.0,1460.0,660.0,740.0,620.0,720.0,1381.0,29.0,32.0,7266.0,10.0,88.2,75.5,77370.0,76058.0,58771.0,58771.0,41943.0,23233.0,13.9,http://commons.wikimedia.org/wiki/Special:FilePath/American%20University%20Glover%20Gate.jpg,http://commons.wikimedia.org/wiki/Special:FilePath/American%20University%20logo.svg,American University
237525,003815,Marshall University,Huntington,WV,25755,38.422482,-82.428964,https://www.marshall.edu/,https://marshall.studentaidcalculator.com/survey.aspx,public,city,16,False,False,False,,95.7,considered_not_required,910.0,1150.0,480.0,590.0,430.0,560.0,1061.0,19.0,24.0,7266.0,16.0,72.2,51.2,46354.0,22022.0,9162.0,20342.0,7502.0,4648.0,38.7,http://commons.wikimedia.org/wiki/Special:FilePath/JohnDeaverDrinkoLibrary.jpg,http://commons.wikimedia.org/wiki/Special:FilePath/Marshall%20University%20logo.svg,Marshall University
136215,001509,Nova Southeastern University,Fort Lauderdale,FL,33328-2004,26.082288,-80.249891,https://www.nova.edu/,https://www.nova.edu/npc/index.html,private_nonprofit,suburb,16,False,False,False,,73.2,considered_not_required,1030.0,1300.0,530.0,650.0,500.0,650.0,1157.0,19.0,28.0,7240.0,16.0,75.6,63.3,59209.0,56692.0,38700.0,38700.0,30371.0,26603.0,35.8,http://commons.wikimedia.org/wiki/Special:FilePath/NSU%20College%20of%20Dental%20Medicine.JPG,http://commons.wikimedia.org/wiki/Special:FilePath/Nova%20Southeastern%20University%20wordmark.svg,Nova Southeastern University
217156,003401,Brown University,Providence,RI,02912,41.82617,-71.40385,https://www.brown.edu/,https://npc.collegeboard.org/app/brown,private_nonprofit,city,15,False,False,False,,5.4,considered_not_required,1510.0,1580.0,740.0,780.0,770.0,800.0,1546.0,34.0,35.0,7226.0,6.0,98.8,95.7,93487.0,87648.0,71412.0,71412.0,25184.0,-420.0,13.8,http://commons.wikimedia.org/wiki/Special:FilePath/Manning%20Chapel.jpg,http://commons.wikimedia.org/wiki/Special:FilePath/Brown%20University%20logo.svg,Brown University
102553,011462,University of Alaska Anchorage,Anchorage,AK,99508,61.190163,-149.82619,https://www.uaa.alaska.edu/,https://www.uaa.alaska.edu/financialaid/customcf/npcalc.htm,public,city,18,False,False,False,,,,,,,,,,,,,7212.0,11.0,70.7,29.7,51871.0,24096.0,7738.0,21322.0,15301.0,11582.0,18.5,http://commons.wikimedia.org/wiki/Special:FilePath/Glenn%20Massay%20Theater%2C%20South%20Side.jpg,http://commons.wikimedia.org/wiki/Special:FilePath/Univ%20alaska%20anchorage%20logo.svg,University of Alaska Anchorage
221999,003535,Vanderbilt University,Nashville,TN,37240,36.14659,-86.803369,https://www.vanderbilt.edu/,https://www.vanderbilt.edu/financialaid/net-price-calculator.php,private_nonprofit,city,15,False,False,False,,5.9,considered_not_required,1500.0,1570.0,730.0,770.0,770.0,800.0,1549.0,34.0,35.0,7208.0,8.0,96.3,93.5,91565.0,89590.0,67498.0,67498.0,15846.0,3414.0,20.2,http://commons.wikimedia.org/wiki/Special:FilePath/Vanderbilt%20university%20campus%202017.jpg,http://commons.wikimedia.org/wiki/Special:FilePath/Vanderbilt%20University%20logo.svg,Vanderbilt University
219709,003479,Belmont University,Nashville,TN,37212-3757,36.135589,-86.794807,https://www.belmont.edu/,https://www.belmont.edu/sfs/cost/net-price-calculator.html,private_nonprofit,city,17,False,False,False,42.0,95.3,considered_not_required,1160.0,1350.0,600.0,690.0,560.0,660.0,1280.0,24.0,30.0,7137.0,12.0,86.9,70.7,55930.0,62570.0,42540.0,42540.0,33147.0,22950.0,20.8,,,Belmont University
445027,021136,American InterContinental University System,Chandler,AZ,85286,33.278816,-111.804036,https://www.aius.education/,https://www.aius.education/about-aius/institutions,private_for_profit,city,18,False,False,False,,,,,,,,,,,,,7111.0,36.0,36.0,8.5,36144.0,22256.0,12397.0,12397.0,15172.0,14802.0,71.0,,,American InterContinental University
187134,002642,The College of New Jersey,Ewing,NJ,08628-7718,40.268651,-74.778791,https://www.tcnj.edu/,https://netpricecalc.tcnj.edu/netpricecalc/,public,suburb,18,False,False,False,,62.3,considered_not_required,1140.0,1340.0,570.0,670.0,570.0,670.0,1246.0,26.0,31.0,7105.0,14.0,91.3,85.9,73323.0,38860.0,19632.0,25752.0,27646.0,7908.0,21.0,http://commons.wikimedia.org/wiki/Special:FilePath/GreenHall.jpg,http://commons.wikimedia.org/wiki/Special:FilePath/Tcnj%20text%20logo.png,The College of New Jersey
117946,011649,Loyola Marymount University,Los Angeles,CA,90045-2659,33.97085,-118.415744,https://www.lmu.edu/,https://lmu.studentaidcalculator.com/survey.aspx,private_nonprofit,city,16,False,False,False,30.0,45.1,considered_not_required,1260.0,1430.0,640.0,720.0,620.0,710.0,1359.0,28.0,32.0,7094.0,10.0,88.6,78.9,78349.0,83943.0,62357.0,62357.0,48381.0,32268.0,13.2,http://commons.wikimedia.org/wiki/Special:FilePath/Loyola%20Marymount%20SunkenGardens%20SacredHeartChapel.jpg,,Loyola Marymount University
130253,001403,Sacred Heart University,Fairfield,CT,06825-1000,41.220893,-73.243332,https://www.sacredheart.edu/,https://www.sacredheart.edu/admissions--aid/financial-assistance/full-time-undergraduates/net-price-calculator/,private_nonprofit,suburb,17,False,False,False,30.0,65.4,not_considered,,,,,,,,,,7087.0,15.0,83.1,73.5,75059.0,69289.0,50404.0,50404.0,46174.0,38691.0,15.8,http://commons.wikimedia.org/wiki/Special:FilePath/SHUquad2.jpg,http://commons.wikimedia.org/wiki/Special:FilePath/Sacred%20Heart%20University%20logo.png,Sacred Heart University
168148,002219,Tufts University,Medford,MA,02155-5555,42.40855,-71.118293,https://www.tufts.edu/,https://npc.collegeboard.org/app/tufts,private_nonprofit,suburb,15,False,False,False,,11.5,considered_not_required,1470.0,1560.0,720.0,770.0,750.0,790.0,1513.0,33.0,35.0,7061.0,10.0,95.5,93.5,83214.0,88300.0,70704.0,70704.0,39998.0,11284.0,12.0,http://commons.wikimedia.org/wiki/Special:FilePath/Tufts%20Bendetson%20hall.JPG,http://commons.wikimedia.org/wiki/Special:FilePath/Tufts%20University%20wordmark.svg,Tufts University
231624,003705,William & Mary,Williamsburg,VA,23187-8795,37.269489,-76.708214,https://www.wm.edu/,https://npc.collegeboard.org/app/wm,public,suburb,16,False,False,False,,34.1,considered_not_required,1400.0,1530.0,710.0,760.0,690.0,770.0,1473.0,32.0,34.0,7055.0,12.0,94.6,89.4,73490.0,43035.0,25914.0,51038.0,19096.0,3106.0,12.4,http://commons.wikimedia.org/wiki/Special:FilePath/College%20of%20William%20and%20Mary%20Wren1%20Williamsburg.jpg,,College of William & Mary
101480,001020,Jacksonville State University,Jacksonville,AL,36265,33.822938,-85.765321,https://www.jsu.edu/,https://jsu.clearcostcalculator.com/student/default/netpricecalculator/survey,public,suburb,18,False,False,False,,77.7,considered_not_required,1000.0,1290.0,500.0,630.0,500.0,660.0,1059.0,17.0,24.0,7036.0,19.0,64.6,54.7,45235.0,24257.0,12894.0,23334.0,14279.0,12472.0,42.6,http://commons.wikimedia.org/wiki/Special:FilePath/Jacksonville%20State%20University%20College%20of%20Nursing.JPG,http://commons.wikimedia.org/wiki/Special:FilePath/Jacksonville%20State%20University%202023.png,Jacksonville State University
156541,001962,University of the Cumberlands,Williamsburg,KY,40769,36.737048,-84.161646,https://www.ucumberlands.edu/,https://www.ucumberlands.edu/npc,private_nonprofit,town,17,False,False,False,54.0,98.8,not_considered,,,,,,,,,,6941.0,23.0,74.3,50.4,45036.0,25567.0,9875.0,9875.0,14107.0,10736.0,53.4,http://commons.wikimedia.org/wiki/Special:FilePath/University%20of%20the%20Cumberlands%20Welcome%20Sign.JPG,,University of the Cumberlands
216597,003388,Villanova University,Villanova,PA,19085-1699,40.036463,-75.340502,https://www.villanova.edu/,https://npc.collegeboard.org/student/app/villanova,private_nonprofit,suburb,16,False,False,False,30.0,27.0,considered_not_required,1395.0,1510.0,685.0,740.0,710.0,770.0,1460.0,32.0,34.0,6938.0,10.0,95.1,91.9,100423.0,84793.0,67776.0,67776.0,43756.0,17823.0,12.0,http://commons.wikimedia.org/wiki/Special:FilePath/Villanova%20Church.jpg,,Villanova University
229814,003665,West Texas A & M University,Canyon,TX,79016-0001,34.982789,-101.914736,https://www.wtamu.edu/,https://apps.wtamu.edu/calculator/,public,town,18,False,False,False,,98.7,considered_not_required,950.0,1170.0,480.0,590.0,470.0,580.0,1050.0,18.0,23.0,6917.0,14.0,69.6,55.0,50741.0,23482.0,9101.0,10996.0,19487.0,16525.0,41.1,,,West Texas A&M University
240365,003920,University of Wisconsin-Oshkosh,Oshkosh,WI,54901,44.026206,-88.549369,https://www.uwosh.edu/,https://www.uwosh.edu/financialaid/net-price-calculator/,public,city,17,False,False,False,,86.5,considered_not_required,,,,,,,1090.0,18.0,25.0,6877.0,22.0,69.3,46.1,55548.0,19652.0,8532.0,16446.0,14305.0,9236.0,16.1,http://commons.wikimedia.org/wiki/Special:FilePath/DempseyHallUWOshkosh.jpg,http://commons.wikimedia.org/wiki/Special:FilePath/UWO%20Lettermark.png,University of Wisconsin–Oshkosh
229063,003642,Texas Southern University,Houston,TX,77004,29.721046,-95.361113,https://www.tsu.edu/,https://www.tsu.edu/admissions/financial-aid/college-costs.php,public,city,16,True,False,False,,96.9,considered_not_required,800.0,1000.0,420.0,520.0,380.0,480.0,914.0,15.0,19.0,6844.0,19.0,66.2,22.2,38924.0,27052.0,9173.0,21473.0,16590.0,16437.0,72.3,http://commons.wikimedia.org/wiki/Special:FilePath/TexasSouthernUniversityHouston.JPG,http://commons.wikimedia.org/wiki/Special:FilePath/Texas%20Southern%20University%20wordmark.svg,Texas Southern University
409698,032603,California State University-Monterey Bay,Seaside,CA,93955-8001,36.652397,-121.796178,https://csumb.edu/,https://csumb.github.io/net-price-calculator.html,public,suburb,18,False,False,False,,97.4,not_considered,,,,,,,,,,6819.0,24.0,79.9,59.1,59247.0,26987.0,7779.0,20379.0,13663.0,9970.0,43.2,http://commons.wikimedia.org/wiki/Special:FilePath/CSU%20Monterey%20Bay%202003.jpg,http://commons.wikimedia.org/wiki/Special:FilePath/Cal%20state%20monterey%20bay%20logo.png,"California State University, Monterey Bay"
178402,002518,University of Missouri-Kansas City,Kansas City,MO,64110,39.034179,-94.582141,https://www.umkc.edu/,https://finaid.umkc.edu/affordability/net-price-calculator.html,public,city,16,False,False,False,,72.2,considered_not_required,1290.0,1550.0,640.0,760.0,650.0,790.0,1204.0,20.0,28.0,6817.0,13.0,75.4,55.5,59637.0,25320.0,12587.0,30227.0,13310.0,10576.0,26.4,,http://commons.wikimedia.org/wiki/Special:FilePath/University%20of%20Missouri%E2%80%93Kansas%20City%20%28old%29%20logo.svg,University of Missouri–Kansas City
216038,003327,Slippery Rock University of Pennsylvania,Slippery Rock,PA,16057-1383,41.062719,-80.045965,https://www.sru.edu/,https://www.sru.edu/admissions/net-price-calculator,public,town,18,False,False,False,,71.5,considered_not_required,980.0,1190.0,500.0,610.0,480.0,580.0,1095.0,18.0,26.0,6788.0,20.0,84.0,65.6,53032.0,25537.0,10568.0,14676.0,19608.0,12555.0,30.5,http://commons.wikimedia.org/wiki/Special:FilePath/Slippery%20Rock%20University%20aerial.jpg,http://commons.wikimedia.org/wiki/Special:FilePath/SRULogo.jpg,Slippery Rock University
213020,003277,Indiana University of Pennsylvania,Indiana,PA,15705-1098,40.617531,-79.159332,https://www.iup.edu/,https://www.passhe.edu/answers/calculator/in/npcalc-213020.htm,public,town,16,False,False,False,,90.8,considered_not_required,970.0,1180.0,490.0,600.0,480.0,580.0,1082.0,20.0,27.0,6764.0,23.0,75.3,55.5,51019.0,26898.0,11380.0,16297.0,16804.0,12364.0,36.8,,http://commons.wikimedia.org/wiki/Special:FilePath/IUP%20logo.svg,Indiana University of Pennsylvania
206604,003078,Wright State University-Main Campus,Dayton,OH,45435-0001,39.780634,-84.064881,https://www.wright.edu/,https://www.wright.edu/enrollment-services/forms-and-resources/cost-estimator,public,suburb,16,False,False,False,,96.3,not_considered,,,,,,,,,,6762.0,16.0,67.9,41.7,49500.0,24373.0,11522.0,21222.0,15415.0,11952.0,34.5,http://commons.wikimedia.org/wiki/Special:FilePath/ShimadaK2008-WrightStateUniv%20entrance-PICT2832.jpg,http://commons.wikimedia.org/wiki/Special:FilePath/Wright%20State%20University%20green%20two-line%20wordmark.svg,Wright State University
130794,001426,Yale University,New Haven,CT,06520,41.311158,-72.926688,https://www.yale.edu/,https://admissions.yale.edu/estimate-your-cost,private_nonprofit,city,15,False,False,False,,3.9,considered_not_required,1470.0,1570.0,730.0,780.0,740.0,790.0,1534.0,33.0,35.0,6758.0,5.0,98.8,95.7,100533.0,88300.0,67250.0,67250.0,23777.0,17633.0,20.4,http://commons.wikimedia.org/wiki/Special:FilePath/Yale%20Law%20School%20in%20the%20Sterling%20Law%20Building.jpg,http://commons.wikimedia.org/wiki/Special:FilePath/Yale%20University%20Shield%201.svg,Yale University
137032,001526,Saint Leo University,Saint Leo,FL,33574-6665,28.336776,-82.257801,https://www.saintleo.edu/,https://www.saintleo.edu/net-price-calculator,private_nonprofit,town,17,False,False,False,30.0,78.4,not_considered,,,,,,,,,,6721.0,25.0,59.2,45.0,48364.0,45264.0,30000.0,30000.0,21293.0,19602.0,32.5,http://commons.wikimedia.org/wiki/Special:FilePath/Newport%20News.jpg,http://commons.wikimedia.org/wiki/Special:FilePath/St%20leo%20university%20textlogo.svg,Saint Leo University
187046,021922,Thomas Edison State University,Trenton,NJ,08608,40.220487,-74.768562,https://www.tesu.edu/,https://www.tesu.edu/tuition/net-price-calculator,public,city,19,False,False,False,,,,,,,,,,,,,6707.0,20.0,,,69331.0,,6838.0,8856.0,,,23.7,http://commons.wikimedia.org/wiki/Special:FilePath/101-103%20West%20State%20Street%2C%20Trenton%2C%20NJ%20-%20Kelsey%20Building.jpg,,Thomas Edison State University
157401,001977,Murray State University,Murray,KY,42071-3318,36.612419,-88.323629,https://www.murraystate.edu/,https://www.murraystate.edu/admissions/BursarsOffice/net-price.aspx,public,town,18,False,False,False,,85.7,considered_not_required,940.0,1170.0,480.0,600.0,460.0,570.0,1133.0,19.0,26.0,6688.0,17.0,75.6,61.3,44737.0,23485.0,9900.0,19836.0,9096.0,6242.0,33.3,http://commons.wikimedia.org/wiki/Special:FilePath/MSU%20campus-074L%20%286059659766%29.jpg,http://commons.wikimedia.org/wiki/Special:FilePath/Murray%20State%20University%20logo.svg,Murray State University
226152,009651,Texas A & M International University,Laredo,TX,78041-1900,27.571172,-99.436043,https://www.tamiu.edu/,https://apps.highered.texas.gov/apps/npc/?fice=009651,public,city,18,False,False,False,,44.4,required,890.0,1090.0,470.0,560.0,420.0,530.0,993.0,16.0,22.0,6667.0,21.0,77.8,46.5,48386.0,15558.0,7894.0,19454.0,3637.0,3097.0,64.5,http://commons.wikimedia.org/wiki/Special:FilePath/TAMIU%20Water%20Fountain.jpg,http://commons.wikimedia.org/wiki/Special:FilePath/Texas%20A%26M%20International%20University%20logo.svg,Texas A&M International University
488679,001822,Indiana Wesleyan University-National & Global,Marion,IN,46953,40.510655,-85.677641,https://www.indwes.edu/,https://indwesng.aidcalc.cloud/,private_nonprofit,rural,17,False,False,False,89.0,,,,,,,,,,,,6656.0,21.0,,34.9,59986.0,22228.0,8208.0,8208.0,16898.0,16298.0,48.4,,,
141264,001599,Valdosta State University,Valdosta,GA,31698,30.847402,-83.289282,https://www.valdosta.edu/,https://www.valdosta.edu/administration/finance-admin/financial-services/students/net-price-calculator.php,public,city,17,False,False,False,,72.3,required,920.0,1100.0,480.0,570.0,440.0,530.0,1013.0,16.0,22.0,6622.0,17.0,71.9,42.4,49361.0,20801.0,6124.0,17836.0,10945.0,9378.0,52.3,,http://commons.wikimedia.org/wiki/Special:FilePath/Valdosta%20university%20logo.png,Valdosta State University
187444,002625,William Paterson University of New Jersey,Wayne,NJ,07470,40.945255,-74.200248,https://www.wpunj.edu/,https://www.wpunj.edu/financial-aid/net_price_calc.html,public,suburb,18,False,False,False,,90.1,considered_not_required,,,,,,,,,,6614.0,18.0,73.9,44.0,57780.0,28476.0,15704.0,25344.0,18745.0,16171.0,46.5,http://commons.wikimedia.org/wiki/Special:FilePath/WPU%20campus.jpg,http://commons.wikimedia.org/wiki/Special:FilePath/WP-Logo.png,William Paterson University
459949,042485,Texas A&M University-San Antonio,San Antonio,TX,78224,29.304762,-98.52417,https://www.tamusa.edu/,https://apps.highered.texas.gov/apps/npc/?fice=042485,public,city,18,False,False,False,,92.8,considered_not_required,840.0,1070.0,430.0,540.0,410.0,530.0,955.0,15.0,21.0,6599.0,18.0,65.7,40.2,54338.0,21655.0,9654.0,23255.0,11196.0,9596.0,50.8,,,Texas A&M University–San Antonio
100706,001055,University of Alabama in Huntsville,Huntsville,AL,35899,34.724557,-86.640449,https://www.uah.edu/,https://uah.clearcostcalculator.com/student/default/netpricecalculator/survey,public,city,15,False,False,False,,68.6,considered_not_required,1210.0,1410.0,600.0,690.0,610.0,720.0,1319.0,24.0,31.0,6591.0,17.0,84.2,64.3,61767.0,27392.0,12132.0,26408.0,18796.0,16192.0,24.6,http://commons.wikimedia.org/wiki/Special:FilePath/UAH%20Shelby%20Center.jpg,http://commons.wikimedia.org/wiki/Special:FilePath/Alabama-Huntsville%20UAH%20logo.svg,University of Alabama in Huntsville
482158,001581,Middle Georgia State University,Macon,GA,31206,32.808092,-83.732058,https://www.mga.edu/,https://www.mga.edu/admissions/net-cost-calculator/npcalc.htm,public,city,19,False,False,False,,99.7,considered_not_required,950.0,1190.0,490.0,610.0,460.0,580.0,1083.0,16.0,24.0,6574.0,18.0,65.3,25.3,40863.0,19617.0,5038.0,16390.0,12361.0,10668.0,42.9,http://commons.wikimedia.org/wiki/Special:FilePath/Administration%20building%2C%20Middle%20Georgia%20State%20University%20Macon%20campus.jpg,,Q6841434
476975,042087,Colorado State University Global,Denver,CO,80202-0000,39.745405,-104.989255,https://csuglobal.edu/,https://csuglobal.edu/cost/tuition/net-price-calculator,public,city,18,False,False,False,,98.4,considered_not_required,,,,,,,,,,6563.0,23.0,74.0,,76813.0,21201.0,9000.0,9000.0,16510.0,16510.0,27.3,,,
193654,020662,The New School,New York,NY,10011,40.735508,-73.997114,https://www.newschool.edu/,https://www.newschool.edu/financial-aid/npc/,private_nonprofit,city,16,False,False,False,,63.5,not_considered,,,,,,,,,,6563.0,9.0,84.8,69.4,52901.0,88284.0,58694.0,58694.0,58741.0,50140.0,15.0,http://commons.wikimedia.org/wiki/Special:FilePath/New%20School%20University%20Center%20in%20Manhattan%20October%202014%202.JPG,,The New School
171456,002301,Northern Michigan University,Marquette,MI,49855-5301,46.559751,-87.406568,https://www.nmu.edu/,https://www.nmu.edu/financialaid/costcalculator,public,town,19,False,False,False,,84.0,not_considered,,,,,,,,,,6556.0,18.0,78.0,52.1,47107.0,27841.0,14277.0,19773.0,14085.0,7697.0,28.0,http://commons.wikimedia.org/wiki/Special:FilePath/Northern%20Michigan%20University%27s%20Academic%20Mall.jpg,,Northern Michigan University
122931,001326,Santa Clara University,Santa Clara,CA,95053,37.348362,-121.93784,https://www.scu.edu/,https://www.scu.edu/financialaid/Net-Price-Calculator.cfm,private_nonprofit,city,17,False,False,False,30.0,48.0,considered_not_required,1350.0,1490.0,670.0,730.0,680.0,760.0,1426.0,31.0,33.0,6552.0,11.0,93.9,87.9,109183.0,82026.0,61293.0,61293.0,50062.0,22985.0,11.3,http://commons.wikimedia.org/wiki/Special:FilePath/SCUCampus.jpg,,Santa Clara University
130226,001402,Quinnipiac University,Hamden,CT,06518,41.418915,-72.894117,https://www.qu.edu/,https://www.qu.edu/paying-for-college/undergraduate/costs-and-budgets/net-price-calculator/,private_nonprofit,suburb,17,False,False,False,,72.2,considered_not_required,1150.0,1320.0,580.0,660.0,570.0,660.0,1242.0,25.0,30.0,6531.0,12.0,89.1,75.7,83759.0,72215.0,55480.0,55480.0,40675.0,33649.0,16.2,http://commons.wikimedia.org/wiki/Special:FilePath/Lender%20School%20of%20Business%202005.jpg,http://commons.wikimedia.org/wiki/Special:FilePath/Quinnipiac%20University%20logo%20%282017%29.svg,Quinnipiac University
191649,002732,Hofstra University,Hempstead,NY,11549,40.715959,-73.60078,https://www.hofstra.edu/,https://www.hofstra.edu/admission/adm_netprice.html,private_nonprofit,suburb,17,False,False,False,,68.1,considered_not_required,1230.0,1400.0,620.0,700.0,610.0,700.0,1319.0,28.0,32.0,6488.0,13.0,83.6,68.5,69039.0,70624.0,57660.0,57660.0,34176.0,28219.0,25.3,http://commons.wikimedia.org/wiki/Special:FilePath/Hofstra%20University%2C%20Student%20Center.jpg,http://commons.wikimedia.org/wiki/Special:FilePath/Hofstra%20University%20logo%20stacked.svg,Hofstra University
161572,006858,Unity Environmental University,New Gloucester,ME,04260,43.905745,-70.257277,https://unity.edu/,https://app.meadowfi.com/unity,private_nonprofit,rural,20,False,False,False,,,,,,,,,,,,,6483.0,36.0,36.1,28.7,37852.0,21931.0,12640.0,12640.0,19104.0,18370.0,63.9,,,Unity Environmental University
198516,002927,Elon University,Elon,NC,27244-2010,36.104148,-79.50344,https://www.elon.edu/,https://www.elon.edu/u/admissions/undergraduate/financial-aid/tuition-and-aid/,private_nonprofit,suburb,17,False,False,False,,66.3,considered_not_required,1130.0,1280.0,580.0,650.0,550.0,630.0,1208.0,23.0,28.0,6452.0,11.0,89.8,84.0,74545.0,62266.0,46958.0,46958.0,41555.0,26523.0,9.9,http://commons.wikimedia.org/wiki/Special:FilePath/Belk%20Library%20%28Elon%20University%29%2002.jpg,http://commons.wikimedia.org/wiki/Special:FilePath/Elon%20University%20logo.png,Elon University
198419,002920,Duke University,Durham,NC,27708,36.001135,-78.937624,https://www.duke.edu/,https://npc.collegeboard.org/student/app/duke,private_nonprofit,city,15,False,False,False,71.0,5.7,considered_not_required,1500.0,1570.0,740.0,770.0,760.0,800.0,1548.0,34.0,35.0,6442.0,5.0,97.9,96.8,97800.0,87072.0,68758.0,68758.0,29612.0,735.0,14.0,http://commons.wikimedia.org/wiki/Special:FilePath/Duke%20Chapel%204%2016%2005.jpg,http://commons.wikimedia.org/wiki/Special:FilePath/Duke%20University%20logo.svg,Duke University
201645,003024,Case Western Reserve University,Cleveland,OH,44106,41.507419,-81.609596,https://www.case.edu/,https://case.edu/financialaid/resources/net-price-calculator/,private_nonprofit,city,15,False,False,False,,36.5,considered_not_required,1430.0,1540.0,700.0,760.0,730.0,780.0,1513.0,32.0,34.0,6437.0,9.0,92.1,87.2,87989.0,85851.0,66608.0,66608.0,41190.0,19025.0,17.5,http://commons.wikimedia.org/wiki/Special:FilePath/Case%20western%20reserve%20campus%202005.jpg,http://commons.wikimedia.org/wiki/Special:FilePath/CWRU%20Two-line%20horizontal%20logo%20Blue.svg,Case Western Reserve University
475121,013039,South University-Savannah Online,Savannah,GA,31406,31.999481,-81.105531,https://www.southuniversity.edu/online#location=Online Programs,https://www.southuniversity.edu/online/net-price-calculator,private_for_profit,city,17,False,False,False,,,,,,,,,,,,,6433.0,30.0,34.0,6.9,34421.0,34298.0,18145.0,18145.0,28049.0,27856.0,79.6,,,South University-Savannah Online
179557,002501,Southeast Missouri State University,Cape Girardeau,MO,63701,37.311107,-89.531187,https://www.semo.edu/,https://tcc.ruffalonl.com/southeast missouri state university/freshman-students,public,city,18,False,False,False,,73.5,considered_not_required,,,,,,,950.0,15.0,20.0,6373.0,20.0,75.8,57.9,44030.0,25177.0,9903.0,9903.0,15882.0,12704.0,30.4,,,Southeast Missouri State University
240277,003899,University of Wisconsin-Green Bay,Green Bay,WI,54311-7001,44.532298,-87.919973,https://www.uwgb.edu/,https://www.uwgb.edu/vsa/calculator/,public,city,19,False,False,False,,88.6,considered_not_required,,,,,,,1120.0,18.0,24.0,6341.0,25.0,65.9,48.2,52528.0,19366.0,8700.0,17288.0,13369.0,9144.0,21.8,http://commons.wikimedia.org/wiki/Special:FilePath/UniversityWisconsinGreenBaySign.jpg,,University of Wisconsin–Green Bay
195030,002894,University of Rochester,Rochester,NY,14627-0011,43.126397,-77.631202,https://www.rochester.edu/,https://www.rochester.edu/financial-aid/undergraduate-cost-calculators/#college-board,private_nonprofit,city,15,False,False,False,,40.1,considered_not_required,1410.0,1540.0,680.0,750.0,730.0,790.0,1488.0,31.0,34.0,6331.0,9.0,90.7,85.4,79042.0,85962.0,67080.0,67080.0,29278.0,9678.0,17.2,http://commons.wikimedia.org/wiki/Special:FilePath/BMEopticsCSB.jpg,http://commons.wikimedia.org/wiki/Special:FilePath/University%20of%20Rochester%202025%20logo%20text-only%20center.svg,University of Rochester
130493,001406,Southern Connecticut State University,New Haven,CT,06515-1355,41.333225,-72.947897,https://www.southernct.edu/,https://go.southernct.edu/netpricecalculator/,public,city,18,False,False,False,,91.5,not_considered,,,,,,,,,,6295.0,11.0,77.9,49.9,55043.0,29673.0,13438.0,27378.0,20857.0,17736.0,40.8,http://commons.wikimedia.org/wiki/Special:FilePath/Farnham%20Hall.jpg,http://commons.wikimedia.org/wiki/Special:FilePath/Scsu%20univ%20textlogo.png,Southern Connecticut State University
174914,002345,University of St Thomas,Saint Paul,MN,55105-1078,44.943439,-93.188986,https://www.stthomas.edu/,https://www.stthomas.edu/financialaid/undergraduate/resources/netpricecalculator/,private_nonprofit,city,17,False,False,False,30.0,85.4,considered_not_required,1260.0,1423.0,640.0,713.0,620.0,710.0,1296.0,25.0,30.0,6245.0,14.0,88.4,76.4,73739.0,66116.0,54398.0,54398.0,29155.0,28131.0,21.8,http://commons.wikimedia.org/wiki/Special:FilePath/St%20Thomas%20campus.jpg,,University of St. Thomas
235097,003775,Eastern Washington University,Cheney,WA,99004-2496,47.490667,-117.583808,https://www.ewu.edu/,https://www.ewu.edu/apply/financial-aid-scholarships-office/calculator/,public,town,18,False,False,False,,90.8,not_considered,,,,,,,,,,6222.0,18.0,67.4,43.5,57897.0,24478.0,8586.0,25959.0,13886.0,9547.0,35.1,http://commons.wikimedia.org/wiki/Special:FilePath/Showalter%20Hall%20-%20Eastern%20Washington%20University.jpg,http://commons.wikimedia.org/wiki/Special:FilePath/Eastern%20Washington%20wordmark.png,Eastern Washington University
151324,001807,Indiana State University,Terre Haute,IN,47809,39.469073,-87.407846,https://indianastate.edu/,https://indianastate.edu/costs-aid/net-price-calculator,public,city,17,False,False,False,,80.8,not_considered,,,,,,,,,,6188.0,16.0,65.8,42.9,48387.0,24535.0,10258.0,22322.0,10873.0,6455.0,41.6,http://commons.wikimedia.org/wiki/Special:FilePath/IndianaStateUniversityCampus.jpg,http://commons.wikimedia.org/wiki/Special:FilePath/Indiana%20State%20University%20Logo%20%28180px%29.png,Indiana State University
213349,003322,Kutztown University of Pennsylvania,Kutztown,PA,19530-0730,40.513561,-75.783933,https://www.kutztown.edu/,https://app.meadowfi.com/kutztown,public,town,18,False,False,False,,90.8,considered_not_required,1120.0,1310.0,570.0,670.0,550.0,640.0,1210.0,,,6180.0,20.0,77.8,53.8,53775.0,29866.0,11314.0,16068.0,21331.0,15957.0,32.7,,,Kutztown University
126775,001348,Colorado School of Mines,Golden,CO,80401,39.751443,-105.223364,https://www.mines.edu/,https://inside.mines.edu/npc/,public,suburb,15,False,False,False,,60.7,considered_not_required,1320.0,1480.0,650.0,730.0,670.0,750.0,1412.0,29.0,33.0,6155.0,18.0,92.8,81.7,97335.0,40560.0,21914.0,45824.0,28690.0,16849.0,13.6,http://commons.wikimedia.org/wiki/Special:FilePath/CSMEnginneeringHall.jpeg,http://commons.wikimedia.org/wiki/Special:FilePath/Colorado%20school%20mines%20logo.png,Colorado School of Mines
100654,001002,Alabama A & M University,Normal,AL,35762,34.783368,-86.568502,https://www.aamu.edu/,https://www.aamu.edu/admissions-aid/tuition-fees/net-price-calculator.html,public,city,18,True,False,False,,58.0,considered_not_required,810.0,1040.0,420.0,530.0,390.0,510.0,938.0,14.0,19.0,6124.0,19.0,69.9,24.0,40628.0,27153.0,10024.0,18634.0,17621.0,16500.0,63.0,http://commons.wikimedia.org/wiki/Special:FilePath/Alabama%20A%26M%20Quad.jpg,http://commons.wikimedia.org/wiki/Special:FilePath/Alternative%20Alabama%20A%26M%20logo.png,Alabama A & M University
196176,002846,State University of New York at New Paltz,New Paltz,NY,12561-2443,41.740936,-74.082188,https://www.newpaltz.edu/,https://www.newpaltz.edu/financialaid/netpricecalc.html,public,town,18,False,False,False,,61.6,considered_not_required,1170.0,1340.0,600.0,690.0,570.0,650.0,1265.0,25.0,29.0,6086.0,16.0,85.0,71.6,58073.0,28428.0,8572.0,18822.0,18809.0,10541.0,31.9,http://commons.wikimedia.org/wiki/Special:FilePath/Van%20den%20Berg%20Hall%20-%20SUNY%20New%20Paltz.JPG,http://commons.wikimedia.org/wiki/Special:FilePath/SUNY%20New%20Paltz%20logo.svg,State University of New York at New Paltz
199157,002950,North Carolina Central University,Durham,NC,27707,35.974237,-78.898602,https://www.nccu.edu/,https://www.nccu.edu/net-price-calculator,public,city,18,True,False,False,,87.0,considered_not_required,,,,,,,1050.0,19.0,22.0,6081.0,16.0,72.7,41.6,42968.0,26556.0,6699.0,19735.0,15359.0,13032.0,58.7,http://commons.wikimedia.org/wiki/Special:FilePath/NCCU%20campus%20grounds.JPG,http://commons.wikimedia.org/wiki/Special:FilePath/2018%20NC%20Central%20Logo%20Edited.png,North Carolina Central University
225414,011711,University of Houston-Clear Lake,Houston,TX,77058-1002,29.582523,-95.098129,https://www.uhcl.edu/,https://www.uhcl.edu/academics/online/costs,public,city,17,False,False,False,,90.5,considered_not_required,970.0,1150.0,490.0,580.0,480.0,570.0,1060.0,20.0,25.0,6078.0,15.0,74.4,51.6,59004.0,24622.0,7770.0,21114.0,15563.0,7330.0,45.2,http://commons.wikimedia.org/wiki/Special:FilePath/Bayou%20Building.JPG,http://commons.wikimedia.org/wiki/Special:FilePath/University%20of%20Houston-Clear%20Lake%20logo.svg,University of Houston–Clear Lake
163851,002091,Salisbury University,Salisbury,MD,21801-6862,38.34648,-75.604815,https://www.salisbury.edu/,https://tcc.ruffalonl.com/salisbury university/freshman students,public,suburb,18,False,False,False,,87.5,considered_not_required,1180.0,1320.0,600.0,670.0,580.0,650.0,1252.0,20.0,29.0,6057.0,14.0,77.7,68.2,61515.0,28310.0,11084.0,22174.0,17743.0,6743.0,25.9,,http://commons.wikimedia.org/wiki/Special:FilePath/Salisbury%20University%20logo.svg,Salisbury University
233277,003732,Radford University,Radford,VA,24142,37.136907,-80.549728,https://www.radford.edu/,https://www.radford.edu/net-price-calculator,public,town,17,False,False,False,,89.5,considered_not_required,940.0,1160.0,490.0,600.0,450.0,560.0,1060.0,19.0,26.0,6038.0,14.0,75.6,48.7,53739.0,28405.0,12548.0,25633.0,14578.0,8965.0,37.1,http://commons.wikimedia.org/wiki/Special:FilePath/Muse%20Hall%20at%20Radford%20University%202008.jpg,http://commons.wikimedia.org/wiki/Special:FilePath/Radford%20University%20logo.png,Radford University
186584,002632,Seton Hall University,South Orange,NJ,07079-2697,40.742336,-74.246027,https://www.shu.edu/,https://www.shu.edu/undergraduate-admissions/cost-calculator.html,private_nonprofit,suburb,16,False,False,False,30.0,73.3,considered_not_required,1220.0,1390.0,620.0,700.0,600.0,690.0,1322.0,27.0,32.0,6036.0,14.0,81.5,69.5,70196.0,68263.0,53170.0,53170.0,31446.0,19623.0,32.5,,http://commons.wikimedia.org/wiki/Special:FilePath/Shu%20logo.png,Seton Hall University
127060,001371,University of Denver,Denver,CO,80208,39.678005,-104.963259,https://www.du.edu/,https://www.du.edu/financialaid/undergraduate/calculator/,private_nonprofit,city,15,False,False,False,,77.8,considered_not_required,1240.0,1410.0,640.0,710.0,600.0,700.0,1355.0,28.0,33.0,6025.0,9.0,88.9,75.6,71155.0,78476.0,61398.0,61398.0,36131.0,20097.0,14.2,http://commons.wikimedia.org/wiki/Special:FilePath/University%20of%20Denver%20campus%20pics%20015.jpg,http://commons.wikimedia.org/wiki/Special:FilePath/University%20of%20Denver%20Signature%203.svg,University of Denver
172051,002314,Saginaw Valley State University,University Center,MI,48710,43.51176,-83.964273,https://www.svsu.edu/,https://webtech.svsu.edu/netpricecalculator/,public,suburb,18,False,False,False,,72.1,considered_not_required,920.0,1170.0,480.0,600.0,440.0,570.0,1052.0,18.0,26.0,5989.0,16.0,77.6,48.2,51955.0,24936.0,12930.0,30450.0,10775.0,9844.0,35.2,http://commons.wikimedia.org/wiki/Special:FilePath/Saginaw%20Valley%20State%20University%27s%20Living%20Center%20%284331105928%29.jpg,http://commons.wikimedia.org/wiki/Special:FilePath/Saginaw%20Valley%20State%20University%20logo.svg,Saginaw Valley State University
444787,038383,Nightingale College,Salt Lake City,UT,84111,40.767465,-111.887917,https://www.nightingale.edu/,https://nightingale.edu/tuition-aid/net-price-calculator.html,private_for_profit,city,26,False,False,False,,,,,,,,,,,,,5986.0,12.0,50.0,20.6,27126.0,,,,30852.0,28472.0,41.5,,,
138716,001544,Albany State University,Albany,GA,31705,31.56928,-84.141825,https://www.asurams.edu/,https://www.asurams.edu/enrollment-management/financial-aid/netpricecalculator.php,public,city,19,True,False,False,,,,,,,,,,,,,5956.0,21.0,78.6,31.1,40674.0,19333.0,5656.0,17008.0,11898.0,10693.0,69.3,http://commons.wikimedia.org/wiki/Special:FilePath/President%20House.JPG,http://commons.wikimedia.org/wiki/Special:FilePath/Albany%20state%20univ%20logo.svg,Albany State University
171128,002292,Michigan Technological University,Houghton,MI,49931-1295,47.11866,-88.548092,https://www.mtu.edu/,https://www.mtu.edu/admissions/financial/calculator/,public,town,16,False,False,False,,92.4,considered_not_required,1130.0,1350.0,570.0,680.0,560.0,670.0,1258.0,25.0,31.0,5955.0,13.0,88.8,68.1,78198.0,34152.0,19123.0,42988.0,14182.0,2045.0,20.2,http://commons.wikimedia.org/wiki/Special:FilePath/Michigan%20Tech%20campus%2C%20fall%202018..jpg,http://commons.wikimedia.org/wiki/Special:FilePath/Michigan%20tech%20univ%20husky%20logo.png,Michigan Technological University
171137,002326,University of Michigan-Dearborn,Dearborn,MI,48128-1491,42.317287,-83.231417,https://umdearborn.edu/,https://umdearborn.edu/students/financial-aid/calculators/net-price-calculator,public,city,18,False,False,False,,55.6,considered_not_required,990.0,1255.0,500.0,625.0,490.0,630.0,1115.0,24.0,28.0,5952.0,16.0,82.5,58.0,59649.0,24040.0,15640.0,32896.0,9492.0,7211.0,46.2,http://commons.wikimedia.org/wiki/Special:FilePath/UniversityofMichDearbornProfEd.jpg,http://commons.wikimedia.org/wiki/Special:FilePath/UMDearborn%20Vertical%20Logo.svg,University of Michigan–Dearborn
139861,001602,Georgia College & State University,Milledgeville,GA,31061,33.082787,-83.231962,https://www.gcsu.edu/,https://irout.gcsu.edu/cc/,public,town,18,False,False,False,,78.2,required,1070.0,1230.0,550.0,630.0,520.0,600.0,1163.0,22.0,26.0,5947.0,17.0,82.3,63.6,58140.0,30258.0,9186.0,29512.0,20686.0,15396.0,17.6,http://commons.wikimedia.org/wiki/Special:FilePath/Picture%20of%20Georgia%20College%20and%20State%20University%27s%20Sanford%20and%20Napier%20Halls%20taken%20from%20West%20Greene%20Street%20in%20Milledgeville%2C%20Georgia%2C%20USA.jpg,http://commons.wikimedia.org/wiki/Special:FilePath/Georgia%20college%20st%20univ%20logo.png,Georgia College & State University
196149,002843,State University of New York at Cortland,Cortland,NY,13045-0900,42.598022,-76.188655,https://www2.cortland.edu/,https://www2.cortland.edu/cost-aid/financial-aid/net-price-calculator.dot,public,town,19,False,False,False,,59.8,not_considered,,,,,,,,,,5901.0,15.0,81.1,68.0,60236.0,28108.0,8874.0,18784.0,22345.0,12550.0,27.4,,http://commons.wikimedia.org/wiki/Special:FilePath/SUNY%20Cortland%20Logo.svg,State University of New York at Cortland
213543,003289,Lehigh University,Bethlehem,PA,18015,40.606822,-75.380236,https://www.lehigh.edu/,https://npc.collegeboard.org/student/app/lehigh,private_nonprofit,city,16,False,False,False,,25.9,considered_not_required,1370.0,1500.0,680.0,730.0,690.0,770.0,1440.0,31.0,34.0,5898.0,10.0,93.7,87.9,105584.0,80856.0,64980.0,64980.0,36931.0,16917.0,17.7,http://commons.wikimedia.org/wiki/Special:FilePath/Lehigh%20University%20Alumni%20Building.jpg,http://commons.wikimedia.org/wiki/Special:FilePath/Lehigh%20University%20text.png,Lehigh University
240417,003915,University of Wisconsin-Stout,Menomonie,WI,54751,44.873187,-91.926653,https://www.uwstout.edu/,https://www2.uwstout.edu/stoutforms/financialaid/netpricecalc.aspx,public,town,18,False,False,False,,87.7,considered_not_required,,,,,,,1150.0,20.0,27.0,5842.0,18.0,78.9,54.9,58084.0,22797.0,10701.0,19265.0,17490.0,10966.0,23.9,http://commons.wikimedia.org/wiki/Special:FilePath/UW-Stout-2.jpg,http://commons.wikimedia.org/wiki/Special:FilePath/UW-Stout-Formal-WPU-Logo%20Full-Color%20Flat%20RGB.svg,University of Wisconsin–Stout Polytechnic
240462,003921,University of Wisconsin-Platteville,Platteville,WI,53818-3099,42.733451,-90.48622,https://www.uwplatt.edu/,https://www.uwplatt.edu/net-price-calculator,public,town,18,False,False,False,,89.4,considered_not_required,,,,,,,1190.0,21.0,28.0,5837.0,20.0,79.0,55.8,61760.0,21266.0,8644.0,17603.0,16032.0,9009.0,21.1,http://commons.wikimedia.org/wiki/Special:FilePath/UW-Platteville.jpg,http://commons.wikimedia.org/wiki/Special:FilePath/Uw%20platteville%20logo%20horiz.png,University of Wisconsin–Platteville
101879,001016,University of North Alabama,Florence,AL,35632-0001,34.80731,-87.680407,https://www.una.edu/,https://www.una.edu/financial-aid/calculator/,public,city,18,False,False,False,,87.3,not_considered,,,,,,,,,,5811.0,18.0,79.7,54.9,45415.0,23786.0,12120.0,22320.0,12170.0,9741.0,24.3,http://commons.wikimedia.org/wiki/Special:FilePath/Harrison-plaza.jpg,,University of North Alabama
196121,002841,SUNY Brockport,Brockport,NY,14420-2919,43.211926,-77.947188,https://www.brockport.edu/,https://www.brockport.edu/admissions_aid/financial_aid/calculator.html,public,town,18,False,False,False,,70.7,considered_not_required,1100.0,1280.0,550.0,640.0,550.0,640.0,1193.0,23.0,26.0,5784.0,17.0,71.8,55.1,54496.0,26046.0,8752.0,15822.0,16353.0,10911.0,40.2,http://commons.wikimedia.org/wiki/Special:FilePath/SUNY%20Brockport%20Hartwell%20Hall.JPG,http://commons.wikimedia.org/wiki/Special:FilePath/Suny%20brockport%20textlogo.png,State University of New York at Brockport
198543,002928,Fayetteville State University,Fayetteville,NC,28301-4298,35.073641,-78.891696,https://www.uncfsu.edu/,https://uncfsu.clearcostcalculator.com/student/default/netpricecalculator/survey,public,city,19,True,False,False,,82.2,considered_not_required,890.0,1090.0,460.0,550.0,430.0,540.0,959.0,15.0,19.0,5762.0,20.0,75.3,38.5,40144.0,16652.0,4353.0,8353.0,7892.0,6233.0,56.6,http://commons.wikimedia.org/wiki/Special:FilePath/Charles%20Waddell%20Chesnutt%20Library%20Fayetteville%20State%20Univ.%20NC.jpg,http://commons.wikimedia.org/wiki/Special:FilePath/Fayeteville%20st%20univ%20textlogo.png,Fayetteville State University
193016,002772,Mercy University,Dobbs Ferry,NY,10522,41.021626,-73.874447,https://www.mercy.edu/,https://www.mercy.edu/admissions/financial-aid/net-price-calculator/,private_nonprofit,suburb,18,False,False,False,,85.8,not_considered,,,,,,,,,,5735.0,16.0,75.7,45.7,52055.0,32596.0,22880.0,22880.0,14072.0,11974.0,50.0,http://commons.wikimedia.org/wiki/Special:FilePath/Mercy%20College%20Hutchinson%20Metro%20Center%20IMG%206440%20HLG.jpg,http://commons.wikimedia.org/wiki/Special:FilePath/Mercy%20university%20ny%20logo.png,Mercy University
214041,003325,Millersville University of Pennsylvania,Millersville,PA,17551-0302,40.000337,-76.357381,https://www.millersville.edu/,https://www.millersville.edu/finaid/npc.php,public,suburb,18,False,False,False,,86.2,considered_not_required,1020.0,1210.0,520.0,620.0,500.0,590.0,1110.0,,,5728.0,19.0,77.1,57.6,55246.0,26913.0,11128.0,22952.0,20787.0,14565.0,27.3,http://commons.wikimedia.org/wiki/Special:FilePath/Ganser%20library.jpg,http://commons.wikimedia.org/wiki/Special:FilePath/Millersville%20logo.svg,Millersville University of Pennsylvania
194824,002803,Rensselaer Polytechnic Institute,Troy,NY,12180-3590,42.729978,-73.676646,https://www.rpi.edu/,https://npc.collegeboard.org/student/app/rpi,private_nonprofit,city,15,False,False,False,,63.5,considered_not_required,1375.0,1510.0,670.0,740.0,705.0,770.0,1456.0,30.0,34.0,5714.0,14.0,90.7,83.6,102051.0,82404.0,64081.0,64081.0,36228.0,24078.0,19.9,http://commons.wikimedia.org/wiki/Special:FilePath/Ricketts%20Building.jpg,http://commons.wikimedia.org/wiki/Special:FilePath/Rensselaer%20Polytechnic%20Institute%20Logo.svg,Rensselaer Polytechnic Institute
186131,002627,Princeton University,Princeton,NJ,08544-0070,40.348732,-74.659365,https://www.princeton.edu/,https://admission.princeton.edu/cost-aid/financial-aid-estimator,private_nonprofit,city,15,False,False,False,,4.6,considered_not_required,1510.0,1580.0,740.0,780.0,770.0,800.0,1553.0,34.0,35.0,5709.0,5.0,98.4,97.6,110066.0,84040.0,62688.0,62688.0,6128.0,41.0,19.2,http://commons.wikimedia.org/wiki/Special:FilePath/ClevelandTowerWatercolor20060829.jpg,http://commons.wikimedia.org/wiki/Special:FilePath/Princeton%20text%20logo.svg,Princeton University
162928,002077,Johns Hopkins University,Baltimore,MD,21218-2688,39.328977,-76.621595,https://www.jhu.edu/,https://npc.collegeboard.org/student/app/jhu,private_nonprofit,city,15,False,False,False,,6.4,considered_not_required,1520.0,1570.0,740.0,770.0,780.0,800.0,1553.0,34.0,36.0,5693.0,6.0,98.1,93.8,87555.0,85947.0,65230.0,65230.0,18809.0,428.0,19.5,http://commons.wikimedia.org/wiki/Special:FilePath/Johns%20Hopkins%27%20Historic%20Dome%20-%20panoramio.jpg,http://commons.wikimedia.org/wiki/Special:FilePath/Hopkinslogo2.jpeg,Johns Hopkins University
490805,001827,Purdue University Northwest,Hammond,IN,46323,41.584324,-87.474236,https://www.pnw.edu/,https://www.pnw.edu/financial-aid/cost/net-price-calculator/,public,suburb,18,False,False,False,,72.4,considered_not_required,890.0,1140.0,450.0,570.0,440.0,570.0,1024.0,16.0,24.0,5671.0,17.0,65.7,42.9,48318.0,15571.0,8675.0,16094.0,6079.0,1432.0,28.1,,,Purdue University Northwest
122436,010395,University of San Diego,San Diego,CA,92110-2492,32.770816,-117.192073,https://www.sandiego.edu/,https://www.sandiego.edu/admissions/undergraduate/tuition-financial-aid/net-price-calculator.php,private_nonprofit,city,16,False,False,False,30.0,52.4,not_considered,,,,,,,,,,5671.0,13.0,91.4,83.7,86522.0,78720.0,59486.0,59486.0,30365.0,15586.0,20.9,http://commons.wikimedia.org/wiki/Special:FilePath/University%20of%20San%20Diego%20%28cropped%29.jpg,,University of San Diego
178059,002482,Maryville University of Saint Louis,Saint Louis,MO,63141-7299,38.644774,-90.505998,https://www.maryville.edu/,https://maryville.studentaidcalculator.com/survey.aspx,private_nonprofit,suburb,17,False,False,False,,95.1,not_considered,,,,,,,,,,5658.0,13.0,84.7,66.2,62105.0,41959.0,27166.0,27166.0,22066.0,16528.0,36.4,,http://commons.wikimedia.org/wiki/Special:FilePath/Maryville%20University.svg,Maryville University
176965,002454,University of Central Missouri,Warrensburg,MO,64093,38.759111,-93.737428,https://www.ucmo.edu/,https://www.ucmo.edu/future-students/tuition-and-costs/cost-calculators/,public,town,18,False,False,False,,63.8,considered_not_required,,,,,,,1050.0,17.0,24.0,5648.0,18.0,73.6,54.1,49560.0,22947.0,10050.0,18600.0,14462.0,10965.0,26.8,http://commons.wikimedia.org/wiki/Special:FilePath/AJWStadiumNE.jpg,http://commons.wikimedia.org/wiki/Special:FilePath/Ucm%20text%20logo.png,University of Central Missouri
222831,003541,Angelo State University,San Angelo,TX,76909,31.440914,-100.465051,https://www.angelo.edu/,https://www.collegeforalltexans.com/apps/CollegeMoney/,public,city,18,False,False,False,,83.0,considered_not_required,910.0,1150.0,470.0,590.0,440.0,560.0,1054.0,18.0,24.0,5643.0,19.0,68.6,44.0,50116.0,23441.0,8460.0,18300.0,15091.0,12008.0,27.6,,http://commons.wikimedia.org/wiki/Special:FilePath/Angelostate%20univ%20logo.png,Angelo State University
159382,002011,Louisiana State University at Alexandria,Alexandria,LA,71302-9121,31.178616,-92.414409,https://www.lsua.edu/,https://apps.lsua.edu/calculators/netcost,public,rural,22,False,False,False,,92.1,required,970.0,1220.0,490.0,610.0,480.0,610.0,1022.0,17.0,22.0,5632.0,33.0,69.5,34.2,42205.0,15550.0,7050.0,14650.0,7065.0,5008.0,35.4,http://commons.wikimedia.org/wiki/Special:FilePath/Lsua%20mpac%20070213.JPG,http://commons.wikimedia.org/wiki/Special:FilePath/Lsu%20alexandria%20primary%20logo.png,Louisiana State University of Alexandria
139366,001561,Columbus State University,Columbus,GA,31907-5645,32.50096,-84.94106,https://www.columbusstate.edu/,https://columbusstate.edu/financial-aid/net-price.php,public,city,18,False,False,False,,99.1,considered_not_required,800.0,1060.0,440.0,530.0,360.0,530.0,977.0,16.0,22.0,5625.0,16.0,69.7,41.8,44544.0,21676.0,5898.0,17610.0,13115.0,11271.0,44.6,http://commons.wikimedia.org/wiki/Special:FilePath/CSU%20Schuster%20Student%20Success%20Center.JPG,,Columbus State University
174020,010374,Metropolitan State University,Saint Paul,MN,55106-5000,44.957256,-93.074361,https://www.metrostate.edu/,https://www.minnstate.edu/admissions/calculator/metrostate.html,public,city,19,False,False,False,,98.7,considered_not_required,,,,,,,1020.0,16.0,21.0,5616.0,15.0,67.5,43.6,64705.0,25172.0,9840.0,9840.0,16863.0,15238.0,47.5,http://commons.wikimedia.org/wiki/Special:FilePath/Metropolitan%20State%20University%20New%20Main.jpg,,Metropolitan State University
482149,001579,Augusta University,Augusta,GA,30912,33.47037,-81.989071,https://www.augusta.edu/,https://www.augusta.edu/finaid/costcalc.php,public,city,16,False,False,False,,86.4,required,970.0,1140.0,500.0,590.0,470.0,550.0,1070.0,18.0,25.0,5613.0,16.0,75.6,48.8,48472.0,23524.0,8414.0,24734.0,13787.0,11064.0,38.8,http://commons.wikimedia.org/wiki/Special:FilePath/Georgia%20Regents%20University%2C%20University%20Hall.jpg,http://commons.wikimedia.org/wiki/Special:FilePath/Augusta%20univ%20simplelogo.png,Augusta University
115755,001149,California State Polytechnic University-Humboldt,Arcata,CA,95521-8299,40.877481,-124.078293,https://www.humboldt.edu/,https://www.humboldt.edu/calculator/,public,town,18,False,False,False,,98.2,not_considered,,,,,,,,,,5612.0,16.0,76.0,48.5,47626.0,25170.0,8250.0,20850.0,13171.0,8483.0,42.9,http://commons.wikimedia.org/wiki/Special:FilePath/Humboldt%20State%20University%20Founders%20Hall.jpg,http://commons.wikimedia.org/wiki/Special:FilePath/Cal%20poly%20humboldt%20mark.svg,"California State Polytechnic University, Humboldt"
127741,001349,University of Northern Colorado,Greeley,CO,80639,40.410855,-104.692777,https://www.unco.edu/,https://www.unco.edu/financial-aid/resources/net-price-calculator.aspx,public,city,17,False,False,False,,85.9,considered_not_required,950.0,1190.0,490.0,610.0,460.0,580.0,1082.0,21.0,26.0,5598.0,14.0,75.8,51.2,52231.0,29254.0,12416.0,27266.0,17760.0,12695.0,26.2,http://commons.wikimedia.org/wiki/Special:FilePath/Snyder%20Hall.jpg,,University of Northern Colorado
202806,003046,Franklin University,Columbus,OH,43215-5399,39.95831,-82.990375,https://www.franklin.edu/,https://www.franklin.edu/lp/npcalc/npcalc.htm,private_nonprofit,city,18,False,False,False,,,,,,,,,,,,,5562.0,17.0,35.9,11.1,51892.0,30696.0,9577.0,9577.0,25243.0,24968.0,37.2,http://commons.wikimedia.org/wiki/Special:FilePath/Franklin%20University%20Clock%20Tower%20with%20Fisher%20Hall%20and%20Columbus.jpg,,Franklin University
126669,009401,Colorado Christian University,Lakewood,CO,80226,39.71388,-105.09456,https://www.ccu.edu/,https://www.ccu.edu/finaid/calculator/,private_nonprofit,suburb,18,False,False,False,88.0,,,,,,,,,,,,5549.0,17.0,83.7,64.4,50416.0,54242.0,41342.0,41342.0,29500.0,26010.0,37.5,http://commons.wikimedia.org/wiki/Special:FilePath/Colorado%20Christian%20University%20Campus.jpg,http://commons.wikimedia.org/wiki/Special:FilePath/Colorado%20christian%20univ%20textlogo.png,Colorado Christian University
178411,002517,Missouri University of Science and Technology,Rolla,MO,65409,37.954444,-91.77311,https://www.mst.edu/,https://sfs.mst.edu/tuitioncosts/net-price-calculator/,public,town,16,False,False,False,,72.5,considered_not_required,1190.0,1420.0,580.0,690.0,610.0,730.0,1317.0,25.0,31.0,5521.0,17.0,86.6,64.4,82957.0,29231.0,14984.0,33248.0,16298.0,10912.0,22.8,http://commons.wikimedia.org/wiki/Special:FilePath/Norwood%20Hall%20at%20Missouri%20S%26T.jpg,http://commons.wikimedia.org/wiki/Special:FilePath/Missouri%20st%20logo%20horiz.png,Missouri University of Science and Technology
192448,002751,Long Island University,Brookville,NY,11548-1327,40.820714,-73.593678,https://www.liu.edu/,https://webapps2.liu.edu/netpricecalc/Calculator.aspx?campus=P,private_nonprofit,suburb,16,False,False,False,,86.2,considered_not_required,1110.0,1350.0,560.0,670.0,550.0,680.0,1224.0,21.0,30.0,5520.0,15.0,77.2,57.1,59950.0,55424.0,42432.0,42432.0,33062.0,22019.0,17.1,,http://commons.wikimedia.org/wiki/Special:FilePath/LIU-Post.png,LIU Post
160038,002021,Northwestern State University of Louisiana,Natchitoches,LA,71497-0002,31.750666,-93.097797,https://www.nsula.edu/,https://www.nsula.edu/netpricecalculator.html,public,town,18,False,False,False,,92.5,considered_not_required,866.0,1163.0,448.0,610.0,418.0,553.0,1088.0,18.0,24.0,5519.0,16.0,70.9,43.2,47021.0,25431.0,8864.0,19652.0,13606.0,11693.0,35.2,http://commons.wikimedia.org/wiki/Special:FilePath/Williamson%20Hall%20at%20NSU%2C%20Natchitoches%2C%20LA%20IMG%201992.JPG,http://commons.wikimedia.org/wiki/Special:FilePath/Main%20entrance%20to%20NSU%20IMG%202031.JPG,Northwestern State University
160621,002025,Southern University and A & M College,Baton Rouge,LA,70813,30.524558,-91.190105,https://www.subr.edu/,https://www.subr.edu/page/net-price-calculator,public,city,16,True,False,False,,35.1,considered_not_required,790.0,1020.0,410.0,530.0,380.0,490.0,942.0,15.0,19.0,5519.0,21.0,60.3,27.1,43371.0,26341.0,9922.0,17272.0,20077.0,19047.0,68.1,http://commons.wikimedia.org/wiki/Special:FilePath/PB%20SU.jpg,http://commons.wikimedia.org/wiki/Special:FilePath/Southern%20University%20wordmark.svg,Southern University
199847,002978,Wake Forest University,Winston-Salem,NC,27106,36.133609,-80.277446,https://www.wfu.edu/,https://npc.collegeboard.org/student/app/wfu,private_nonprofit,city,16,False,False,False,,21.7,considered_not_required,1410.0,1520.0,700.0,750.0,710.0,770.0,1475.0,32.0,34.0,5485.0,10.0,92.6,89.1,78158.0,87499.0,67642.0,67642.0,28719.0,6525.0,10.1,http://commons.wikimedia.org/wiki/Special:FilePath/UpperQuad%20ACB.jpg,,Wake Forest University
151102,001828,Purdue University Fort Wayne,Fort Wayne,IN,46805-1499,41.117278,-85.108962,https://www.pfw.edu/,https://www.pfw.edu/admissions-financial-aid/financial-aid/net-price-calculator,public,city,19,False,False,False,,83.9,considered_not_required,970.0,1220.0,490.0,610.0,480.0,610.0,1100.0,22.0,29.0,5484.0,13.0,66.6,36.3,45872.0,22183.0,9532.0,22887.0,13171.0,8306.0,24.8,http://commons.wikimedia.org/wiki/Special:FilePath/2008%20IPFW%20Dorms.jpg,http://commons.wikimedia.org/wiki/Special:FilePath/IPFW%20logo.png,Indiana University – Purdue University Fort Wayne
196194,002848,State University of New York at Oswego,Oswego,NY,13126,43.454287,-76.540798,https://www.oswego.edu/,https://www.oswego.edu/financial-aid/net-price-calculator,public,town,18,False,False,False,,80.5,considered_not_required,1070.0,1270.0,530.0,630.0,540.0,640.0,1187.0,23.0,29.0,5473.0,15.0,70.5,60.4,57566.0,27052.0,8825.0,18735.0,16236.0,8714.0,39.6,http://commons.wikimedia.org/wiki/Special:FilePath/New%20York%20-%20Sheldon%20Hall%20-%2020240227141145.jpg,http://commons.wikimedia.org/wiki/Special:FilePath/Oswego%20univ%20textlogo.png,State University of New York at Oswego
436429,040373,Los Angeles Film School,Hollywood,CA,90028,34.098338,-118.3284,https://www.lafilm.edu/,https://lafilm.studentaidcalculator.com/survey.aspx,private_for_profit,city,30,False,False,False,,,,,,,,,,,,,5472.0,31.0,51.2,41.3,31632.0,,,,30980.0,30655.0,63.1,http://commons.wikimedia.org/wiki/Special:FilePath/Los%20Angeles%20Film%20School%2C%20Los%20Angeles%2C%20California%2C%20US.jpg,,Los Angeles Film School
377555,003798,University of Washington-Bothell Campus,Bothell,WA,98011-8246,47.759773,-122.191293,https://www.uwb.edu/,https://www.washington.edu/financialaid/getting-started/net-price-calculator/,public,suburb,18,False,False,False,,90.6,considered_not_required,,,,,,,,,,5457.0,22.0,85.8,65.3,78466.0,26908.0,12919.0,43155.0,12319.0,5573.0,28.6,http://commons.wikimedia.org/wiki/Special:FilePath/U.W.%20Bothell%2002.jpg,,University of Washington Bothell
168421,002233,Worcester Polytechnic Institute,Worcester,MA,01609-2280,42.274853,-71.808339,https://www.wpi.edu/,https://www.wpi.edu/admissions/tuition-aid/financial-need/net-price-calculator,private_nonprofit,city,16,False,False,False,,60.2,not_considered,,,,,,,,,,5447.0,13.0,93.7,89.7,103470.0,78679.0,60965.0,60965.0,43071.0,24018.0,11.9,http://commons.wikimedia.org/wiki/Special:FilePath/Wpi%20boytonhall.JPG,http://commons.wikimedia.org/wiki/Special:FilePath/WPI%20wordmark.svg,Worcester Polytechnic Institute
219471,003474,University of South Dakota,Vermillion,SD,57069-2390,42.786019,-96.925283,https://www.usd.edu/,https://www.usd.edu/Admissions-and-Aid/Tuition-and-Costs/Net-Cost-Calculator,public,town,16,False,False,False,,98.8,considered_not_required,1125.0,1315.0,530.0,620.0,595.0,695.0,1125.0,19.0,25.0,5439.0,16.0,79.3,59.9,51926.0,24422.0,9432.0,12942.0,19858.0,14921.0,18.7,http://commons.wikimedia.org/wiki/Special:FilePath/USD%20Muenster%20University%20Center.jpg,http://commons.wikimedia.org/wiki/Special:FilePath/University%20of%20South%20Dakota%20logo.svg,University of South Dakota
232937,003765,Norfolk State University,Norfolk,VA,23504-8000,36.848429,-76.261375,https://www.nsu.edu/,https://webapps.nsu.edu/financialaid/calculator.htm,public,city,19,True,False,False,,87.8,considered_not_required,823.0,1030.0,430.0,520.0,393.0,510.0,927.0,16.0,22.0,5392.0,15.0,72.6,38.5,44666.0,26633.0,10180.0,21682.0,15282.0,12804.0,65.0,http://commons.wikimedia.org/wiki/Special:FilePath/Norfolk%20State%20University%20Lyman%20Beecher%20Brooks%20Library.jpg,http://commons.wikimedia.org/wiki/Special:FilePath/Norfolk%20State%20University%20Seal.png,Norfolk State University
129242,001385,Fairfield University,Fairfield,CT,06824-5195,41.157673,-73.255903,https://fairfield.edu/,https://collegepricecalculator.com/fairfielduniversity,private_nonprofit,suburb,17,False,False,False,30.0,33.3,considered_not_required,1260.0,1390.0,630.0,700.0,630.0,690.0,1335.0,29.0,32.0,5373.0,12.0,91.3,84.3,88794.0,76074.0,58350.0,58350.0,48095.0,33302.0,6.9,http://commons.wikimedia.org/wiki/Special:FilePath/Fairfield%20Entrance.JPG,,Fairfield University
144281,001665,Columbia College Chicago,Chicago,IL,60605-1996,41.874261,-87.624667,https://www.colum.edu/,https://colum.studentaidcalculator.com/survey.aspx,private_nonprofit,city,19,False,False,False,,89.5,not_considered,,,,,,,,,,5368.0,15.0,66.0,51.5,42195.0,51889.0,34088.0,34088.0,26598.0,20924.0,46.0,http://commons.wikimedia.org/wiki/Special:FilePath/1104swabash.jpg,http://commons.wikimedia.org/wiki/Special:FilePath/Columbia%20College%20Chicago%20logo.png,Columbia College Chicago
212106,003258,Duquesne University,Pittsburgh,PA,15282,40.43589,-79.993123,https://www.duq.edu/,https://www.duq.edu/admissions-and-aid/tuition/net-price-calculator,private_nonprofit,city,16,False,False,False,30.0,83.6,considered_not_required,1180.0,1340.0,600.0,670.0,580.0,670.0,1276.0,26.0,32.0,5350.0,12.0,84.2,77.5,74742.0,67776.0,48986.0,48986.0,37730.0,29986.0,20.2,http://commons.wikimedia.org/wiki/Special:FilePath/DuquesneChapel.JPG,http://commons.wikimedia.org/wiki/Special:FilePath/Duqlogo.png,Duquesne University
199281,002954,University of North Carolina at Pembroke,Pembroke,NC,28372-1510,34.688313,-79.200347,https://www.uncp.edu/,https://uncp.clearcostcalculator.com/student/default/netpricecalculator/survey,public,town,18,False,False,False,,93.3,considered_not_required,970.0,1200.0,490.0,600.0,480.0,600.0,1056.0,18.0,23.0,5330.0,14.0,71.6,43.5,43407.0,17261.0,3648.0,7648.0,10260.0,7919.0,50.1,http://commons.wikimedia.org/wiki/Special:FilePath/UNCP%20Faculty%20Row%20-%20Library%20on%20right.jpg,http://commons.wikimedia.org/wiki/Special:FilePath/University%20of%20North%20Carolina%20at%20Pembroke%20logo.svg,University of North Carolina at Pembroke
122612,001325,University of San Francisco,San Francisco,CA,94117-1080,37.776618,-122.450477,https://www.usfca.edu/,https://www.usfca.edu/admission/financial-aid/net-price-calculator,private_nonprofit,city,17,False,False,False,30.0,61.7,considered_not_required,1190.0,1390.0,610.0,700.0,580.0,690.0,1295.0,25.0,30.0,5287.0,11.0,83.7,70.1,89812.0,80141.0,60492.0,60492.0,41431.0,31537.0,28.0,http://commons.wikimedia.org/wiki/Special:FilePath/Lone%20Mountain%20Campus.jpg,http://commons.wikimedia.org/wiki/Special:FilePath/University%20of%20San%20Francisco%20logo.svg,University of San Francisco
188429,002666,Adelphi University,Garden City,NY,11530-0701,40.721439,-73.653321,https://www.adelphi.edu/,https://financial-aid.adelphi.edu/net-price-calculator/,private_nonprofit,suburb,17,False,False,False,,65.9,considered_not_required,1120.0,1340.0,570.0,660.0,550.0,680.0,1219.0,24.0,30.0,5276.0,12.0,82.9,67.2,75482.0,63189.0,49110.0,49110.0,30783.0,24095.0,31.0,,,Adelphi University
167987,002210,University of Massachusetts-Dartmouth,North Dartmouth,MA,02747-2300,41.62869,-71.004552,https://www.umassd.edu/,https://umassd.clearcostcalculator.com/student/default/netpricecalculator/survey,public,suburb,16,False,False,False,,90.6,considered_not_required,1050.0,1270.0,530.0,640.0,520.0,630.0,1182.0,26.0,30.0,5221.0,16.0,63.6,52.1,68804.0,33485.0,15612.0,32567.0,20927.0,15976.0,37.0,http://commons.wikimedia.org/wiki/Special:FilePath/UMass%20Dartmouth%20Panorama.jpg,http://commons.wikimedia.org/wiki/Special:FilePath/University%20of%20Massachusetts%20Dartmouth%20wordmark.svg,University of Massachusetts Dartmouth
235316,003778,Gonzaga University,Spokane,WA,99258-0001,47.666531,-117.400625,https://www.gonzaga.edu/,https://www.gonzaga.edu/admission/tuition-scholarships-aid/financial-aid/cost-of-attendance,private_nonprofit,city,17,False,False,False,30.0,81.7,considered_not_required,1190.0,1380.0,600.0,700.0,590.0,680.0,1335.0,27.0,31.0,5198.0,12.0,92.9,86.3,78892.0,73178.0,55480.0,55480.0,35119.0,20833.0,14.4,http://commons.wikimedia.org/wiki/Special:FilePath/Gonzaga%20University%20360.jpg,,Gonzaga University
192819,002765,Marist University,Poughkeepsie,NY,12601,41.720937,-73.935484,https://www.marist.edu/,https://www.marist.edu/financial-aid/net-price-calculator,private_nonprofit,suburb,18,False,False,False,,56.5,considered_not_required,1190.0,1340.0,600.0,680.0,590.0,660.0,1295.0,25.0,31.0,5182.0,15.0,86.1,79.6,77819.0,67574.0,47750.0,47750.0,41544.0,26083.0,14.4,,http://commons.wikimedia.org/wiki/Special:FilePath/Marist%20College%20wordmark.svg,Marist University
123572,001156,Sonoma State University,Rohnert Park,CA,94928-3609,38.340274,-122.677066,https://sonoma.edu/,https://financialaid.sonoma.edu/cost-attendance/net-price-calculator,public,suburb,18,False,False,False,,93.4,not_considered,,,,,,,,,,5166.0,17.0,79.2,57.6,65986.0,24648.0,8624.0,21224.0,12885.0,8310.0,35.9,http://commons.wikimedia.org/wiki/Special:FilePath/SSU%20Salazar%20Hall%204646.png,http://commons.wikimedia.org/wiki/Special:FilePath/Sonoma%20State%20University%20wordmark.svg,Sonoma State University
175272,002394,Winona State University,Winona,MN,55987-5838,44.046159,-91.643723,https://www.winona.edu/,https://www.minnstate.edu/admissions/calculator/winona.html,public,town,19,False,False,False,,75.5,not_considered,,,,,,,,,,5144.0,14.0,79.0,56.9,58532.0,23683.0,10576.0,17308.0,17503.0,10224.0,24.2,http://commons.wikimedia.org/wiki/Special:FilePath/ModelSchoolWinonaMN.jpg,http://commons.wikimedia.org/wiki/Special:FilePath/Winona%20State%20University%20wordmark.png,Winona State University
198695,002933,High Point University,High Point,NC,27268,35.972035,-79.994675,https://www.highpoint.edu/,https://www.highpoint.edu/admissions/net-price-calculator/,private_nonprofit,city,22,False,False,False,71.0,75.3,considered_not_required,1110.0,1320.0,560.0,670.0,550.0,650.0,1288.0,24.0,33.0,5129.0,21.0,85.4,73.7,61389.0,65548.0,45312.0,45312.0,38707.0,32763.0,11.8,http://commons.wikimedia.org/wiki/Special:FilePath/Hayworth%20Park%20at%20High%20Point%20University.jpg,,High Point University
196130,002842,SUNY Buffalo State University,Buffalo,NY,14222,42.933832,-78.882125,https://suny.buffalostate.edu/,https://financialaid.buffalostate.edu/cost-calculators,public,city,18,False,False,False,,73.0,considered_not_required,980.0,1240.0,490.0,630.0,490.0,610.0,1070.0,,,5097.0,14.0,57.7,33.3,52334.0,24279.0,8533.0,19653.0,11346.0,7405.0,55.6,http://commons.wikimedia.org/wiki/Special:FilePath/Elmwood%20entrance%2C%20Buffalo%20State%20University.jpg,http://commons.wikimedia.org/wiki/Special:FilePath/Buffalo%20state%20univ%20orangelogo.png,Buffalo State University
174783,002377,Saint Cloud State University,Saint Cloud,MN,56301-4498,45.553227,-94.152657,https://www.stcloudstate.edu/,https://www.stcloudstate.edu/scsu4u/financing/netpricecalculator.aspx,public,city,18,False,False,False,,94.8,considered_not_required,1025.0,1260.0,510.0,615.0,515.0,645.0,1092.0,17.0,25.0,5088.0,18.0,70.7,40.3,55813.0,21116.0,10245.0,10245.0,13529.0,8909.0,21.7,,http://commons.wikimedia.org/wiki/Special:FilePath/St.%20Cloud%20State%20University%20logo.svg,St. Cloud State University
234155,003764,Virginia State University,Petersburg,VA,23806,37.234692,-77.419026,https://www.vsu.edu/,https://npc.collegeboard.org/app/vsu,public,suburb,19,True,False,False,,88.6,considered_not_required,840.0,1070.0,440.0,550.0,400.0,520.0,948.0,14.0,20.0,5074.0,13.0,69.4,39.4,45543.0,27661.0,10043.0,22650.0,15840.0,13220.0,72.1,http://commons.wikimedia.org/wiki/Special:FilePath/Library%20VSU%202006.jpg,http://commons.wikimedia.org/wiki/Special:FilePath/Virginia%20state%20univ%20logo.png,Virginia State University
217420,003407,Rhode Island College,Providence,RI,02908,41.842415,-71.46556,https://www.ric.edu/,https://www.ric.edu/net-price-calculator,public,suburb,18,False,False,False,,91.8,considered_not_required,870.0,1120.0,450.0,580.0,420.0,540.0,990.0,,,5049.0,15.0,73.3,48.1,56318.0,17454.0,11300.0,27299.0,9478.0,6378.0,42.0,http://commons.wikimedia.org/wiki/Special:FilePath/Forman%20Center%2C%20Rhode%20Island%20College%20admissions.jpg,http://commons.wikimedia.org/wiki/Special:FilePath/Rhodeisland%20college%20logo.svg,Rhode Island College
162007,002062,Bowie State University,Bowie,MD,20715-9465,39.018185,-76.759721,https://www.bowiestate.edu/,https://npc.collegeboard.org/app/bowiestate,public,suburb,18,True,False,False,,72.4,considered_not_required,,,,,,,,,,5043.0,15.0,68.2,38.2,54537.0,25220.0,9218.0,19938.0,19298.0,17071.0,44.4,http://commons.wikimedia.org/wiki/Special:FilePath/Bowie-state-university-torch.jpg,http://commons.wikimedia.org/wiki/Special:FilePath/Bowie%20state%20univ%20textlogo.svg,Bowie State University
178420,002519,University of Missouri-St Louis,Saint Louis,MO,63121-4400,38.710312,-90.311091,https://www.umsl.edu/,https://www.umsl.edu/sfs/calculator/index.html,public,suburb,16,False,False,False,,62.7,considered_not_required,1060.0,1290.0,510.0,630.0,550.0,660.0,1199.0,19.0,27.0,5024.0,13.0,73.6,56.6,53037.0,31199.0,14112.0,35112.0,15071.0,13031.0,18.4,http://commons.wikimedia.org/wiki/Special:FilePath/UMSL%2001.jpg,http://commons.wikimedia.org/wiki/Special:FilePath/Umsl%20missouri%20st%20louis%20univ%20horiz%20logo.png,University of Missouri–St. Louis
159993,002020,University of Louisiana at Monroe,Monroe,LA,71209-0000,32.527748,-92.07374,https://www.ulm.edu/,https://webservices.ulm.edu/price_calculator/npcalc.htm,public,city,17,False,False,False,,84.8,considered_not_required,1160.0,1360.0,540.0,630.0,620.0,730.0,1116.0,18.0,24.0,5022.0,18.0,72.8,54.2,46769.0,24932.0,9190.0,21290.0,13466.0,11490.0,34.8,http://commons.wikimedia.org/wiki/Special:FilePath/Administration%20Bldg.%2C%20ULL%20in%20Monroe%2C%20LA%20IMG%202767.JPG,http://commons.wikimedia.org/wiki/Special:FilePath/University%20of%20Louisiana%20at%20Monroe%20wordmark.svg,University of Louisiana at Monroe
441937,039803,California State University-Channel Islands,Camarillo,CA,93012,34.162949,-119.04356,https://www.csuci.edu/,https://www2.calstate.edu/attend/paying-for-college/pages/csu-costs.aspx,public,rural,20,False,False,False,,94.8,not_considered,,,,,,,,,,5013.0,16.0,72.4,51.3,62152.0,23561.0,7159.0,19759.0,9849.0,6857.0,46.6,http://commons.wikimedia.org/wiki/Special:FilePath/CSU%20Channel%20Islands.jpg,http://commons.wikimedia.org/wiki/Special:FilePath/CSU%20Channel%20Islands%20logo.svg,"California State University, Channel Islands"
159717,002017,McNeese State University,Lake Charles,LA,70605,30.178187,-93.217222,https://www.mcneese.edu/,https://www.mcneese.edu/ire/net_price_calculator,public,city,18,False,False,False,,78.3,considered_not_required,940.0,1198.0,490.0,610.0,450.0,588.0,1087.0,18.0,23.0,5005.0,20.0,68.4,47.0,46453.0,22810.0,8489.0,9989.0,12493.0,10482.0,34.6,http://commons.wikimedia.org/wiki/Special:FilePath/Burtonbusiness2.jpg,,McNeese State University
177065,002456,Columbia College,Columbia,MO,65216,38.957388,-92.326354,https://www.ccis.edu/,https://www.ccis.edu/tuition-financial-aid/college-cost/,private_nonprofit,city,18,False,False,False,61.0,,,,,,,,,,,,4950.0,20.0,75.1,42.2,45378.0,37207.0,25826.0,25826.0,22715.0,23967.0,44.6,http://commons.wikimedia.org/wiki/Special:FilePath/Columbia%20College%20%28Missouri%29%20logo.png,,Columbia College
106245,001101,University of Arkansas at Little Rock,Little Rock,AR,72204,34.723254,-92.339778,https://ualr.edu/,https://ualr.edu/financialaid/net-price-calculator/,public,city,16,False,False,False,,58.8,required,960.0,1210.0,490.0,630.0,470.0,580.0,1049.0,17.0,24.0,4949.0,13.0,76.5,41.6,45265.0,22519.0,9748.0,22158.0,17248.0,15195.0,41.2,http://commons.wikimedia.org/wiki/Special:FilePath/UALR%20Student%20Services%20Center.jpg,,University of Arkansas at Little Rock
215770,003367,Saint Joseph's University - Philadelphia,Philadelphia,PA,19131-1395,39.994442,-75.238343,https://www.sju.edu/,https://sju.studentaidcalculator.com/survey.aspx,private_nonprofit,city,18,False,False,False,30.0,88.8,considered_not_required,1170.0,1350.0,590.0,680.0,580.0,670.0,1258.0,28.0,31.0,4948.0,11.0,88.7,78.8,86881.0,67954.0,53260.0,53260.0,29689.0,22570.0,19.8,http://commons.wikimedia.org/wiki/Special:FilePath/StJoseph%20Statue.jpg,http://commons.wikimedia.org/wiki/Special:FilePath/Saint%20Joseph%27s%20College%20Crest.JPG,Saint Joseph's University
186201,009344,Ramapo College of New Jersey,Mahwah,NJ,07430-1680,41.080942,-74.174086,https://www.ramapo.edu/,https://npc.collegeboard.org/app/ramapo,public,suburb,18,False,False,False,,70.6,considered_not_required,1130.0,1300.0,580.0,650.0,550.0,650.0,1211.0,22.0,30.0,4898.0,17.0,83.6,69.8,67541.0,29483.0,16777.0,27708.0,18173.0,9008.0,28.2,http://commons.wikimedia.org/wiki/Special:FilePath/BirchMansion.JPG,http://commons.wikimedia.org/wiki/Special:FilePath/Ramapo%20college%20textlogo.png,Ramapo College
221768,003531,The University of Tennessee-Martin,Martin,TN,38238,36.340338,-88.864211,https://www.utm.edu/,https://www.utm.edu/admissions-and-aid/financial-aid-and-scholarships/net-price-calculators.php,public,town,19,False,False,False,,88.2,required,970.0,1210.0,500.0,610.0,470.0,600.0,1120.0,19.0,25.0,4866.0,16.0,77.0,52.5,44213.0,23079.0,10560.0,16600.0,10701.0,7151.0,34.4,http://commons.wikimedia.org/wiki/Special:FilePath/UTM%20admin%20building.jpg,,University of Tennessee at Martin
221838,003522,Tennessee State University,Nashville,TN,37209-1561,36.166321,-86.828275,https://www.tnstate.edu/,https://www.tnstate.edu/financial_aid/tuition_calculator.aspx,public,city,16,True,False,False,,70.1,required,880.0,1050.0,460.0,540.0,420.0,510.0,1000.0,16.0,21.0,4848.0,13.0,33.5,34.0,42730.0,25637.0,8616.0,22416.0,15796.0,15005.0,51.1,http://commons.wikimedia.org/wiki/Special:FilePath/WTN%20PeepHoles%20052.JPG,,Tennessee State University
129941,001397,University of New Haven,West Haven,CT,06516-1916,41.291314,-72.961472,https://www.newhaven.edu/,https://www.newhaven.edu/admissions/financial-aid/undergraduate/prospective/estimate.php,private_nonprofit,suburb,18,False,False,False,,60.4,considered_not_required,1060.0,1265.0,540.0,645.0,520.0,620.0,1160.0,,,4841.0,17.0,76.5,63.1,60126.0,66962.0,47332.0,47332.0,34192.0,27837.0,32.4,http://commons.wikimedia.org/wiki/Special:FilePath/UNH%20June%202011.jpg,http://commons.wikimedia.org/wiki/Special:FilePath/University%20of%20New%20Haven%20logo.png,University of New Haven
212115,003320,East Stroudsburg University of Pennsylvania,East Stroudsburg,PA,18301-2999,40.99599,-75.173905,https://www.esu.edu/,https://www.passhe.edu/answers/Calculator/EA/npcalc-212115.htm,public,town,18,False,False,False,,92.0,considered_not_required,1000.0,1180.0,500.0,590.0,500.0,590.0,1084.0,22.0,23.0,4814.0,21.0,72.1,43.1,56148.0,27917.0,11536.0,19502.0,18134.0,15365.0,41.5,,http://commons.wikimedia.org/wiki/Special:FilePath/East%20stroudsburg%20univ%20logo.png,East Stroudsburg University of Pennsylvania
137564,001521,Southeastern University,Lakeland,FL,33801-6034,28.029733,-81.918382,https://www.seu.edu/,https://www.seu.edu/admission/financial/cost-calculator/,private_nonprofit,city,17,False,False,False,27.0,53.0,not_considered,,,,,,,,,,4813.0,19.0,69.9,42.5,46744.0,49329.0,32950.0,32950.0,31942.0,29498.0,21.5,http://commons.wikimedia.org/wiki/Special:FilePath/AventuraHall.jpg,http://commons.wikimedia.org/wiki/Special:FilePath/Southeastern%20univ%20flamelogo.png,Southeastern University
156471,030837,Galen College of Nursing-Louisville,Louisville,KY,40245,38.281333,-85.499039,https://www.galencollege.edu/louisville,https://galencollege.studentaidcalculator.com/welcome.aspx,private_for_profit,city,26,False,False,False,,,,,,,,,,,,,4801.0,12.0,79.6,61.5,61480.0,,,,18540.0,18116.0,24.6,,,Galen College of Nursing-Louisville
227757,003604,Rice University,Houston,TX,77005-1827,29.717897,-95.402035,https://www.rice.edu/,https://financialaid.rice.edu/cost-attendance/estimate-your-cost,private_nonprofit,city,15,False,False,False,,8.0,considered_not_required,1510.0,1570.0,740.0,770.0,770.0,800.0,1553.0,34.0,35.0,4776.0,6.0,97.4,94.6,89718.0,79788.0,64144.0,64144.0,13370.0,5827.0,17.0,http://commons.wikimedia.org/wiki/Special:FilePath/Rice%20University%20-%20Sally%20Port.JPG,http://commons.wikimedia.org/wiki/Special:FilePath/Rice%20University%20Logo.png,Rice University
207263,003161,Northeastern State University,Tahlequah,OK,74464-2399,35.919939,-94.967229,https://www.nsuok.edu/,https://offices.nsuok.edu/_resources/includes/costcalculator.inc,public,town,18,False,False,False,,99.6,considered_not_required,866.0,1136.0,438.0,593.0,428.0,543.0,1049.0,18.0,23.0,4772.0,16.0,60.5,35.4,45379.0,21551.0,7810.0,17290.0,12710.0,10598.0,45.1,,,Northeastern State University
483595,042404,Ana G. Mendez University,Orlando,FL,32822,28.482195,-81.30843,https://www.agmu.edu/,https://www.agmu.edu/en/net-price-calculator,private_nonprofit,city,32,False,False,False,,,,,,,,,,,,,4763.0,28.0,70.2,,,27187.0,13575.0,13575.0,19775.0,19643.0,71.2,,,
228705,003639,Texas A&M University-Kingsville,Kingsville,TX,78363,27.525168,-97.882387,https://www.tamuk.edu/,https://apps.highered.texas.gov/net-price-calculator/,public,town,16,False,False,False,,90.9,considered_not_required,990.0,1110.0,510.0,550.0,480.0,560.0,1050.0,,,4748.0,18.0,64.6,41.9,51450.0,24060.0,9892.0,25746.0,12090.0,10207.0,52.7,http://commons.wikimedia.org/wiki/Special:FilePath/Nierman%20science%20hall%20of%20texas.jpg,http://commons.wikimedia.org/wiki/Special:FilePath/Texasam%20am%20univ%20kingsville%20logo.png,Texas A&M University–Kingsville
159966,002005,Nicholls State University,Thibodaux,LA,70310,29.794486,-90.801571,https://www.nicholls.edu/,https://www.nicholls.edu/net-price-calculator/,public,city,19,False,False,False,,90.8,required,934.0,1196.0,472.0,608.0,462.0,588.0,1090.0,19.0,24.0,4737.0,19.0,76.6,53.8,45454.0,23481.0,8149.0,9242.0,12947.0,10714.0,34.1,http://commons.wikimedia.org/wiki/Special:FilePath/C.%20C.%20Elkins%20Hall%2C%20Nicholls%20State%20University%2C%20Thibodaux%2C%20Louisiana.jpg,http://commons.wikimedia.org/wiki/Special:FilePath/Nicholls%20State%20University%20logo.png,Nicholls State University
231651,030913,Regent University,Virginia Beach,VA,23464,36.801173,-76.194627,https://www.regent.edu/,https://www.regent.edu/tuition-aid/net-price-calculator/,private_nonprofit,city,17,False,False,False,,38.1,considered_not_required,990.0,1250.0,530.0,650.0,460.0,600.0,1153.0,19.0,26.0,4729.0,18.0,74.6,56.9,44498.0,32838.0,21650.0,21650.0,19923.0,20064.0,51.1,http://commons.wikimedia.org/wiki/Special:FilePath/Regent%20University%20Student%20Center.jpg,http://commons.wikimedia.org/wiki/Special:FilePath/Regent%20univ%20textlogo.png,Regent University
196185,002847,SUNY Oneonta,Oneonta,NY,13820-4015,42.468861,-75.063632,https://suny.oneonta.edu/,https://suny.oneonta.edu/index.php/cost-aid/suny-net-price-calculator,public,town,19,False,False,False,,69.6,considered_not_required,1120.0,1310.0,570.0,660.0,550.0,650.0,1230.0,25.0,30.0,4643.0,13.0,75.5,68.8,60386.0,28821.0,8831.0,19781.0,19158.0,11044.0,36.0,http://commons.wikimedia.org/wiki/Special:FilePath/Outside%20of%20Fitzelle%20Hall.jpg,http://commons.wikimedia.org/wiki/Special:FilePath/Suny%20oneota%20textlogo.png,State University of New York at Oneonta
159939,002015,University of New Orleans,New Orleans,LA,70148,30.027704,-90.067142,https://new.uno.edu/,https://www.uno.edu/financial-aid/cost-of-education/net-price-calculator,public,city,16,False,False,False,,74.3,considered_not_required,935.0,1241.0,480.0,616.0,455.0,625.0,1052.0,17.0,23.0,4638.0,19.0,66.8,38.0,47872.0,23431.0,9172.0,14008.0,12384.0,11532.0,39.1,http://commons.wikimedia.org/wiki/Special:FilePath/UNO%20University%20Center%20A.JPG,http://commons.wikimedia.org/wiki/Special:FilePath/University%20of%20New%20Orleans.svg,LSU New Orleans
484473,001535,University of Florida-Online,Gainesville,FL,32609-8977,29.649413,-82.339848,https://www.ufonline.ufl.edu/,https://npc.collegeboard.org/app/ufl,public,city,22,False,False,False,,61.3,required,1250.0,1410.0,640.0,710.0,610.0,700.0,1338.0,27.0,31.0,4627.0,61.0,94.8,84.7,71588.0,17843.0,3876.0,16579.0,4815.0,1477.0,21.8,,,University of Florida-Online
177968,002480,Lindenwood University,Saint Charles,MO,63301-1695,38.785425,-90.501286,https://www.lindenwood.edu/,https://www.lindenwood.edu/admissions/student-financial-services/net-price-calculator/,private_nonprofit,city,18,False,False,False,,56.8,considered_not_required,,,,,,,1190.0,22.0,28.0,4624.0,14.0,65.6,49.3,53278.0,35436.0,21600.0,21600.0,19638.0,15678.0,30.0,,http://commons.wikimedia.org/wiki/Special:FilePath/Lindenwood%20University%20wordmark.svg,Lindenwood University
175856,002410,Jackson State University,Jackson,MS,39217,32.296105,-90.207405,https://www.jsums.edu/,https://studentaid.gov/aid-estimator/,public,city,16,True,False,False,,93.2,considered_not_required,820.0,1070.0,430.0,550.0,390.0,520.0,965.0,15.0,20.0,4600.0,14.0,62.4,50.9,39060.0,32415.0,8965.0,11965.0,23836.0,22869.0,72.3,http://commons.wikimedia.org/wiki/Special:FilePath/JacksonCollege.jpg,http://commons.wikimedia.org/wiki/Special:FilePath/Jackson%20State%20University%20logo.png,Jackson State University
157386,001976,Morehead State University,Morehead,KY,40351,38.186768,-83.434021,https://www.moreheadstate.edu/,https://tcc.ruffalonl.com/morehead state university/npc,public,town,18,False,False,False,,77.2,considered_not_required,,,,,,,,,,4578.0,16.0,65.0,52.2,43197.0,21961.0,10024.0,14980.0,9793.0,7150.0,29.5,http://commons.wikimedia.org/wiki/Special:FilePath/Aduc1.jpg,http://commons.wikimedia.org/wiki/Special:FilePath/Morehead%20State%20University%20logo.svg,Morehead State University
156082,001949,Washburn University,Topeka,KS,66621,39.033778,-95.702222,https://www.washburn.edu/,https://www.washburn.edu/netpricecalculator,public,city,19,False,False,False,,,,,,,,,,,,,4562.0,15.0,68.0,53.0,49774.0,21512.0,9945.0,20949.0,15280.0,20310.0,33.6,http://commons.wikimedia.org/wiki/Special:FilePath/Washburn%2C%20Topeka%2C%20Kansas%2C%201948.jpg,http://commons.wikimedia.org/wiki/Special:FilePath/Washburn%20University%20logo.svg,Washburn University
178721,002498,Park University,Parkville,MO,64152-3795,39.189256,-94.679041,https://www.park.edu/,https://npc.collegeboard.org/app/park,private_nonprofit,suburb,18,False,False,False,,,,,,,,,,,,,4555.0,13.0,57.6,38.4,56309.0,29427.0,17500.0,17500.0,21032.0,18687.0,40.9,http://commons.wikimedia.org/wiki/Special:FilePath/Mckay-hall-parkville.jpg,,Park University
139463,003956,Dalton State College,Dalton,GA,30720-3797,34.774221,-85.002775,https://www.daltonstate.edu/,https://www.daltonstate.edu/admissions/financial-aid/net-price-calculator/,public,city,22,False,False,False,,,,,,,,,,,,,4553.0,21.0,70.9,25.3,40251.0,12719.0,3336.0,10656.0,5012.0,3962.0,49.9,,,Dalton State College
182670,002573,Dartmouth College,Hanover,NH,03755-3529,43.704115,-72.289949,https://dartmouth.edu/,https://admissions.dartmouth.edu/afford/estimate-your-cost,private_nonprofit,town,15,False,False,False,,5.4,considered_not_required,1500.0,1570.0,740.0,780.0,760.0,790.0,1534.0,33.0,35.0,4541.0,7.0,98.4,95.5,97434.0,87793.0,68268.0,68268.0,29519.0,41.0,14.3,http://commons.wikimedia.org/wiki/Special:FilePath/Dartmouth%20College%20campus%202007-06-23%20Dartmouth%20Hall%2002.JPG,http://commons.wikimedia.org/wiki/Special:FilePath/Dartmouth%20College%20logo.svg,Dartmouth College
241739,025875,Universidad Ana G. Mendez-Cupey Campus,San Juan,PR,00928,18.387183,-66.061647,https://uagm.edu/,https://documento.uagm.edu/netprice/np-cupey.html,private_nonprofit,city,18,False,False,False,,,,,,,,,,,,,4540.0,22.0,68.6,30.9,24490.0,14214.0,7750.0,7750.0,7646.0,6929.0,99.3,,,Metropolitan University
166683,002178,Massachusetts Institute of Technology,Cambridge,MA,02139-4301,42.359243,-71.093226,https://web.mit.edu/,https://npc.collegeboard.org/app/mit,private_nonprofit,city,15,False,False,False,,4.5,required,1520.0,1580.0,740.0,780.0,780.0,800.0,1560.0,34.0,36.0,4535.0,3.0,99.1,96.4,143372.0,82730.0,62396.0,62396.0,20111.0,-2533.0,19.3,http://commons.wikimedia.org/wiki/Special:FilePath/MIT%20Dome%20night1%20Edit.jpg,http://commons.wikimedia.org/wiki/Special:FilePath/MIT%202023%20red%20logo.svg,Massachusetts Institute of Technology
140447,001580,Mercer University,Macon,GA,31207,32.829134,-83.649392,https://www.mercer.edu/,https://mercer.studentaidcalculator.com/survey.aspx,private_nonprofit,city,16,False,False,False,,68.9,considered_not_required,1160.0,1350.0,590.0,680.0,570.0,670.0,1271.0,25.0,31.0,4500.0,11.0,82.2,69.6,58354.0,58204.0,42312.0,42312.0,23847.0,19817.0,35.4,http://commons.wikimedia.org/wiki/Special:FilePath/Mercer%20University%20Central%20Quadrangle.jpg,http://commons.wikimedia.org/wiki/Special:FilePath/Mercer%20University%20logo.png,Mercer University
262086,041618,University of Massachusetts Global,Aliso Viejo,CA,92656,33.582886,-117.727737,https://www.umassglobal.edu/,https://umassglobal.clearcostcalculator.com/student/default/netpricecalculator/survey,public,suburb,17,False,False,False,,,,,,,,,,,,,4491.0,24.0,62.2,42.9,65703.0,35325.0,12540.0,12540.0,32654.0,31963.0,22.5,,,University of Massachusetts Global
164739,002124,Bentley University,Waltham,MA,02452-4705,42.385995,-71.222839,https://www.bentley.edu/,https://npc.collegeboard.org/student/app/bentley,private_nonprofit,city,18,False,False,False,,45.1,considered_not_required,1280.0,1430.0,630.0,700.0,650.0,730.0,1352.0,28.0,31.0,4474.0,12.0,92.7,86.8,120959.0,79548.0,61000.0,61000.0,37930.0,21196.0,16.1,http://commons.wikimedia.org/wiki/Special:FilePath/Bentley%20College%20Library.jpg,http://commons.wikimedia.org/wiki/Special:FilePath/Bentley%20University%20logo.svg,Bentley University
164155,002101,United States Naval Academy,Annapolis,MD,21402-1300,38.980507,-76.481692,https://www.usna.edu/,https://www.usna.edu/Admissions,public,suburb,21,False,False,False,,9.3,considered_not_required,1210.0,1410.0,610.0,700.0,600.0,710.0,1307.0,25.0,31.0,4474.0,8.0,97.3,92.9,,,,,,,,http://commons.wikimedia.org/wiki/Special:FilePath/121011-N-OA833-002%20%2824401310884%29.jpg,http://commons.wikimedia.org/wiki/Special:FilePath/United%20States%20Naval%20Academy%20insignia%202.png,United States Naval Academy
243346,003941,Universidad Ana G. Mendez-Carolina Campus,Carolina,PR,00985-0985,18.414805,-65.983869,https://uagm.edu/,https://documento.uagm.edu/netprice/np-carolina.html,private_nonprofit,suburb,18,False,False,False,,,,,,,,,,,,,4468.0,27.0,75.0,34.3,24328.0,14113.0,7750.0,7750.0,7761.0,7401.0,90.5,,,Universidad del Este
243443,003937,Universidad del Sagrado Corazon,Santurce,PR,00907,18.441166,-66.059617,https://www.sagrado.edu/,https://mi.sagrado.edu/ICS/ClientConfig/HtmlContent/netcalculator2017/Net Price Calculator.html,private_nonprofit,city,19,False,False,False,30.0,58.0,not_considered,,,,,,,,,,4442.0,21.0,79.1,52.1,31754.0,19728.0,6410.0,6410.0,12924.0,12027.0,71.5,,,Universidad del Sagrado Corazón
225627,003578,University of the Incarnate Word,San Antonio,TX,78209,29.46708,-98.46583,https://www.uiw.edu/,https://www.uiw.edu/finaid/uiwnpc.html,private_nonprofit,city,17,False,False,False,30.0,98.1,not_considered,,,,,,,,,,4440.0,12.0,71.3,51.0,56733.0,48681.0,37090.0,37090.0,22775.0,19260.0,44.6,http://commons.wikimedia.org/wiki/Special:FilePath/McDermott%20Center%2C%20University%20of%20the%20Incarnate%20Word%2C%20San%20Antonio%2C%20TX.jpg,http://commons.wikimedia.org/wiki/Special:FilePath/Univ%20of%20incarnate%20word%20textlogo.svg,University of the Incarnate Word
171146,002327,University of Michigan-Flint,Flint,MI,48502-1950,43.01875,-83.690276,https://www.umflint.edu/,https://www.umflint.edu/netpricecalculator.html,public,city,17,False,False,False,,70.5,considered_not_required,970.0,1243.0,500.0,633.0,470.0,610.0,1102.0,19.0,24.0,4411.0,14.0,77.8,40.3,53230.0,20915.0,14704.0,28320.0,7007.0,1517.0,38.6,http://commons.wikimedia.org/wiki/Special:FilePath/University%20of%20Michigan%E2%80%93Flint%20July%202018%206%20%28University%20of%20Michigan%E2%80%93Flint%20Ice%20Rink%29.jpg,http://commons.wikimedia.org/wiki/Special:FilePath/University%20of%20Michigan%E2%80%93Flint%20logo.svg,University of Michigan–Flint
149772,001780,Western Illinois University,Macomb,IL,61455,40.468086,-90.686899,https://www.wiu.edu/,https://www.wiu.edu/student_success/financial_aid/netPriceCalculator.php,public,town,18,False,False,False,,71.2,not_considered,,,,,,,,,,4410.0,12.0,61.4,45.2,54163.0,28254.0,15264.0,15264.0,12937.0,6941.0,28.1,http://commons.wikimedia.org/wiki/Special:FilePath/Shermanwide.jpg,http://commons.wikimedia.org/wiki/Special:FilePath/Western%20Illinois%20University%20logo.png,Western Illinois University
197036,002893,United States Military Academy,West  Point,NY,10996,41.388988,-73.956772,https://www.westpoint.edu/,https://www.westpoint.edu/parents,public,town,21,False,False,False,,12.4,required,1200.0,1430.0,600.0,710.0,600.0,720.0,1355.0,27.0,33.0,4408.0,6.0,94.6,87.1,,,,,,,,http://commons.wikimedia.org/wiki/Special:FilePath/USMA%20Aerial%20View%20Looking%20North.jpg,http://commons.wikimedia.org/wiki/Special:FilePath/United%20States%20Military%20Academy%20wordmark.svg,United States Military Academy
147536,001733,National Louis University,Chicago,IL,60603,41.880093,-87.624699,https://www.nl.edu/,https://www.nl.edu/tuition-and-aid/tuition-and-fees/net-price-calculator/,private_nonprofit,city,17,False,False,False,,95.0,not_considered,,,,,,,,,,4406.0,17.0,50.4,30.1,45799.0,24154.0,12705.0,12705.0,12641.0,12462.0,55.1,http://commons.wikimedia.org/wiki/Special:FilePath/20080703%20Peoples%20Gas%20Building.JPG,,National Louis University
130934,001428,Delaware State University,Dover,DE,19901,39.187173,-75.54053,https://www.desu.edu/,https://www.desu.edu/npc,public,city,19,True,False,False,,46.6,considered_not_required,800.0,1020.0,420.0,520.0,380.0,500.0,940.0,20.0,24.0,4398.0,17.0,70.0,39.1,49307.0,27939.0,10670.0,20634.0,13910.0,11135.0,48.5,http://commons.wikimedia.org/wiki/Special:FilePath/Delaware%20State%20University%20Wellness%20Center.jpg,http://commons.wikimedia.org/wiki/Special:FilePath/Logo%20DESU.png,Delaware State University
178624,002496,Northwest Missouri State University,Maryville,MO,64468-6001,40.351692,-94.883339,https://www.nwmissouri.edu/,https://www.nwmissouri.edu/finaid/net-price-calculator/,public,town,18,False,False,False,,86.1,considered_not_required,976.0,1193.0,478.0,593.0,498.0,600.0,1119.0,19.0,24.0,4378.0,16.0,73.9,54.2,47885.0,24945.0,10611.0,17324.0,16244.0,13176.0,27.3,http://commons.wikimedia.org/wiki/Special:FilePath/Nwmsu-admin.jpg,,Northwest Missouri State University
231712,003706,Christopher Newport University,Newport News,VA,23606-3072,37.062495,-76.494364,https://cnu.edu/,https://cnu.edu/financialaid/calculator/npcalc.htm,public,city,20,False,False,False,,86.0,considered_not_required,1060.0,1290.0,550.0,660.0,510.0,630.0,1180.0,25.0,30.0,4365.0,13.0,81.2,71.6,60509.0,33766.0,16828.0,31178.0,23015.0,12461.0,16.1,http://commons.wikimedia.org/wiki/Special:FilePath/CNU%20Entrance.jpg,http://commons.wikimedia.org/wiki/Special:FilePath/Christopher%20Newport%20University%203%20part%20logo.jpg,Christopher Newport University
139311,008976,Clayton  State University,Morrow,GA,30260-0285,33.594079,-84.328174,https://www.clayton.edu/,https://www.clayton.edu/financial-aid/docs/net-price-calculator-2023.html,public,suburb,19,False,False,False,,68.5,considered_not_required,860.0,1078.0,450.0,558.0,410.0,520.0,958.0,15.0,19.0,4348.0,20.0,70.9,39.9,49179.0,17415.0,5180.0,16532.0,8365.0,7405.0,52.2,http://commons.wikimedia.org/wiki/Special:FilePath/Spivey%20Hall%2C%20Clayton%20State%20University%202.JPG,http://commons.wikimedia.org/wiki/Special:FilePath/Clayton%20state%20university%20textlogo.png,Clayton State University
181002,002542,Creighton University,Omaha,NE,68178,41.265361,-95.947811,https://www.creighton.edu/,https://www.creighton.edu/cost-aid/tuition-costs/net-price-calculator,private_nonprofit,city,16,False,False,False,30.0,79.8,considered_not_required,1243.0,1428.0,620.0,708.0,623.0,720.0,1321.0,26.0,31.0,4348.0,11.0,94.2,83.4,73911.0,63423.0,48856.0,48856.0,31568.0,20472.0,11.5,http://commons.wikimedia.org/wiki/Special:FilePath/Creighton%20mall%20west.JPG,http://commons.wikimedia.org/wiki/Special:FilePath/Creighton%20University%20logo.svg,Creighton University
190691,004759,CUNY York College,Jamaica,NY,11451,40.701576,-73.796313,https://www.york.cuny.edu/,https://npc.cuny.edu/npc/public/fin_aid/financial_aid_estimator/FinAidEstimator.jsp,public,city,20,False,False,False,,64.1,considered_not_required,790.0,960.0,410.0,480.0,380.0,480.0,880.0,,,4345.0,13.0,57.4,32.2,56945.0,14330.0,7358.0,15308.0,4456.0,2861.0,40.1,http://commons.wikimedia.org/wiki/Special:FilePath/Academic-Core-Building-Guy-Brewer-Blvd.jpg,,York College
150163,001788,Butler University,Indianapolis,IN,46208,39.8374,-86.172167,https://www.butler.edu/,https://app.meadowfi.com/butler,private_nonprofit,city,18,False,False,False,,85.1,considered_not_required,1160.0,1350.0,590.0,680.0,570.0,670.0,1274.0,26.0,31.0,4317.0,11.0,87.5,80.4,77235.0,65970.0,47560.0,47560.0,36041.0,25278.0,15.0,http://commons.wikimedia.org/wiki/Special:FilePath/Aerial%20view%20of%20the%20Butler%20University%20campus%20in%20Indianapolis%2C%20Indiana.jpg,http://commons.wikimedia.org/wiki/Special:FilePath/Butler%20University%20logo.svg,Butler University
458919,001459,Strayer University-Georgia,Chamblee,GA,30341,33.870686,-84.267177,https://www.strayer.edu/campus-locations/georgia/chamblee,https://strayer.aidcalc.cloud/netprice.htm,private_for_profit,suburb,29,False,False,False,,,,,,,,,,,,,4299.0,47.0,75.0,21.4,40092.0,25158.0,13920.0,13920.0,18318.0,14598.0,81.8,,,
167729,002188,Salem State University,Salem,MA,01970,42.503575,-70.890234,https://www.salemstate.edu/,https://www.salemstate.edu/campus-life/student-navigation-center/financial-aid/understanding-your-costs/net-price-calculator,public,suburb,18,False,False,False,,95.9,not_considered,,,,,,,,,,4291.0,12.0,75.2,49.8,56662.0,28291.0,12338.0,19531.0,15996.0,10516.0,35.4,http://commons.wikimedia.org/wiki/Special:FilePath/Salem%20State%20University.jpg,http://commons.wikimedia.org/wiki/Special:FilePath/Salem%20st%20univ%20logo.svg,Salem State University
168005,002218,Suffolk University,Boston,MA,02108-3901,42.357945,-71.060917,https://www.suffolk.edu/,https://suffolk.studentaidcalculator.com/survey.aspx,private_nonprofit,city,17,False,False,False,,82.3,considered_not_required,1090.0,1300.0,550.0,670.0,540.0,630.0,1216.0,24.0,28.0,4268.0,15.0,75.4,60.9,67506.0,65281.0,47550.0,47550.0,29618.0,24745.0,29.9,http://commons.wikimedia.org/wiki/Special:FilePath/Archer%20Building%20Suffolk%20University.jpg,http://commons.wikimedia.org/wiki/Special:FilePath/Suffolk%20University%20wordmark.svg,Suffolk University
191968,002739,Ithaca College,Ithaca,NY,14850-7002,42.422154,-76.494136,https://www.ithaca.edu/,https://collegepricecalculator.com/ithacacollege,private_nonprofit,suburb,18,False,False,False,,69.0,considered_not_required,1230.0,1390.0,630.0,710.0,600.0,680.0,1312.0,27.0,30.0,4242.0,10.0,84.7,76.2,63548.0,68699.0,53540.0,53540.0,33926.0,21901.0,19.1,http://commons.wikimedia.org/wiki/Special:FilePath/Park%20Center%20for%20Business%20and%20Sustainable%20Enterprise%2C%20Ithaca%20College.jpg,http://commons.wikimedia.org/wiki/Special:FilePath/Ithaca%20College%20logo.svg,Ithaca College
217402,003406,Providence College,Providence,RI,02918-0001,41.842742,-71.437446,https://www.providence.edu/,https://npc.collegeboard.org/student/app/providence,private_nonprofit,city,18,False,False,False,30.0,50.9,considered_not_required,1250.0,1390.0,630.0,700.0,620.0,690.0,1346.0,29.0,32.0,4229.0,11.0,94.0,85.8,87054.0,80466.0,63550.0,63550.0,48523.0,28152.0,13.4,http://commons.wikimedia.org/wiki/Special:FilePath/Harkins%20Hall%2C%20Providence%20College%2C%20Providence%20RI.jpg,,Providence College
186867,002639,Stevens Institute of Technology,Hoboken,NJ,07030-5991,40.744776,-74.025334,https://www.stevens.edu/,https://npc.collegeboard.org/app/stevens,private_nonprofit,suburb,16,False,False,False,,47.6,considered_not_required,1380.0,1505.0,670.0,735.0,710.0,770.0,1446.0,31.0,34.0,4222.0,11.0,93.6,86.9,108772.0,79790.0,63462.0,63462.0,41346.0,27221.0,20.4,http://commons.wikimedia.org/wiki/Special:FilePath/Schaefer%20Center%20Stevens%20Tech%202017.jpg,http://commons.wikimedia.org/wiki/Special:FilePath/Stevens%20inst%20tech%20textlogo.png,Stevens Institute of Technology
161554,002054,University of Southern Maine,Portland,ME,04103,43.662863,-70.274247,https://usm.maine.edu/,https://usm.maine.edu/student-financial-services/net-price-calculator,public,city,18,False,False,False,,79.2,required,990.0,1250.0,500.0,650.0,490.0,600.0,1116.0,24.0,28.0,4222.0,14.0,73.9,40.4,49958.0,23717.0,11284.0,27944.0,13596.0,9999.0,28.3,http://commons.wikimedia.org/wiki/Special:FilePath/Corthell%20Hall%2C%20University%20of%20Southern%20Maine%2C%20Gorham%20ME.jpg,http://commons.wikimedia.org/wiki/Special:FilePath/Univ%20southern%20maine%20logo.svg,University of Southern Maine
155681,001926,Pittsburg State University,Pittsburg,KS,66762,37.392071,-94.702473,https://www.pittstate.edu/,https://www.pittstate.edu/financial-aid/npc/index.html,public,town,18,False,False,False,,89.4,considered_not_required,,,,,,,1050.0,17.0,24.0,4210.0,14.0,77.2,56.6,50579.0,22099.0,8400.0,19744.0,15784.0,11968.0,30.5,,http://commons.wikimedia.org/wiki/Special:FilePath/Pittsburg%20State%20University%20wordmark.png,Pittsburg State University
102614,001063,University of Alaska Fairbanks,Fairbanks,AK,99775,64.85756,-147.823146,https://www.uaf.edu/,https://uaf.edu/finaid/costs/net-price-calculator.php,public,city,16,False,False,False,,,,,,,,,,,,,4207.0,11.0,74.1,38.0,48866.0,22407.0,8736.0,22320.0,10892.0,7992.0,22.4,http://commons.wikimedia.org/wiki/Special:FilePath/University%20of%20Alaska%20Museum%20of%20the%20North%20ENBLA01.jpg,http://commons.wikimedia.org/wiki/Special:FilePath/Univ%20alaska%20fairbanks%20textlogo.png,University of Alaska Fairbanks
206622,003144,Xavier University,Cincinnati,OH,45207-1092,39.149547,-84.47465,https://www.xavier.edu/,https://www.xavier.edu/net-price-calculator/,private_nonprofit,city,17,False,False,False,30.0,86.4,considered_not_required,1103.0,1310.0,553.0,660.0,550.0,650.0,1217.0,22.0,29.0,4207.0,10.0,77.5,68.7,64873.0,65476.0,50640.0,50640.0,32997.0,26728.0,16.3,http://commons.wikimedia.org/wiki/Special:FilePath/Justice%20Hall%2C%20Xavier%20University.jpg,http://commons.wikimedia.org/wiki/Special:FilePath/Xavier%20University%20%28Cincinnati%29%20logo.png,Xavier University
102049,001036,Samford University,Birmingham,AL,35229-2240,33.464128,-86.791799,https://www.samford.edu/,https://www.samford.edu/admission/net-price-calculator,private_nonprofit,suburb,17,False,False,False,54.0,82.4,considered_not_required,1070.0,1250.0,550.0,640.0,520.0,610.0,1201.0,22.0,28.0,4206.0,14.0,92.9,77.0,58469.0,57456.0,40150.0,40150.0,32622.0,22716.0,11.1,,,Samford University
240471,003923,University of Wisconsin-River Falls,River Falls,WI,54022-5001,44.8534,-92.622641,https://www.uwrf.edu/,https://students.uwrf.edu/financial-aid/net-price-calculator,public,town,19,False,False,False,,81.7,considered_not_required,,,,,,,1150.0,19.0,26.0,4205.0,19.0,76.4,57.0,54458.0,19781.0,9008.0,17470.0,14054.0,8472.0,20.8,http://commons.wikimedia.org/wiki/Special:FilePath/UW-River%20Falls.jpg,http://commons.wikimedia.org/wiki/Special:FilePath/Uw%20river%20falls%20wmark.png,University of Wisconsin–River Falls
144892,001674,Eastern Illinois University,Charleston,IL,61920,39.479843,-88.175658,https://www.eiu.edu/,https://www.eiu.edu/finaid/calculator.php,public,town,18,False,False,False,,65.3,considered_not_required,880.0,1090.0,460.0,560.0,420.0,530.0,1000.0,,,4188.0,14.0,71.7,47.4,51989.0,26996.0,13679.0,16217.0,12786.0,9828.0,29.4,,,Eastern Illinois University
377564,003798,University of Washington-Tacoma Campus,Tacoma,WA,98402-3100,47.244594,-122.438541,https://www.tacoma.uw.edu/,https://www.tacoma.uw.edu/finaid/calculator,public,city,18,False,False,False,,82.5,not_considered,,,,,,,,,,4185.0,15.0,80.0,63.2,78466.0,25346.0,13168.0,43404.0,10163.0,4458.0,39.7,http://commons.wikimedia.org/wiki/Special:FilePath/UW%20Tacoma%20-%2001.jpg,,University of Washington Tacoma
199999,002986,Winston-Salem State University,Winston-Salem,NC,27110-0001,36.089554,-80.225033,https://www.wssu.edu/,https://connect.wssu.edu/register/npc,public,city,17,True,False,False,,78.3,considered_not_required,830.0,1020.0,430.0,520.0,400.0,500.0,945.0,15.0,20.0,4170.0,15.0,77.2,46.7,45344.0,23147.0,6126.0,16782.0,13479.0,11463.0,64.9,http://commons.wikimedia.org/wiki/Special:FilePath/SG%20Atkins%20House.jpg,http://commons.wikimedia.org/wiki/Special:FilePath/Winstonsalem%20state%20univ%20textlogo.svg,Winston-Salem State University
159009,002006,Grambling State University,Grambling,LA,71245,32.523797,-92.713245,https://www.gram.edu/,https://goingto.gram.edu/register/npc,public,town,18,True,False,False,,44.9,considered_not_required,920.0,1080.0,490.0,570.0,430.0,510.0,943.0,15.0,19.0,4164.0,25.0,66.1,36.2,41109.0,25367.0,7683.0,16706.0,19809.0,18666.0,75.0,http://commons.wikimedia.org/wiki/Special:FilePath/Grambling%20State%20University%20sign%20IMG%203645.JPG,,Grambling State University
196237,007109,SUNY Old Westbury,Old Westbury,NY,11568-0210,40.799021,-73.571907,https://www.oldwestbury.edu/,https://www.oldwestbury.edu/financial-aid/net-price-calculator,public,suburb,19,False,False,False,,83.6,not_considered,,,,,,,,,,4162.0,17.0,71.8,44.6,58526.0,21287.0,8422.0,18842.0,11282.0,6645.0,49.3,,http://commons.wikimedia.org/wiki/Special:FilePath/Old%20westbury%20suny%20textlogo.png,State University of New York at Old Westbury
129525,001422,University of Hartford,West Hartford,CT,06117-1599,41.798591,-72.715213,https://www.hartford.edu/,https://www.hartford.edu/admission/tuition-fees/tuition-calculator.aspx,private_nonprofit,city,17,False,False,False,,95.8,considered_not_required,1120.0,1310.0,570.0,660.0,550.0,650.0,1219.0,24.0,30.0,4146.0,11.0,82.9,54.4,60823.0,64729.0,49075.0,49075.0,30282.0,25925.0,33.0,,http://commons.wikimedia.org/wiki/Special:FilePath/University%20of%20Hartford%20wordmark.svg,University of Hartford
128328,001369,United States Air Force Academy,USAF Academy,CO,80840-5002,39.010957,-104.891358,https://www.usafa.edu/,https://www.usafa.edu/,public,rural,22,False,False,False,,14.1,required,1230.0,1440.0,620.0,710.0,610.0,730.0,1350.0,26.0,33.0,4114.0,7.0,96.5,87.5,,,,,,,,http://commons.wikimedia.org/wiki/Special:FilePath/USAFA%20air%20gardens.jpg,http://commons.wikimedia.org/wiki/Special:FilePath/US-AirForceAcademy-Shield.svg,United States Air Force Academy
181215,002551,University of Nebraska at Kearney,Kearney,NE,68849-1212,40.701452,-99.098699,https://www.unk.edu/,https://www.unk.edu/netpricecalculator/npcalc.htm,public,town,18,False,False,False,,89.5,considered_not_required,905.0,1125.0,495.0,575.0,410.0,550.0,1118.0,19.0,26.0,4088.0,14.0,80.0,57.7,50105.0,25808.0,8676.0,15284.0,16242.0,13066.0,36.9,http://commons.wikimedia.org/wiki/Special:FilePath/Thomas%20House%20%28Kearney%2C%20Nebraska%29%20from%20NE.JPG,http://commons.wikimedia.org/wiki/Special:FilePath/University%20of%20Nebraska%20at%20Kearney%20logo.svg,University of Nebraska at Kearney
226833,003592,Midwestern State University,Wichita Falls,TX,76308-2099,33.874809,-98.519386,https://www.msutexas.edu/,https://www.msutexas.edu/finaid/net-price,public,city,18,False,False,False,,93.5,not_considered,,,,,,,,,,4087.0,18.0,63.9,42.7,55747.0,22652.0,10580.0,12530.0,11656.0,8856.0,40.6,http://commons.wikimedia.org/wiki/Special:FilePath/Midwestern%20State%20University%20October%202015%2011%20%28Hardin%20Administration%20Building%29.jpg,http://commons.wikimedia.org/wiki/Special:FilePath/Msu%20texas%20map%20logo.png,Midwestern State University of Texas
216010,003326,Shippensburg University of Pennsylvania,Shippensburg,PA,17257-2299,40.057933,-77.522335,https://www.ship.edu/,https://ship.studentaidcalculator.com/survey.aspx,public,town,18,False,False,False,,86.5,considered_not_required,,,,,,,1120.0,16.0,28.0,4086.0,18.0,76.8,55.7,56351.0,30785.0,13720.0,15974.0,23726.0,18709.0,29.8,http://commons.wikimedia.org/wiki/Special:FilePath/Shipoldmain.JPG,http://commons.wikimedia.org/wiki/Special:FilePath/Shippensburg%20university%20textlogo.png,Shippensburg University of Pennsylvania
236595,003790,Seattle University,Seattle,WA,98122-4340,47.608859,-122.318851,https://www.seattleu.edu/,https://www.seattleu.edu/undergraduate-admissions/finances/calculator/,private_nonprofit,city,17,False,False,False,30.0,76.9,considered_not_required,1200.0,1430.0,620.0,710.0,580.0,720.0,1307.0,23.0,30.0,4062.0,10.0,84.2,75.5,75272.0,72124.0,56721.0,56721.0,34662.0,22896.0,23.6,http://commons.wikimedia.org/wiki/Special:FilePath/Seattle%20University%2C%20October%202022%20-%20206.jpg,http://commons.wikimedia.org/wiki/Special:FilePath/Seattle%20University%20logo.svg,Seattle University
196592,010142,Touro University,New York,NY,10036,40.756832,-73.987049,https://www.touro.edu/,https://npc.collegeboard.org/app/touro,private_nonprofit,city,17,False,False,False,,60.8,considered_not_required,1218.0,1453.0,630.0,730.0,588.0,723.0,1348.0,24.0,32.0,4040.0,10.0,88.8,72.4,53419.0,40500.0,22450.0,22450.0,29627.0,26605.0,30.2,http://commons.wikimedia.org/wiki/Special:FilePath/WTM3%20TEAM%2021%200003.jpg,http://commons.wikimedia.org/wiki/Special:FilePath/Touro%20College%20text%20logo.png,Touro University
218742,006951,University of South Carolina-Upstate,Spartanburg,SC,29303-4999,34.996403,-81.970583,https://www.uscupstate.edu/,https://netprice.uscupstate.edu/,public,suburb,22,False,False,False,,67.3,considered_not_required,1005.0,1175.0,510.0,605.0,495.0,570.0,1099.0,21.0,26.0,4038.0,15.0,69.8,43.0,48587.0,25124.0,11588.0,23090.0,13557.0,11618.0,46.2,,http://commons.wikimedia.org/wiki/Special:FilePath/SC%20Upstate%20wordmark.svg,University of South Carolina Upstate
214713,003329,Pennsylvania State University-Penn State Harrisburg,Middletown,PA,17057-4846,40.204253,-76.741216,https://harrisburg.psu.edu/,https://tuition.psu.edu/student-tuition-calculators,public,suburb,-2,False,False,False,,97.6,considered_not_required,1120.0,1310.0,550.0,650.0,570.0,660.0,1227.0,22.0,31.0,4031.0,15.0,82.1,26.1,63435.0,32521.0,15972.0,26958.0,23330.0,16219.0,26.1,,http://commons.wikimedia.org/wiki/Special:FilePath/Penn%20harrisburg%20textlogo.svg,Penn State Harrisburg
183804,007947,Beth Medrash Govoha,Lakewood,NJ,08701-2754,40.095672,-74.221328,https://bmg.edu/,https://yeshivanotices.org/,private_nonprofit,city,24,False,True,False,,,,,,,,,,,,,4027.0,19.0,,,47544.0,,,,,,74.5,http://commons.wikimedia.org/wiki/Special:FilePath/The%20old%20Beis%20Madrash%20Building%20of%20BMG.jpg,,Beth Medrash Govoha
201654,003025,Cedarville University,Cedarville,OH,45314-0601,39.749237,-83.814692,https://www.cedarville.edu/,https://www.cedarville.edu/offices/financial-aid/net-price-calculator,private_nonprofit,rural,19,False,False,False,54.0,65.3,considered_not_required,1130.0,1360.0,580.0,690.0,550.0,670.0,1241.0,22.0,29.0,4024.0,14.0,89.6,72.5,55443.0,49320.0,37150.0,37150.0,24468.0,18987.0,15.2,http://commons.wikimedia.org/wiki/Special:FilePath/Cedarville%20University%20%2829554514795%29.jpg,http://commons.wikimedia.org/wiki/Special:FilePath/Cedarville%20univ%20textlogo.png,Cedarville University
146612,001707,Lewis University,Romeoville,IL,60446-2200,41.605432,-88.079032,https://www.lewisu.edu/,https://www.lewisu.edu/admissions/finaid/scholarshipcalculator.htm,private_nonprofit,suburb,18,False,False,False,30.0,71.3,considered_not_required,960.0,1210.0,490.0,600.0,470.0,610.0,1096.0,20.0,27.0,4015.0,13.0,79.1,66.6,66099.0,47313.0,39200.0,39200.0,17028.0,10382.0,32.6,,http://commons.wikimedia.org/wiki/Special:FilePath/Lewis%20univ%20logo.png,Lewis University
147776,001693,Northeastern Illinois University,Chicago,IL,60625-4699,41.980399,-87.718983,https://www.neiu.edu/,https://www.neiu.edu/financial-aid/financing-your-education/calculating-your-net-cost,public,city,18,False,False,False,,74.6,not_considered,,,,,,,,,,3982.0,9.0,52.3,21.6,52234.0,26960.0,12383.0,22726.0,14109.0,13709.0,55.7,,http://commons.wikimedia.org/wiki/Special:FilePath/Northeastern%20Illinois%20University%20Wordmark%20%282012%29.png,Northeastern Illinois University
143118,001634,Aurora University,Aurora,IL,60506-4892,41.753631,-88.349023,https://aurora.edu/,https://aurora.edu/admission/financialaid/calculator,private_nonprofit,suburb,17,False,False,False,,80.8,considered_not_required,900.0,1150.0,470.0,580.0,430.0,570.0,1076.0,21.0,29.0,3974.0,18.0,77.1,60.3,58709.0,40625.0,29170.0,29170.0,18838.0,14525.0,45.0,http://commons.wikimedia.org/wiki/Special:FilePath/Aurora%20College%20Complex.JPG,http://commons.wikimedia.org/wiki/Special:FilePath/Aurora%20univ%20logo.png,Aurora University
217518,003410,Roger Williams University,Bristol,RI,02809-2921,41.650214,-71.260374,https://www.rwu.edu/,https://www.rwu.edu/net-price-calculator,private_nonprofit,suburb,19,False,False,False,,87.7,considered_not_required,1140.0,1310.0,580.0,660.0,560.0,650.0,1223.0,24.0,29.0,3946.0,10.0,81.1,68.7,70266.0,61950.0,44418.0,44418.0,37999.0,29778.0,16.4,http://commons.wikimedia.org/wiki/Special:FilePath/Roger%20Williams%20University%20school%20of%20Architecture%2C%20Art%2C%20and%20historic%20preservation%2C%20Bristol%2C%20Rhode%20Island.jpg,,Roger Williams University
151342,001816,Indiana University-South Bend,South Bend,IN,46615-7111,41.665324,-86.221991,https://southbend.iu.edu/,https://iuia.iu.edu/compliance-reports/campus-net-price-calc/index.html,public,city,19,False,False,False,,83.8,considered_not_required,950.0,1190.0,480.0,610.0,470.0,580.0,1081.0,21.0,23.0,3933.0,15.0,65.1,40.1,44947.0,17364.0,8424.0,22811.0,8653.0,4637.0,42.7,http://commons.wikimedia.org/wiki/Special:FilePath/Official%20mark%20of%20IU%20South%20Bend.tif,,Indiana University South Bend
168430,002190,Worcester State University,Worcester,MA,01602-2597,42.267526,-71.844018,https://www.worcester.edu/,https://www.worcester.edu/NetPriceCalculator/npcalc.htm,public,city,18,False,False,False,,88.0,considered_not_required,1026.0,1283.0,533.0,665.0,493.0,618.0,1150.0,,,3930.0,16.0,78.1,61.5,60624.0,22874.0,11786.0,17866.0,13381.0,8793.0,30.0,http://commons.wikimedia.org/wiki/Special:FilePath/Shaughnessy.jpg,http://commons.wikimedia.org/wiki/Special:FilePath/Worcester%20state%20univ%20wordmark.png,Worcester State University
166850,002120,Merrimack College,North Andover,MA,01845,42.668344,-71.124216,https://www.merrimack.edu/,https://www.merrimack.edu/aid/net-price-calculator/,private_nonprofit,suburb,18,False,False,False,30.0,70.0,not_considered,,,,,,,,,,3916.0,13.0,79.3,70.0,75584.0,70038.0,53962.0,53962.0,37927.0,31710.0,15.6,http://commons.wikimedia.org/wiki/Special:FilePath/Church%20statue%20Merrimack%20Colleges%20Church.JPG,,Merrimack College
229018,009930,The University of Texas Permian Basin,Odessa,TX,79762-0001,31.889509,-102.329634,https://www.utpb.edu/,https://www.utpb.edu/admissions-aid/cost-calculators,public,city,18,False,False,False,,94.9,considered_not_required,910.0,1130.0,470.0,570.0,440.0,560.0,1033.0,17.0,23.0,3911.0,19.0,60.9,39.7,56073.0,23886.0,9236.0,21504.0,12723.0,11930.0,38.7,,,University of Texas Permian Basin
194578,002798,Pratt Institute-Main,Brooklyn,NY,11205,40.691297,-73.96431,https://www.pratt.edu/,https://www.pratt.edu/admissions/financing-your-education/,private_nonprofit,city,30,False,False,False,,73.2,considered_not_required,1150.0,1390.0,590.0,700.0,560.0,690.0,1290.0,26.0,31.0,3910.0,9.0,88.3,73.5,54295.0,80049.0,61845.0,61845.0,52659.0,38545.0,18.9,http://commons.wikimedia.org/wiki/Special:FilePath/Pratt%20Institute%20main%20building.JPG,,Pratt Institute
211291,003238,Bucknell University,Lewisburg,PA,17837,40.954317,-76.882616,https://www.bucknell.edu/,https://npc.collegeboard.org/student/app/bucknell,private_nonprofit,town,21,False,False,False,,28.9,considered_not_required,1310.0,1470.0,650.0,730.0,660.0,740.0,1410.0,30.0,33.0,3876.0,9.0,93.7,86.3,93807.0,83756.0,67812.0,67812.0,40766.0,20980.0,12.4,http://commons.wikimedia.org/wiki/Special:FilePath/Ellen%20Clarke%20Bertrand%20Library%2C%20Bucknell%20University%20%282008%29.jpg,http://commons.wikimedia.org/wiki/Special:FilePath/Bucknell%20University%20logo.svg,Bucknell University
241410,003936,Pontifical Catholic University of Puerto Rico-Ponce,Ponce,PR,00717-9997,18.00165,-66.617138,https://www.pucpr.edu/,https://www.pucpr.edu/net_price_calculator/index.html,private_nonprofit,city,17,False,False,False,30.0,98.1,considered_not_required,1195.0,1360.0,595.0,680.0,600.0,680.0,1300.0,,,3874.0,16.0,83.1,48.6,24908.0,20508.0,6650.0,6650.0,13192.0,12384.0,80.7,http://commons.wikimedia.org/wiki/Special:FilePath/Arch%20at%20the%20main%20entrance%20to%20the%20Pontifical%20Catholic%20University%20of%20Puerto%20Rico%20in%20Barrio%20Canas%20Urbano%2C%20Ponce%2C%20Puerto%20Rico%20%28DSCF0584%29.jpg,,Pontifical Catholic University of Puerto Rico
165662,002146,Emerson College,Boston,MA,02116-4624,42.352202,-71.065384,https://www.emerson.edu/,https://npc.collegeboard.org/student/app/emerson,private_nonprofit,city,18,False,False,False,,51.3,considered_not_required,1270.0,1420.0,660.0,720.0,610.0,700.0,1358.0,29.0,32.0,3870.0,14.0,87.4,77.1,62832.0,80399.0,57056.0,57056.0,49180.0,32650.0,15.5,http://commons.wikimedia.org/wiki/Special:FilePath/Emerson%20College%2C%20Boston%20MA.jpg,http://commons.wikimedia.org/wiki/Special:FilePath/Emerson%20college%20mass%20logo.png,Emerson College
163046,002078,Loyola University Maryland,Baltimore,MD,21210-2699,39.346358,-76.621872,https://www.loyola.edu/,https://collegepricecalculator.com/loyolauniversitymaryland,private_nonprofit,city,18,False,False,False,30.0,75.5,considered_not_required,1200.0,1370.0,620.0,690.0,580.0,680.0,1290.0,28.0,32.0,3869.0,12.0,87.1,79.2,82652.0,74055.0,57150.0,57150.0,30574.0,20549.0,20.4,http://commons.wikimedia.org/wiki/Special:FilePath/LoyolaMD%20Admissions.JPG,http://commons.wikimedia.org/wiki/Special:FilePath/Loyola%20University%20Maryland%20wordmark.svg,Loyola University Maryland
196167,002845,SUNY College at Geneseo,Geneseo,NY,14454-1465,42.796645,-77.821894,https://www.geneseo.edu/,https://www.suny.edu/howmuch/netpricecalculator.xhtml?embed=n&id=11&headerurl=https://www.geneseo.edu/images/geneseo-header.jpg&titlecolor=b9cce3,public,town,20,False,False,False,,66.5,considered_not_required,1190.0,1340.0,600.0,670.0,590.0,670.0,1286.0,26.0,31.0,3869.0,16.0,87.0,71.5,67316.0,27709.0,8999.0,19569.0,18211.0,10018.0,27.6,http://commons.wikimedia.org/wiki/Special:FilePath/Doty%20Building%20at%20SUNY%20Geneseo.jpg,http://commons.wikimedia.org/wiki/Special:FilePath/Geneseo%20suny%20textlogo.svg,State University of New York at Geneseo
217235,003404,Johnson & Wales University-Providence,Providence,RI,02903-3703,41.819956,-71.41277,https://www.jwu.edu/campuses/providence/,https://enroll.jwu.edu/register/npcpvd?_ga=2.20956152.1144428041.1661956580-1253747645.1659483415,private_nonprofit,city,18,False,False,False,,88.4,considered_not_required,890.0,1160.0,460.0,590.0,430.0,570.0,1050.0,22.0,27.0,3868.0,14.0,82.0,55.4,43418.0,60314.0,42419.0,42419.0,31027.0,25530.0,30.0,,,
196246,002849,State University of New York at Plattsburgh,Plattsburgh,NY,12901-2681,44.69293,-73.466536,https://www.plattsburgh.edu/,https://www.plattsburgh.edu/cost-aid/net-price-calculator.html,public,town,19,False,False,False,,78.4,considered_not_required,1080.0,1250.0,540.0,640.0,540.0,610.0,1165.0,22.0,28.0,3769.0,15.0,73.2,58.5,56403.0,28244.0,9035.0,18945.0,17156.0,9400.0,40.6,http://commons.wikimedia.org/wiki/Special:FilePath/Hawkins%20Hall%2C%20State%20University%20of%20New%20York%20at%20Plattsburgh.JPG,http://commons.wikimedia.org/wiki/Special:FilePath/State%20University%20of%20New%20York%20at%20Plattsburgh%20wordmark.svg,State University of New York at Plattsburgh
441900,041143,Nevada State University,Henderson,NV,89002,35.982345,-114.938044,https://nevadastate.edu/,https://app.meadowfi.com/nevadastate,public,rural,22,False,False,False,,86.8,not_considered,,,,,,,,,,3762.0,18.0,78.8,33.6,53166.0,23718.0,6765.0,21833.0,14068.0,11438.0,22.8,,,Nevada State College
216366,012393,Thomas Jefferson University,Philadelphia,PA,19107,39.948274,-75.158266,https://www.jefferson.edu/,https://jefferson.wbnpc.com/,private_nonprofit,city,16,False,False,False,,81.0,considered_not_required,1160.0,1330.0,580.0,660.0,580.0,670.0,1243.0,25.0,30.0,3755.0,12.0,82.5,68.6,77449.0,64197.0,47505.0,47505.0,28928.0,22537.0,37.5,http://commons.wikimedia.org/wiki/Special:FilePath/Jefferson%20University%20College%20and%20Curtis%20Buildings%201025%20Walnut%20Street.jpg,,Thomas Jefferson University
186371,002629,Rutgers University-Camden,Camden,NJ,08102,39.948064,-75.12224,https://camden.rutgers.edu/,https://scarlethub.rutgers.edu/financial-services/tools-resources/net-price-calculator/,public,city,16,False,False,False,,66.3,considered_not_required,1050.0,1300.0,540.0,640.0,510.0,660.0,1178.0,19.0,25.0,3753.0,12.0,80.0,66.7,74479.0,35178.0,17764.0,37276.0,18745.0,13797.0,47.7,http://commons.wikimedia.org/wiki/Special:FilePath/Ru-camden-campus%20walk.jpg,http://commons.wikimedia.org/wiki/Special:FilePath/Rutgers%20University%20Camden%20logotype.svg,Rutgers University–Camden
168227,002225,Wentworth Institute of Technology,Boston,MA,02115,42.336632,-71.094983,https://wit.edu/,https://wit.studentaidcalculator.com/survey.aspx,private_nonprofit,city,20,False,False,False,,91.2,considered_not_required,1110.0,1320.0,560.0,660.0,550.0,660.0,1229.0,27.0,31.0,3747.0,17.0,83.8,68.2,82721.0,61096.0,42884.0,42884.0,34170.0,27018.0,23.1,http://commons.wikimedia.org/wiki/Special:FilePath/Drone%20Photos%20Fall%202023-42.jpg,http://commons.wikimedia.org/wiki/Special:FilePath/Wentworth%20institute%20logo.png,Wentworth Institute of Technology
232265,003714,Hampton University,Hampton,VA,23668-0099,37.019944,-76.339161,https://www.hamptonu.edu/,https://www.hamptonu.edu/studentservices/financialaid,private_nonprofit,suburb,17,True,False,False,,62.3,considered_not_required,790.0,1090.0,411.0,558.0,379.0,532.0,969.0,13.0,22.0,3727.0,15.0,85.3,57.2,59159.0,46027.0,30592.0,30592.0,25319.0,32101.0,39.4,http://commons.wikimedia.org/wiki/Special:FilePath/Hampton%20University%20aerial%20view.jpg,,Hampton University
185572,002616,Monmouth University,West Long Branch,NJ,07764-1898,40.280066,-74.006447,https://www.monmouth.edu/,https://monmouth.studentaidcalculator.com/survey.aspx,private_nonprofit,suburb,18,False,False,False,,89.0,considered_not_required,1140.0,1310.0,580.0,660.0,560.0,650.0,1223.0,24.0,29.0,3684.0,12.0,79.9,71.9,67991.0,62904.0,46552.0,46552.0,30988.0,18924.0,30.4,,http://commons.wikimedia.org/wiki/Special:FilePath/Monmouth%20University%20wordmark.svg,Monmouth University
185129,002613,New Jersey City University,Jersey City,NJ,07305,40.709937,-74.08727,https://www.njcu.edu/,https://njcu.clearcostcalculator.com/student/default/netpricecalculator/survey,public,city,18,False,False,False,,98.4,not_considered,,,,,,,,,,3681.0,13.0,64.8,33.9,52745.0,28255.0,14460.0,14460.0,16053.0,14005.0,52.5,http://commons.wikimedia.org/wiki/Special:FilePath/NJCU%20Guarini%20Library.jpg,http://commons.wikimedia.org/wiki/Special:FilePath/Njersey%20city%20univ%20logo.png,New Jersey City University
165015,002133,Brandeis University,Waltham,MA,02454-9110,42.365727,-71.260155,https://www.brandeis.edu/,https://www.brandeis.edu/student-financial-services/affordability.html,private_nonprofit,city,15,False,False,False,,40.5,considered_not_required,1390.0,1520.0,690.0,750.0,700.0,770.0,1462.0,31.0,34.0,3618.0,10.0,87.0,86.0,77231.0,86448.0,68080.0,68080.0,35736.0,13363.0,15.0,http://commons.wikimedia.org/wiki/Special:FilePath/ChapelPond.jpg,http://commons.wikimedia.org/wiki/Special:FilePath/Brandeis%20University%20Logo.png,Brandeis University
168263,002189,Westfield State University,Westfield,MA,01086-1630,42.132698,-72.796503,https://www.westfield.ma.edu/,https://www.westfield.ma.edu/netprice/,public,suburb,18,False,False,False,,81.4,considered_not_required,,,,,,,,,,3615.0,17.0,73.9,54.4,57346.0,27649.0,12179.0,18259.0,16721.0,10751.0,33.0,http://commons.wikimedia.org/wiki/Special:FilePath/State%20Normal%20Training%20School%2C%20Westfield%20MA.jpg,http://commons.wikimedia.org/wiki/Special:FilePath/Logo%20of%20Westfield%20State%20University.svg,Westfield State University
138947,001559,Clark Atlanta University,Atlanta,GA,30314,33.747628,-84.412584,https://www.cau.edu/,https://cau.clearcostcalculator.com/student/default/netpricecalculator/survey,private_nonprofit,city,16,True,False,False,71.0,64.2,not_considered,,,,,,,,,,3603.0,16.0,70.7,49.0,42712.0,43676.0,28310.0,28310.0,37702.0,37356.0,70.5,http://commons.wikimedia.org/wiki/Special:FilePath/WEB%20DuBois%20bust%20at%20Clark%20Atlanta%20University.jpg,,Clark Atlanta University
243577,021000,Universidad Politecnica de Puerto Rico,Hato Rey,PR,00919,18.422195,-66.056084,https://www.pupr.edu/,https://www.pupr.edu/price-calculator/,private_nonprofit,city,19,False,False,False,,,,,,,,,,,,,3594.0,18.0,78.3,28.1,47540.0,23368.0,9870.0,9870.0,17540.0,16406.0,62.2,http://commons.wikimedia.org/wiki/Special:FilePath/Polytechnic%20University%20of%20Puerto%20Rico.jpg,,Polytechnic University of Puerto Rico
231165,003698,Vermont State University,Randolph,VT,05061,43.939623,-72.604498,https://vermontstate.edu/,https://vermontstate.edu/admission/financial-aid/,public,rural,23,False,False,False,,81.7,not_considered,,,,,,,,,,3590.0,13.0,67.8,47.2,50331.0,25988.0,11952.0,22296.0,18212.0,14645.0,34.1,http://commons.wikimedia.org/wiki/Special:FilePath/Vermont%20technical%20college%2020040926.jpg,,Vermont Technical College
108232,007531,Academy of Art University,San Francisco,CA,94105,37.787943,-122.400578,https://www.academyart.edu/,https://npc.collegeboard.org/student/app/academyart,private_for_profit,city,18,False,False,False,,,,,,,,,,,,,3587.0,14.0,75.4,34.3,39008.0,48036.0,30736.0,30736.0,40613.0,37668.0,41.0,http://commons.wikimedia.org/wiki/Special:FilePath/Academy%20of%20Art%20University%20building%2C%20New%20Montgomery%20Street.jpg,http://commons.wikimedia.org/wiki/Special:FilePath/AcademyArtUnivLogo.png,Academy of Art University
143358,001641,Bradley University,Peoria,IL,61625-0001,40.696896,-89.616786,https://www.bradley.edu/,https://admissions.bradley.edu/ssl/estimator,private_nonprofit,city,17,False,False,False,,76.8,not_considered,,,,,,,,,,3574.0,11.0,82.7,76.2,66852.0,54730.0,42160.0,42160.0,22719.0,17269.0,31.6,http://commons.wikimedia.org/wiki/Special:FilePath/Bradley%20Hall%2C%20Bradley%20University.jpg,http://commons.wikimedia.org/wiki/Special:FilePath/Bradley%20University%20logo%20rgb%20Left.svg,Bradley University
232681,003746,University of Mary Washington,Fredericksburg,VA,22401-5300,38.302492,-77.476055,https://www.umw.edu/,https://app.meadowfi.com/umw,public,suburb,21,False,False,False,,79.8,considered_not_required,1170.0,1370.0,610.0,710.0,560.0,660.0,1272.0,27.0,31.0,3566.0,13.0,84.4,66.4,60613.0,31137.0,14640.0,27560.0,20667.0,10304.0,21.1,http://commons.wikimedia.org/wiki/Special:FilePath/Monroe%20Hall%20UMW.jpg,http://commons.wikimedia.org/wiki/Special:FilePath/Univ%20mary%20wash%20logonew.png,University of Mary Washington
215929,003384,University of Scranton,Scranton,PA,18510-4699,41.406556,-75.656915,https://www.scranton.edu/,https://scranton.aidcalc.cloud/,private_nonprofit,city,18,False,False,False,30.0,81.2,considered_not_required,1160.0,1318.0,590.0,660.0,570.0,658.0,1237.0,25.0,30.0,3554.0,11.0,85.4,79.8,74652.0,69552.0,53983.0,53983.0,32568.0,23896.0,24.1,http://commons.wikimedia.org/wiki/Special:FilePath/U%20of%20Scranton%20-%20The%20Commons.JPG,http://commons.wikimedia.org/wiki/Special:FilePath/University%20of%20Scranton%20logo.png,University of Scranton
121150,010149,Pepperdine University,Malibu,CA,90263,34.037786,-118.707077,https://www.pepperdine.edu/,https://seaver.pepperdine.edu/admission/financial-aid/undergraduate/npc,private_nonprofit,suburb,17,False,False,False,74.0,62.9,considered_not_required,1290.0,1450.0,650.0,710.0,640.0,740.0,1384.0,29.0,32.0,3553.0,12.0,87.6,83.4,82939.0,93512.0,69918.0,69918.0,58098.0,50560.0,20.2,http://commons.wikimedia.org/wiki/Special:FilePath/Pepperdine%20University%20Malibu%20Canyon%20Entrance%20Gate.JPG,http://commons.wikimedia.org/wiki/Special:FilePath/Pepperdine%20University%20wordmark.svg,Pepperdine University
218964,003456,Winthrop University,Rock Hill,SC,29733,34.941515,-81.031404,https://www.winthrop.edu/,https://www.winthrop.edu/finaid/net-price-calculator.aspx,public,city,18,False,False,False,,79.2,considered_not_required,1010.0,1220.0,520.0,630.0,490.0,590.0,1139.0,20.0,27.0,3523.0,13.0,73.6,57.0,47185.0,30710.0,14678.0,28676.0,15343.0,12608.0,41.0,http://commons.wikimedia.org/wiki/Special:FilePath/Winthrop-DGC-Panorama.jpg,,Winthrop University
207865,003181,Southwestern Oklahoma State University,Weatherford,OK,73096-3001,35.535281,-98.707768,https://www.swosu.edu/,https://tcc.ruffalonl.com/Southwestern Oklahoma State University/Freshman-Students,public,town,18,False,False,False,,,,,,,,,,,,,3514.0,19.0,67.7,39.7,45744.0,23334.0,8469.0,8499.0,14459.0,10987.0,38.9,http://commons.wikimedia.org/wiki/Special:FilePath/Old%20Science%20Building%20%28Weatherford%2C%20Oklahoma%29%20%2822626350288%29.jpg,http://commons.wikimedia.org/wiki/Special:FilePath/Swosu%20oklahoma%20logo.png,Southwestern Oklahoma State University
130776,001380,Western Connecticut State University,Danbury,CT,06810-6826,41.400365,-73.444264,https://www.wcsu.edu/,https://www.wcsu.edu/finaid/net-price-calculator/,public,city,19,False,False,False,,87.0,considered_not_required,1040.0,1170.0,510.0,580.0,530.0,590.0,1110.0,,,3511.0,11.0,73.2,51.8,59115.0,24877.0,13401.0,16901.0,17604.0,13507.0,35.1,http://commons.wikimedia.org/wiki/Special:FilePath/Western%20Connecticut%20State%20University%20%2853564936634%29.jpg,http://commons.wikimedia.org/wiki/Special:FilePath/Western%20Connecticut%20State%20University%20logo.svg,Western Connecticut State University
207582,003985,Oral Roberts University,Tulsa,OK,74171,36.049129,-95.952547,https://oru.edu/,https://oru.edu/admissions/price-calculator.php,private_nonprofit,city,19,False,False,False,79.0,98.9,considered_not_required,1120.0,1310.0,580.0,660.0,540.0,650.0,1196.0,22.0,28.0,3487.0,18.0,80.5,56.8,46885.0,50004.0,35470.0,35470.0,25365.0,21894.0,28.4,,http://commons.wikimedia.org/wiki/Special:FilePath/Oral%20Roberts%20University%20logo.png,Oral Roberts University
100724,001005,Alabama State University,Montgomery,AL,36104-0271,32.364317,-86.295677,https://www.alasu.edu/,https://tcc.ruffalonl.com/Alabama State University/Freshman-Students,public,city,17,True,False,False,,97.5,considered_not_required,749.0,967.0,399.0,505.0,350.0,462.0,976.0,15.0,20.0,3477.0,15.0,69.8,30.3,34502.0,23586.0,11248.0,19576.0,20435.0,19711.0,71.3,http://commons.wikimedia.org/wiki/Special:FilePath/ASU%20Bibb%20Graves%20Hall%20June%2009%2002.jpg,http://commons.wikimedia.org/wiki/Special:FilePath/Alabama%20State%20University%20wordmark.svg,Alabama State University
242705,005028,Inter American University of Puerto Rico-Bayamon,Bayamon,PR,00957-6257,18.351631,-66.182473,https://bayamon.inter.edu/,https://www.inter.edu/NetPrice/Bayamon/index.html,private_nonprofit,city,22,False,False,False,,39.6,not_considered,,,,,,,,,,3476.0,30.0,73.9,34.9,29936.0,16324.0,5780.0,5780.0,9284.0,8904.0,80.1,,,
110097,001122,Biola University,La Mirada,CA,90639-0001,33.906203,-118.014374,https://www.biola.edu/,https://www.biola.edu/financial-aid/resources/net-price-calculator#net-price,private_nonprofit,suburb,17,False,False,False,88.0,74.4,considered_not_required,1160.0,1370.0,600.0,700.0,560.0,670.0,1261.0,24.0,29.0,3474.0,15.0,83.9,67.6,56778.0,62757.0,48984.0,48984.0,31495.0,27144.0,26.0,http://commons.wikimedia.org/wiki/Special:FilePath/Jesus%20wall%2C%20Biola%20University.jpg,http://commons.wikimedia.org/wiki/Special:FilePath/Biola%20univ%20text%20logo.png,Biola University
166656,002165,Massachusetts College of Pharmacy and Health Sciences,Boston,MA,02115-5896,42.336825,-71.101244,https://www.mcphs.edu/,https://www.mcphs.edu/admission-and-aid/financial-services/net-price-calculator,private_nonprofit,city,26,False,False,False,,85.2,considered_not_required,1160.0,1416.0,570.0,678.0,590.0,738.0,1269.0,26.0,30.0,3451.0,9.0,74.0,62.0,125557.0,65022.0,40530.0,40530.0,39545.0,35206.0,30.1,http://commons.wikimedia.org/wiki/Special:FilePath/Massachusetts%20College%20of%20Pharmacy%20and%20Health%20Sciences%2C%20Living%20Learning%20Center.jpg,,Massachusetts College of Pharmacy and Health Sciences
194091,002782,New York Institute of Technology,Old Westbury,NY,11568-8000,40.812447,-73.6078,https://www.nyit.edu/,https://www.nyit.edu/admissions/net_price_calculator,private_nonprofit,rural,18,False,False,False,,81.0,considered_not_required,1190.0,1420.0,590.0,690.0,600.0,730.0,1311.0,24.0,32.0,3440.0,12.0,78.0,58.8,70080.0,56976.0,46560.0,46560.0,22443.0,17084.0,45.1,http://commons.wikimedia.org/wiki/Special:FilePath/Nyit.jpg,http://commons.wikimedia.org/wiki/Special:FilePath/New%20York%20Institute%20of%20Technology%20logo.svg,New York Institute of Technology
129215,001425,Eastern Connecticut State University,Willimantic,CT,06226,41.721673,-72.218753,https://www.easternct.edu/,https://www.easternct.edu/financial-aid/costs/net-price-calculator.html,public,town,20,False,False,False,,83.0,considered_not_required,1070.0,1260.0,540.0,650.0,530.0,610.0,1160.0,,,3418.0,15.0,83.7,57.5,56469.0,31983.0,13928.0,17428.0,21067.0,17654.0,28.7,http://commons.wikimedia.org/wiki/Special:FilePath/Science%20Building%2C%20Eastern%20Connecticut%20State%20University%2C%20Willimantic%20CT.jpg,,Eastern Connecticut State University
141060,001594,Spelman College,Atlanta,GA,30314-4399,33.745279,-84.411527,https://www.spelman.edu/,https://www.spelman.edu/financial-aid/net-price-calculator.html,private_nonprofit,city,21,True,False,True,,24.9,considered_not_required,1108.0,1320.0,590.0,680.0,518.0,640.0,1220.0,22.0,29.0,3414.0,11.0,94.1,78.5,59993.0,50952.0,31556.0,31556.0,38967.0,32923.0,27.8,http://commons.wikimedia.org/wiki/Special:FilePath/Spelman%20College%20gates.jpg,,Spelman College
195474,002816,Siena University,Loudonville,NY,12211-1462,42.717602,-73.7526,https://www.siena.edu/,https://www.siena.edu/afford/net-price-calculator/,private_nonprofit,suburb,20,False,False,False,30.0,69.0,considered_not_required,1110.0,1360.0,550.0,680.0,560.0,680.0,1254.0,27.0,33.0,3409.0,12.0,82.7,74.7,76079.0,64870.0,46580.0,46580.0,33733.0,26417.0,24.5,http://commons.wikimedia.org/wiki/Special:FilePath/Seina%20Front.jpg,,Siena University
133881,001469,Florida Institute of Technology,Melbourne,FL,32901-6975,28.065773,-80.623123,https://www.fit.edu/,https://www.fit.edu/financialaid/estimating-your-expenses/net-price-calculator/,private_nonprofit,city,16,False,False,False,,57.7,required,1120.0,1320.0,560.0,660.0,560.0,660.0,1225.0,23.0,28.0,3404.0,13.0,80.0,63.5,43137.0,62440.0,45900.0,45900.0,35639.0,29108.0,21.1,http://commons.wikimedia.org/wiki/Special:FilePath/FIT%20Clemente-1.jpg,http://commons.wikimedia.org/wiki/Special:FilePath/Florida%20tech%20star%20wordmark.png,Florida Institute of Technology
218229,003435,Lander University,Greenwood,SC,29649-2099,34.199892,-82.164736,https://www.lander.edu/,https://www.lander.edu/_files/npc/npcalc.htm,public,town,22,False,False,False,,81.3,considered_not_required,950.0,1178.0,490.0,608.0,460.0,570.0,1057.0,16.0,23.0,3397.0,18.0,69.6,49.8,42396.0,27277.0,11700.0,21300.0,15363.0,11450.0,38.7,http://commons.wikimedia.org/wiki/Special:FilePath/Lander%20College%20Old%20Main%20Building.jpg,http://commons.wikimedia.org/wiki/Special:FilePath/Lander%20univ%20textlogoooo.png,Lander University
107044,001097,Harding University,Searcy,AR,72149-5615,35.247386,-91.726143,https://www.harding.edu/,https://www.harding.edu/about/offices-departments/finaid/index.html,private_nonprofit,town,17,False,False,False,74.0,70.5,required,1050.0,1290.0,530.0,660.0,520.0,630.0,1182.0,20.0,29.0,3382.0,13.0,86.4,68.8,52876.0,39534.0,26262.0,26262.0,22130.0,15418.0,23.8,,,Harding University
187648,002651,Eastern New Mexico University-Main Campus,Portales,NM,88130,34.175592,-103.34819,https://www.enmu.edu/,https://www.enmu.edu/financial-aid/net-price-calculator,public,town,18,False,False,False,,91.7,considered_not_required,830.0,1060.0,430.0,540.0,400.0,520.0,964.0,17.0,23.0,3357.0,18.0,62.0,45.1,38550.0,18940.0,7194.0,9174.0,4904.0,3663.0,35.7,http://commons.wikimedia.org/wiki/Special:FilePath/ENMU1.jpg,http://commons.wikimedia.org/wiki/Special:FilePath/Enmu%20wordmark%202024.png,Eastern New Mexico University
170301,002273,Hope College,Holland,MI,49423-9000,42.787247,-86.100971,https://hope.edu/,https://hope.edu/admissions/resources/net-price-calculator/index.html,private_nonprofit,city,21,False,False,False,,79.2,considered_not_required,1100.0,1340.0,550.0,670.0,550.0,670.0,1249.0,25.0,31.0,3288.0,9.0,88.4,80.0,58427.0,55646.0,41970.0,41970.0,27182.0,17606.0,16.5,http://commons.wikimedia.org/wiki/Special:FilePath/Graves%20Hall%20at%20Hope%20College.jpg,http://commons.wikimedia.org/wiki/Special:FilePath/Hope%20college%20textlogo.png,Hope College
217059,003399,York College of Pennsylvania,York,PA,17403-3651,39.94614,-76.727984,https://www.ycp.edu/,https://collegepricecalculator.com/ycp,private_nonprofit,suburb,20,False,False,False,,73.7,considered_not_required,1020.0,1270.0,520.0,640.0,500.0,630.0,1162.0,21.0,28.0,3265.0,15.0,78.2,64.1,61012.0,37319.0,25588.0,25588.0,18556.0,12927.0,28.1,http://commons.wikimedia.org/wiki/Special:FilePath/Robert%20V.%20Iosue%20Student%20Union.jpg,http://commons.wikimedia.org/wiki/Special:FilePath/York%20college%20penn%20logo.png,York College of Pennsylvania
189097,002708,Barnard College,New York,NY,10027-6598,40.810098,-73.963346,https://www.barnard.edu/,https://barnard.edu/finaid/estimate-your-eligibility,private_nonprofit,city,21,False,False,True,,8.8,considered_not_required,1470.0,1560.0,730.0,770.0,740.0,790.0,1520.0,32.0,34.0,3264.0,10.0,96.6,93.0,80516.0,89538.0,69888.0,69888.0,28800.0,11600.0,15.9,http://commons.wikimedia.org/wiki/Special:FilePath/BarnardMilbank01.jpg,http://commons.wikimedia.org/wiki/Special:FilePath/Barnard%20Logo.jpg,Barnard College
190576,004765,CUNY Graduate School and University Center,New York,NY,10016,40.748612,-73.983822,https://www.gc.cuny.edu/,https://npc.cuny.edu/npc/public/fin_aid/financial_aid_estimator/FinAidEstimator.jsp,public,city,15,False,False,False,,68.5,not_considered,,,,,,,,,,3254.0,13.0,,,65991.0,,7235.0,15185.0,,,38.5,http://commons.wikimedia.org/wiki/Special:FilePath/CUNY%20Graduate%20Center%20by%20David%20Shankbone.jpg,,CUNY Graduate School and University Center
197151,007468,School of Visual Arts,New York,NY,10010,40.738809,-73.982359,https://sva.edu/,https://npc.collegeboard.org/app/sva,private_for_profit,city,18,False,False,False,,92.6,considered_not_required,1188.0,1490.0,610.0,730.0,578.0,760.0,1320.0,,,3244.0,9.0,85.5,75.7,46459.0,78051.0,51400.0,51400.0,57914.0,50966.0,15.6,http://commons.wikimedia.org/wiki/Special:FilePath/School%20of%20Visual%20Arts%20%28SVA%20NYC%29%20%2851708609282%29.jpg,,School of Visual Arts
214591,003329,Pennsylvania State University-Penn State Erie-Behrend College,Erie,PA,16563-0001,42.119417,-79.983818,https://behrend.psu.edu/,https://tuition.psu.edu/student-tuition-calculators,public,suburb,-2,False,False,False,,96.8,considered_not_required,1120.0,1310.0,560.0,650.0,560.0,660.0,1228.0,25.0,31.0,3240.0,12.0,83.2,43.6,63435.0,34081.0,15972.0,26958.0,24558.0,16092.0,28.9,http://commons.wikimedia.org/wiki/Special:FilePath/Penn%20State%20Behrend%20entrance%2C%20June%202024.jpg,http://commons.wikimedia.org/wiki/Special:FilePath/Pennstate%20behrend%20simplelogo.svg,Penn State Erie
190646,010097,CUNY Medgar Evers College,Brooklyn,NY,11225,40.666256,-73.957076,https://www.mec.cuny.edu/,https://npc.cuny.edu/npc/public/fin_aid/financial_aid_estimator/FinAidEstimator.jsp,public,city,21,False,False,False,,86.1,considered_not_required,850.0,1020.0,440.0,520.0,410.0,500.0,920.0,,,3233.0,13.0,49.7,19.8,46498.0,14771.0,7352.0,15302.0,5718.0,4368.0,56.3,,,Medgar Evers College
227863,003654,University of St Thomas,Houston,TX,77006-4696,29.736438,-95.393102,https://www.stthom.edu/,https://tcc.ruffalonl.com/UniversityofStThomas/freshmanstudents?Aquifer_Source_URL=/FreshmanCalculator&PNF_Check=1,private_nonprofit,city,17,False,False,False,30.0,89.9,considered_not_required,980.0,1210.0,500.0,610.0,480.0,600.0,1090.0,18.0,25.0,3220.0,16.0,77.7,68.8,59224.0,45672.0,34634.0,34634.0,19359.0,18441.0,41.6,http://commons.wikimedia.org/wiki/Special:FilePath/Univ%20St%20Thomas%20sign.jpg,,University of St. Thomas
104586,001479,Embry-Riddle Aeronautical University-Prescott,Prescott,AZ,86301-3720,34.616766,-112.449741,https://prescott.erau.edu/,https://prescott.erau.edu/financial-aid/net-price-calculator,private_nonprofit,city,22,False,False,False,,76.6,considered_not_required,1140.0,1370.0,580.0,680.0,560.0,690.0,1250.0,24.0,29.0,3218.0,17.0,82.2,67.8,84131.0,62798.0,44149.0,44149.0,40287.0,39171.0,18.2,,,"Embry–Riddle Aeronautical University, Prescott"
138558,001541,Abraham Baldwin Agricultural College,Tifton,GA,31793-2601,31.481889,-83.528281,https://www.abac.edu/,https://tools.abac.edu/npc,public,town,23,False,False,False,,75.7,considered_not_required,860.0,1080.0,440.0,560.0,420.0,520.0,990.0,17.0,22.0,3208.0,21.0,69.2,36.1,34996.0,13956.0,3268.0,10588.0,6842.0,4323.0,34.7,,,Abraham Baldwin Agricultural College
120883,001329,University of the Pacific,Stockton,CA,95211-0197,37.981424,-121.312301,https://www.pacific.edu/,https://pacific.clearcostcalculator.com/student/default/netpricecalculator/survey,private_nonprofit,city,17,False,False,False,,71.3,considered_not_required,1183.0,1480.0,590.0,710.0,593.0,770.0,1346.0,23.0,32.0,3204.0,13.0,88.5,69.0,78445.0,71515.0,57080.0,57080.0,25447.0,17004.0,36.1,http://commons.wikimedia.org/wiki/Special:FilePath/UOP-burnstower.jpg,http://commons.wikimedia.org/wiki/Special:FilePath/University%20of%20the%20Pacific%20wordmark.svg,University of the Pacific
196219,006791,SUNY at Purchase College,Purchase,NY,10577-1400,41.047223,-73.701955,https://www.purchase.edu/,https://www.purchase.edu/offices/student-financial-services/,public,suburb,21,False,False,False,,74.1,considered_not_required,1185.0,1380.0,620.0,710.0,565.0,670.0,1312.0,27.0,30.0,3197.0,12.0,80.3,62.8,45092.0,29043.0,8953.0,19203.0,18913.0,11835.0,35.5,http://commons.wikimedia.org/wiki/Special:FilePath/Outback-Fortawesome.jpg,http://commons.wikimedia.org/wiki/Special:FilePath/Purchase%20college%20purplelogo.png,State University of New York at Purchase
222178,003537,Abilene Christian University,Abilene,TX,79699,32.468943,-99.709797,https://www.acu.edu/,https://www.highered.texas.gov/apps/NPC/?Fice=003537,private_nonprofit,city,17,False,False,False,74.0,66.0,considered_not_required,1070.0,1270.0,540.0,650.0,530.0,620.0,1194.0,22.0,28.0,3195.0,13.0,80.5,59.0,55736.0,59256.0,44200.0,44200.0,26182.0,20285.0,22.3,,http://commons.wikimedia.org/wiki/Special:FilePath/Abilene%20Christian%20University%20wordmark.png,Abilene Christian University
217165,003402,Bryant University,Smithfield,RI,02917-1291,41.920092,-71.539547,https://www.bryant.edu/,https://tcc.ruffalonl.com/bryant university/freshman-students,private_nonprofit,suburb,18,False,False,False,,65.5,considered_not_required,1190.0,1330.0,610.0,660.0,580.0,670.0,1265.0,27.0,28.0,3194.0,13.0,86.9,79.8,90008.0,69964.0,52677.0,52677.0,41219.0,32698.0,12.5,http://commons.wikimedia.org/wiki/Special:FilePath/Bryant%20Center.jpg,http://commons.wikimedia.org/wiki/Special:FilePath/Bryant%20University%20logo.svg,Bryant University
169080,002241,Calvin University,Grand Rapids,MI,49546,42.929916,-85.587548,https://www.calvin.edu/,https://www.calvin.edu/admissions/financial-aid/calculator,private_nonprofit,city,20,False,False,False,35.0,70.9,considered_not_required,1083.0,1330.0,550.0,660.0,533.0,670.0,1233.0,24.0,30.0,3193.0,13.0,86.8,74.1,58375.0,54222.0,39350.0,39350.0,22992.0,19281.0,17.4,http://commons.wikimedia.org/wiki/Special:FilePath/Calvin%20Chapel%20and%20Hiemenga%20Hall.jpg,http://commons.wikimedia.org/wiki/Special:FilePath/Calvin%20univ%20full%20logo.png,Calvin University
458210,036983,West Coast University-Anaheim-Orange County,Anaheim,CA,92802-2905,33.81104,-117.911811,https://westcoastuniversity.edu/,https://wcu.aidcalc.cloud/,private_for_profit,city,26,False,False,False,,,,,,,,,,,,,3192.0,14.0,100.0,60.0,102672.0,34887.0,22506.0,22506.0,32879.0,29867.0,41.1,,,West Coast University - Orange County Campus
121309,001262,Point Loma Nazarene University,San Diego,CA,92106-2899,32.718391,-117.250265,https://www.pointloma.edu/,https://www.pointloma.edu/undergraduate/cost-financial-aid,private_nonprofit,city,18,False,False,False,59.0,83.7,considered_not_required,1175.0,1365.0,610.0,695.0,565.0,670.0,1287.0,25.0,32.0,3188.0,13.0,85.5,77.2,63998.0,60488.0,46250.0,46250.0,38729.0,30999.0,21.4,http://commons.wikimedia.org/wiki/Special:FilePath/PL-amphitheater.jpg,http://commons.wikimedia.org/wiki/Special:FilePath/Point%20loma%20nu%20logo.png,Point Loma Nazarene University
217633,003418,Anderson University,Anderson,SC,29621-4035,34.5152,-82.640358,https://www.andersonuniversity.edu/,https://andersonuniversity.edu/admission/policies-and-disclosures/consumer-information-disclosures/,private_nonprofit,city,18,False,False,False,54.0,54.7,considered_not_required,1100.0,1280.0,560.0,650.0,540.0,630.0,1202.0,22.0,29.0,3183.0,13.0,81.9,65.7,42101.0,50192.0,34970.0,34970.0,23544.0,17188.0,20.8,http://commons.wikimedia.org/wiki/Special:FilePath/Watkins%20Teaching%20Center%20at%20Anderson%20University%2C%20South%20Carolina.JPG,http://commons.wikimedia.org/wiki/Special:FilePath/Anderson%20univ%20logo%20text.png,Anderson University
190099,002701,Colgate University,Hamilton,NY,13346-1398,42.819475,-75.536346,https://www.colgate.edu/,https://npc.collegeboard.org/app/colgate,private_nonprofit,rural,21,False,False,False,,13.9,considered_not_required,1430.0,1540.0,710.0,760.0,720.0,780.0,1508.0,33.0,34.0,3180.0,9.0,93.4,91.2,85139.0,87070.0,70306.0,70306.0,28786.0,6086.0,12.5,http://commons.wikimedia.org/wiki/Special:FilePath/Colgate%20University%20Across%20Taylor%20Lake.jpg,http://commons.wikimedia.org/wiki/Special:FilePath/Colgate%20University%20Wordmark%202018.svg,Colgate University
151379,001817,Indiana University-Southeast,New Albany,IN,47150,38.345191,-85.819985,https://southeast.iu.edu/,https://iuia.iu.edu/compliance-reports/campus-net-price-calc/index.html,public,suburb,19,False,False,False,,84.5,considered_not_required,970.0,1180.0,490.0,610.0,480.0,570.0,1072.0,20.0,25.0,3170.0,13.0,63.8,39.2,47596.0,16411.0,8424.0,22811.0,7888.0,3782.0,32.3,http://commons.wikimedia.org/wiki/Special:FilePath/Indiana%20University%20Southeast.png,,Indiana University Southeast
193292,002775,Molloy University,Rockville Centre,NY,11571-5002,40.685941,-73.626183,https://www.molloy.edu/,https://www.molloy.edu/admissions-aid/financial-aid/net-price-calculator,private_nonprofit,suburb,18,False,False,False,30.0,81.7,considered_not_required,1088.0,1290.0,540.0,640.0,548.0,650.0,1187.0,22.0,28.0,3162.0,12.0,85.2,69.9,77789.0,50720.0,39790.0,39790.0,24347.0,17548.0,33.7,,http://commons.wikimedia.org/wiki/Special:FilePath/Molloy%20univ%20textlogo.png,Molloy University
131283,001437,The Catholic University of America,Washington,DC,20064,38.933651,-76.997909,https://www.catholic.edu/,https://financial-aid.catholic.edu/costs/net-price-calculator.html,private_nonprofit,city,16,False,False,False,30.0,82.8,not_considered,,,,,,,,,,3154.0,11.0,86.5,79.5,73250.0,75481.0,58378.0,58378.0,29561.0,17358.0,20.3,http://commons.wikimedia.org/wiki/Special:FilePath/CatholicUniversityAmerica.jpg,http://commons.wikimedia.org/wiki/Special:FilePath/Catholic%20univ%20america%20full%20logo.png,The Catholic University of America
183080,002591,Plymouth State University,Plymouth,NH,03264-1595,43.759573,-71.690164,https://www.plymouth.edu/,https://www.plymouth.edu/student-financial-services/financial-aid,public,town,18,False,False,False,,87.5,not_considered,,,,,,,,,,3153.0,15.0,68.5,52.0,57304.0,29644.0,14626.0,25566.0,19216.0,14676.0,28.1,http://commons.wikimedia.org/wiki/Special:FilePath/PlymouthNH%20PlymouthStateU%20RoundsHall.jpg,http://commons.wikimedia.org/wiki/Special:FilePath/Plymouth%20st%20univ%20logo.png,Plymouth State University
195544,002825,St. Joseph's University-New York,Brooklyn,NY,11205-3688,40.690418,-73.967664,https://www.sjny.edu/,https://www.sjny.edu/brooklyn/admissions/financial-aid/net-price,private_nonprofit,city,18,False,False,False,,72.0,considered_not_required,1110.0,1270.0,560.0,640.0,550.0,630.0,1190.0,24.0,29.0,3144.0,12.0,80.7,68.8,63905.0,41897.0,36550.0,36550.0,19035.0,16876.0,34.0,http://commons.wikimedia.org/wiki/Special:FilePath/265%20%26%20269%20Clinton%20Avenue%20Lorenzo%20Hall%20St.%20Joseph%27s%20College.jpg,http://commons.wikimedia.org/wiki/Special:FilePath/St%20joseph%20univ%20ny%20logo.png,"St. Joseph's University, New York"
173124,002336,Bemidji State University,Bemidji,MN,56601,47.482341,-94.874119,https://www.bemidjistate.edu/,https://www.bemidjistate.edu/mybsu/finances/net-price-calculator/,public,town,20,False,False,False,,56.0,considered_not_required,,,,,,,1090.0,18.0,24.0,3139.0,18.0,72.7,47.9,53755.0,22744.0,10237.0,10237.0,15261.0,10073.0,28.3,http://commons.wikimedia.org/wiki/Special:FilePath/Deputy%20Hall-Bemidji%20State%20University-04.jpg,http://commons.wikimedia.org/wiki/Special:FilePath/Bemidji%20state%20univ%20logo.png,Bemidji State University
169479,002249,Davenport University,Grand Rapids,MI,49512-9396,42.850013,-85.533519,https://www.davenport.edu/,https://davenport.studentaidcalculator.com/survey.aspx,private_nonprofit,suburb,18,False,False,False,,97.8,not_considered,,,,,,,,,,3134.0,18.0,82.0,56.6,45099.0,37319.0,24466.0,24466.0,17707.0,16700.0,33.8,http://commons.wikimedia.org/wiki/Special:FilePath/Davenport%20University%20Livonia%20Michigan%20campus.JPG,http://commons.wikimedia.org/wiki/Special:FilePath/Davenport%20university%20logo.png,Davenport University
165699,002148,Endicott College,Beverly,MA,01915,42.553296,-70.840847,https://www.endicott.edu/,https://app.meadowfi.com/endicott,private_nonprofit,suburb,18,False,False,False,,71.2,considered_not_required,1193.0,1340.0,610.0,680.0,583.0,660.0,1274.0,25.0,30.0,3125.0,13.0,84.4,75.6,58336.0,59328.0,40650.0,40650.0,40654.0,29780.0,13.0,http://commons.wikimedia.org/wiki/Special:FilePath/College%20hall%203.jpg,http://commons.wikimedia.org/wiki/Special:FilePath/Endicott%20college%20textlogo.png,Endicott College
166124,002141,College of the Holy Cross,Worcester,MA,01610-2395,42.23752,-71.808214,https://www.holycross.edu/,https://www.holycross.edu/financial-aid/financial-aid-calculator,private_nonprofit,city,21,False,False,False,30.0,17.6,considered_not_required,1240.0,1410.0,630.0,710.0,610.0,700.0,1353.0,27.0,32.0,3106.0,9.0,94.8,87.3,90543.0,80334.0,64500.0,64500.0,38782.0,14343.0,14.8,http://commons.wikimedia.org/wiki/Special:FilePath/Alumni%20Hall%2C%20College%20of%20the%20Holy%20Cross%20%282006%29.jpg,,College of the Holy Cross
186283,002628,Rider University,Lawrenceville,NJ,08648-3099,40.278796,-74.737833,https://www.rider.edu/,https://www.rider.edu/tuition-aid/financial-aid/net-price-calculator,private_nonprofit,suburb,18,False,False,False,,78.6,considered_not_required,1100.0,1320.0,550.0,670.0,550.0,650.0,1227.0,27.0,31.0,3106.0,14.0,78.4,61.3,62208.0,55967.0,41120.0,41120.0,24792.0,15824.0,34.7,http://commons.wikimedia.org/wiki/Special:FilePath/North%20Hall%20at%20Rider%20University.jpg,http://commons.wikimedia.org/wiki/Special:FilePath/Rider%20University%20wordmark.svg,Rider University
210429,003209,Western Oregon University,Monmouth,OR,97361-1394,44.852235,-123.238309,https://wou.edu/,https://wou.edu/business/tuition-calculators/,public,town,18,False,False,False,,98.1,not_considered,,,,,,,,,,3103.0,13.0,72.7,47.1,51815.0,25062.0,11879.0,32534.0,17237.0,15575.0,41.1,http://commons.wikimedia.org/wiki/Special:FilePath/WOU-Todd-Hall.jpg,http://commons.wikimedia.org/wiki/Special:FilePath/West%20oregon%20univ%20textlogo.png,Western Oregon University
164173,002107,Stevenson University,Owings Mills,MD,21117,39.426413,-76.775809,https://www.stevenson.edu/,https://www.stevenson.edu/admissions-aid/scholarships-financial-aid/net-price-calculator/,private_nonprofit,suburb,18,False,False,False,,78.9,not_considered,,,,,,,,,,3102.0,15.0,78.8,68.5,62079.0,58394.0,40560.0,40560.0,26505.0,15894.0,30.9,http://commons.wikimedia.org/wiki/Special:FilePath/Stevenson%20University-Dawson%20Center.jpg,http://commons.wikimedia.org/wiki/Special:FilePath/Stevenson%20University%20logo.svg,Stevenson University
148627,001768,Saint Xavier University,Chicago,IL,60655,41.707199,-87.714749,https://www.sxu.edu/,https://www.sxu.edu/tuition-aid/calculator.html,private_nonprofit,city,18,False,False,False,30.0,84.3,not_considered,,,,,,,,,,3096.0,16.0,75.7,56.6,58656.0,43244.0,37940.0,37940.0,10970.0,7572.0,58.9,,,Saint Xavier University
174844,002382,St Olaf College,Northfield,MN,55057-1098,44.461529,-93.182039,https://wp.stolaf.edu/,https://wp.stolaf.edu/financialaid/net-price-calculator/,private_nonprofit,town,21,False,False,False,39.0,48.3,considered_not_required,1300.0,1470.0,660.0,740.0,640.0,730.0,1380.0,28.0,32.0,3093.0,11.0,92.2,84.0,65543.0,71843.0,59760.0,59760.0,23874.0,10404.0,21.2,http://commons.wikimedia.org/wiki/Special:FilePath/Old-Main-St-Olaf-College-Northfield-Minnesota.jpg,http://commons.wikimedia.org/wiki/Special:FilePath/St%20olaf%20college%20minn%20logo.svg,St. Olaf College
127185,001353,Fort Lewis College,Durango,CO,81301-3999,37.275939,-107.867422,https://fortlewis.edu/,https://www.fortlewis.edu/rnlnetprice,public,town,22,False,False,False,,77.3,considered_not_required,1010.0,1210.0,505.0,605.0,505.0,605.0,1111.0,18.0,26.0,3079.0,14.0,66.1,35.6,46349.0,27030.0,9958.0,21526.0,17296.0,18622.0,34.9,http://commons.wikimedia.org/wiki/Special:FilePath/Fort%20Lewis%20College%20Community%20Concert%20Hall.jpg,http://commons.wikimedia.org/wiki/Special:FilePath/Fort%20lewis%20college%20simpletext.png,Fort Lewis College
174358,002367,Minnesota State University Moorhead,Moorhead,MN,56563,46.867153,-96.759532,https://www.mnstate.edu/,https://www.mnstate.edu/cost-aid/net-price-calculator/,public,suburb,18,False,False,False,,58.8,considered_not_required,,,,,,,1090.0,18.0,25.0,3072.0,17.0,75.0,57.3,50527.0,25197.0,10428.0,10428.0,17997.0,11129.0,28.0,http://commons.wikimedia.org/wiki/Special:FilePath/2009LommenHallMoorheadMNcropped.jpg,http://commons.wikimedia.org/wiki/Special:FilePath/Minnesota%20state%20moorhead%20univ%20logo.svg,Minnesota State University Moorhead
130697,001424,Wesleyan University,Middletown,CT,06459,41.554665,-72.657146,https://www.wesleyan.edu/,https://www.wesleyan.edu/admission/affordability-and-aid/cost-of-attendance.html#calculators,private_nonprofit,city,21,False,False,False,,16.5,considered_not_required,1415.0,1540.0,705.0,760.0,710.0,780.0,1501.0,33.0,35.0,3067.0,8.0,94.9,92.6,73897.0,89020.0,70342.0,70342.0,30177.0,4871.0,14.2,http://commons.wikimedia.org/wiki/Special:FilePath/College%20row%20at%20wesleyan.jpg,http://commons.wikimedia.org/wiki/Special:FilePath/Wesleyan%20University%20logo.svg,Wesleyan University
117140,001216,University of La Verne,La Verne,CA,91750-4401,34.100855,-117.773262,https://www.laverne.edu/,https://laverne.edu/financial-aid/npc/,private_nonprofit,suburb,17,False,False,False,,71.2,considered_not_required,986.0,1236.0,498.0,663.0,488.0,573.0,1083.0,18.0,25.0,3050.0,10.0,64.5,63.1,65464.0,62278.0,49470.0,49470.0,20161.0,20151.0,51.4,http://commons.wikimedia.org/wiki/Special:FilePath/Founders%20Hall%2C%20University%20of%20La%20Verne.jpg,http://commons.wikimedia.org/wiki/Special:FilePath/University%20of%20La%20Verne%20wordmark.svg,University of La Verne
128106,001365,Colorado State University Pueblo,Pueblo,CO,81001-4901,38.30859,-104.579033,https://www.csupueblo.edu/,https://www.csupueblo.edu/student-financial-services/net-price-calculator.html,public,city,19,False,False,False,,94.9,considered_not_required,,,,,,,1120.0,19.0,26.0,3042.0,16.0,64.2,39.7,55563.0,23937.0,9720.0,17944.0,10051.0,9374.0,28.6,http://commons.wikimedia.org/wiki/Special:FilePath/Colorado%20State%20University%E2%80%93Pueblo.JPG,http://commons.wikimedia.org/wiki/Special:FilePath/Csu%20pueblo%20univ%20textlogo.png,Colorado State University Pueblo
168847,004673,Baker College,Owosso,MI,48867-8956,42.984804,-84.172404,https://www.baker.edu/,https://baker.clearcostcalculator.com/student/default/netpricecalculator/survey,private_nonprofit,town,19,False,False,False,,81.9,considered_not_required,960.0,1160.0,500.0,600.0,460.0,560.0,1080.0,,,3026.0,9.0,66.1,35.8,35833.0,24526.0,13000.0,13000.0,13157.0,11976.0,37.7,,,Baker College
178341,002488,Missouri Southern State University,Joplin,MO,64801-1595,37.095155,-94.461689,https://www.mssu.edu/,https://www.mssu.edu/student-affairs/financial-aid/netcalc.php,public,city,20,False,False,False,,97.0,considered_not_required,1150.0,1420.0,540.0,690.0,610.0,730.0,1065.0,17.0,24.0,3019.0,15.0,62.8,41.6,42620.0,19568.0,8960.0,17080.0,12007.0,9759.0,34.0,,,Missouri Southern State University
173328,002347,Concordia University-Saint Paul,Saint Paul,MN,55104-5494,44.949759,-93.154861,https://www.csp.edu/,https://www.csp.edu/tuition-and-financial-aid/net-price-calculator/,private_nonprofit,city,18,False,False,False,68.0,78.9,not_considered,,,,,,,,,,3018.0,16.0,67.4,45.9,59871.0,37239.0,25600.0,25600.0,18462.0,16406.0,35.2,http://commons.wikimedia.org/wiki/Special:FilePath/Concordia%20University%20Saint%20Paul.jpg,http://commons.wikimedia.org/wiki/Special:FilePath/Concordia%20sp%20univ%20logo.png,Concordia University St. Paul
207847,003179,Southeastern Oklahoma State University,Durant,OK,74701-3347,34.006808,-96.376864,https://www.se.edu/,https://www.se.edu/admission/net-price-calculator/,public,town,18,False,False,False,,76.4,considered_not_required,980.0,1186.0,490.0,593.0,490.0,593.0,1087.0,18.0,24.0,3018.0,25.0,63.4,31.5,45079.0,18594.0,7530.0,16740.0,8039.0,5193.0,41.6,http://commons.wikimedia.org/wiki/Special:FilePath/Sosu.JPG,http://commons.wikimedia.org/wiki/Special:FilePath/Southeastern%20Oklahoma%20State%20University%20Logo.png,Southeastern Oklahoma State University
232566,003719,Longwood University,Farmville,VA,23909,37.297975,-78.396987,https://www.longwood.edu/,https://www.longwood.edu/fileshare/financialaid/npcalc.htm,public,town,19,False,False,False,,90.2,considered_not_required,1030.0,1210.0,530.0,630.0,500.0,580.0,1120.0,19.0,26.0,3015.0,15.0,79.8,61.2,52347.0,34588.0,15744.0,27978.0,19066.0,11896.0,27.7,http://commons.wikimedia.org/wiki/Special:FilePath/LongwoodUfmWheelerHall.jpg,http://commons.wikimedia.org/wiki/Special:FilePath/Longwood%20University%20logo.png,Longwood University
181783,002566,Wayne State College,Wayne,NE,68787,42.241556,-97.015122,https://www.wsc.edu/,https://www.wsc.edu/net-price-calculator,public,town,18,False,False,False,,,,,,,,,,,,,3010.0,19.0,72.4,52.1,47075.0,22565.0,8216.0,8216.0,15360.0,12844.0,25.8,http://commons.wikimedia.org/wiki/Special:FilePath/Wayne%20State%20College%20%28Nebr%29%20Hahn%20bldg.JPG,http://commons.wikimedia.org/wiki/Special:FilePath/Wayne%20sc%20horiz%20logo.png,Wayne State College
144962,001676,Elmhurst University,Elmhurst,IL,60126-3296,41.897164,-87.945369,https://www.elmhurst.edu/,https://www.elmhurst.edu/admission/financial-aid/tuition-fees/net-price-calculator/,private_nonprofit,suburb,18,False,False,False,76.0,73.6,considered_not_required,990.0,1260.0,510.0,640.0,480.0,620.0,1151.0,23.0,30.0,3006.0,15.0,79.9,70.0,61462.0,54679.0,42955.0,42955.0,24185.0,17892.0,36.8,http://commons.wikimedia.org/wiki/Special:FilePath/Sign%20at%20Elmhurst%20University%20in%20Illinois%2C%20US%2001.jpg,,Elmhurst University
151263,001804,University of Indianapolis,Indianapolis,IN,46227-3697,39.709571,-86.133969,https://uindy.edu/,https://www.shoppingsheet.com/shopping/landing/151263,private_nonprofit,city,17,False,False,False,71.0,66.5,not_considered,,,,,,,,,,3005.0,12.0,71.0,55.8,53610.0,52590.0,37200.0,37200.0,21602.0,15346.0,32.6,http://commons.wikimedia.org/wiki/Special:FilePath/Good%20Hall%2C%20University%20of%20Indianapolis.jpg,http://commons.wikimedia.org/wiki/Special:FilePath/Uindy%20logo%20black%20horiz.png,University of Indianapolis
219976,003486,Lipscomb University,Nashville,TN,37204-3951,36.106253,-86.799791,https://www.lipscomb.edu/,https://www.lipscomb.edu/admission/tuition-and-financial-aid,private_nonprofit,city,17,False,False,False,74.0,67.7,considered_not_required,1160.0,1380.0,590.0,700.0,570.0,680.0,1256.0,23.0,30.0,2997.0,13.0,83.6,72.2,55541.0,55117.0,40572.0,40572.0,24739.0,20048.0,24.1,,,Lipscomb University
233374,003744,University of Richmond,University of Richmond,VA,23173,37.577393,-77.538806,https://www.richmond.edu/,https://npc.collegeboard.org/app/richmond,private_nonprofit,city,21,False,False,False,,22.2,considered_not_required,1410.0,1530.0,700.0,750.0,710.0,780.0,1497.0,33.0,35.0,2980.0,7.0,90.8,85.2,76178.0,80961.0,65230.0,65230.0,31309.0,12808.0,17.2,http://commons.wikimedia.org/wiki/Special:FilePath/Robins%20School%20of%20Business%2C%20University%20of%20Richmond.jpg,http://commons.wikimedia.org/wiki/Special:FilePath/UR%20Shield.svg,University of Richmond
101587,001024,University of West Alabama,Livingston,AL,35470,32.588132,-88.186329,https://www.uwa.edu/,https://secure.uwa.edu/calculator/,public,rural,18,False,False,False,,42.6,considered_not_required,860.0,1120.0,440.0,560.0,420.0,560.0,1015.0,16.0,21.0,2974.0,19.0,64.9,34.7,44232.0,22758.0,10990.0,20090.0,12684.0,12179.0,58.2,,http://commons.wikimedia.org/wiki/Special:FilePath/Uwa%20logo%20horizontal.png,University of West Alabama
218645,003449,University of South Carolina Aiken,Aiken,SC,29801,33.572704,-81.767612,https://www.usca.edu/,https://ie.usca.edu/netprice/npcalc.html,public,suburb,20,False,False,False,,78.5,considered_not_required,980.0,1220.0,510.0,620.0,470.0,600.0,1120.0,19.0,26.0,2962.0,16.0,66.8,39.9,45603.0,21540.0,10760.0,21218.0,11641.0,8987.0,39.2,http://commons.wikimedia.org/wiki/Special:FilePath/Usc%20aiken%20campus%20postcard%201960s.jpg,,University of South Carolina Aiken
209825,003224,University of Portland,Portland,OR,97203-5798,45.572724,-122.726691,https://www.up.edu/,https://www.up.edu/finaid/costs/net-price-calculator.html,private_nonprofit,city,19,False,False,False,30.0,89.2,considered_not_required,1160.0,1370.0,580.0,670.0,580.0,700.0,1277.0,25.0,31.0,2957.0,9.0,88.3,79.8,82804.0,73224.0,58100.0,58100.0,28210.0,20070.0,22.1,http://commons.wikimedia.org/wiki/Special:FilePath/University%20of%20Portland%20entrance%20sign.JPG,,University of Portland
446604,038023,Uta Mesivta of Kiryas Joel,Monroe,NY,10950,41.333864,-74.161179,https://utam.edu/,https://utam.edu/NetPriceCalculator/npcalc.htm,private_nonprofit,city,24,False,True,False,80.0,,,,,,,,,,,,2957.0,16.0,94.0,70.2,31853.0,21682.0,16000.0,16000.0,4156.0,3915.0,87.4,,,
191931,002737,Iona University,New Rochelle,NY,10801-1890,40.925725,-73.788046,https://www.iona.edu/,https://www.iona.edu/offices/student-financial-services/costs-attendance/net-price-calculator,private_nonprofit,suburb,18,False,False,False,30.0,86.9,considered_not_required,1110.0,1300.0,570.0,650.0,540.0,650.0,1217.0,24.0,29.0,2951.0,16.0,76.9,56.0,73595.0,60247.0,47260.0,47260.0,29188.0,25785.0,28.3,http://commons.wikimedia.org/wiki/Special:FilePath/LaPenta.jpg,,Iona University
216852,003313,Widener University,Chester,PA,19013-5792,39.861689,-75.355363,https://www.widener.edu/,https://tcc.ruffalonl.com/Widener University/Net Price Calculator,private_nonprofit,suburb,17,False,False,False,,70.9,considered_not_required,1080.0,1290.0,550.0,650.0,530.0,640.0,1180.0,,,2951.0,11.0,78.4,68.3,70920.0,70621.0,55730.0,55730.0,25759.0,21200.0,32.8,http://commons.wikimedia.org/wiki/Special:FilePath/OldMainWidener.JPG,http://commons.wikimedia.org/wiki/Special:FilePath/Widener%20univ%20logo%20blue.png,Widener University
218733,003446,South Carolina State University,Orangeburg,SC,29117-0001,33.497968,-80.848722,https://scsu.edu/,https://scsu.edu/netprice.html,public,town,20,True,False,False,,82.6,not_considered,,,,,,,,,,2934.0,19.0,56.5,36.6,38262.0,30015.0,11060.0,21750.0,18097.0,16846.0,70.5,,http://commons.wikimedia.org/wiki/Special:FilePath/SC%20State%20Univ%20Logo.svg,South Carolina State University
134945,001495,Jacksonville University,Jacksonville,FL,32211-3394,30.353227,-81.60458,https://www.ju.edu/index.php,https://ju.studentaidcalculator.com/survey.aspx,private_nonprofit,city,18,False,False,False,,56.9,considered_not_required,1100.0,1280.0,580.0,660.0,520.0,620.0,1205.0,22.0,27.0,2930.0,11.0,74.7,50.6,68010.0,63969.0,47830.0,47830.0,25180.0,21893.0,30.7,http://commons.wikimedia.org/wiki/Special:FilePath/JU2014.JPG,http://commons.wikimedia.org/wiki/Special:FilePath/Jacksonville%20University%20wordmark.svg,Jacksonville University
199111,002907,University of North Carolina Asheville,Asheville,NC,28804-8510,35.617068,-82.565392,https://new.unca.edu/,https://npc.collegeboard.org/app/uncashville,public,city,21,False,False,False,,91.9,considered_not_required,1170.0,1360.0,600.0,700.0,570.0,660.0,1251.0,23.0,29.0,2910.0,13.0,72.1,54.5,44030.0,21685.0,7501.0,24849.0,12250.0,8219.0,32.4,,http://commons.wikimedia.org/wiki/Special:FilePath/Unc%20asheville%20logo.png,University of North Carolina at Asheville
162584,002072,Frostburg State University,Frostburg,MD,21532-1099,39.650918,-78.934293,https://www.frostburg.edu/,https://www.frostburg.edu/admissions-and-cost/financial-aid/cost-of-attendance/cost-calculators.php,public,town,18,False,False,False,,89.2,considered_not_required,,,,,,,,,,2909.0,13.0,69.3,49.7,55493.0,27056.0,10220.0,25814.0,16715.0,12129.0,32.2,http://commons.wikimedia.org/wiki/Special:FilePath/Frostburg%20State%20University%27s%20%2471%20million%20Center%20for%20Communications%20and%20Information%20Technology.jpg,http://commons.wikimedia.org/wiki/Special:FilePath/Frostburg%20state%20univ%20textlogo.svg,Frostburg State University
242626,003939,Inter American University of Puerto Rico-Aguadilla,Aguadilla,PR,00603,18.467886,-67.121671,https://aguadilla.inter.edu/,https://www.inter.edu/NetPrice/Aguadilla/index.html,private_nonprofit,suburb,20,False,False,False,,41.8,not_considered,,,,,,,,,,2906.0,26.0,80.6,42.9,24776.0,16057.0,5742.0,5742.0,8742.0,8543.0,82.8,,,
205957,003036,Franciscan University of Steubenville,Steubenville,OH,43952-1763,40.376919,-80.620524,https://www.franciscan.edu/,https://tcc.ruffalonl.com/Franciscan University of Steubenville/Franciscan University Net Price Calculator,private_nonprofit,city,19,False,False,False,30.0,58.4,considered_not_required,1110.0,1350.0,590.0,700.0,520.0,650.0,1220.0,22.0,29.0,2901.0,17.0,87.5,75.4,50030.0,44580.0,34100.0,34100.0,23589.0,19696.0,23.0,http://commons.wikimedia.org/wiki/Special:FilePath/Franciscan%20University%20of%20Steubenville%20Campus%20Panorama.jpg,http://commons.wikimedia.org/wiki/Special:FilePath/Franciscan%20univ%20motto%20logo.png,Franciscan University of Steubenville
215655,003359,Robert Morris University,Moon Township,PA,15108-1189,40.520415,-80.210468,https://www.rmu.edu/,https://www.rmu.edu/admissions/financial-aid/net-price-calculator,private_nonprofit,suburb,17,False,False,False,,89.9,considered_not_required,,,,,,,,,,2896.0,14.0,83.2,65.7,62105.0,51621.0,35970.0,35970.0,23003.0,19548.0,23.3,,http://commons.wikimedia.org/wiki/Special:FilePath/Robert%20Morris%20University%20logo.svg,Robert Morris University
217688,003419,Charleston Southern University,Charleston,SC,29406-9121,32.983047,-80.072587,https://www.charlestonsouthern.edu/,https://www.charlestonsouthern.edu/admissions/financial-aid/tuition-calculator/,private_nonprofit,city,19,False,False,False,54.0,96.5,considered_not_required,930.0,1160.0,480.0,600.0,450.0,560.0,1059.0,18.0,24.0,2893.0,12.0,63.1,47.2,45898.0,44558.0,32520.0,32520.0,21666.0,20145.0,34.5,http://commons.wikimedia.org/wiki/Special:FilePath/Charleston%20Southern%20University.jpg,,Charleston Southern University
209506,003211,Oregon Institute of Technology,Klamath Falls,OR,97601-8801,42.257152,-121.785177,https://www.oit.edu/,https://www.oit.edu/college-costs/tuition-fees/net-price-calculator,public,town,22,False,False,False,,95.0,considered_not_required,1000.0,1270.0,500.0,650.0,500.0,620.0,1150.0,18.0,27.0,2892.0,17.0,69.0,53.8,72273.0,27524.0,13260.0,37196.0,15706.0,9085.0,17.9,http://commons.wikimedia.org/wiki/Special:FilePath/Oregon%20Institute%20of%20Technology%20entrance%20sign.jpg,http://commons.wikimedia.org/wiki/Special:FilePath/Oregon%20Institute%20of%20Technology%20logo.svg,Oregon Institute of Technology
230047,001606,Brigham Young University-Hawaii,Laie,HI,96762-1294,21.642074,-157.926586,https://www.byuh.edu/,https://financialaid.byuh.edu/net-price-calculator,private_nonprofit,town,22,False,False,False,94.0,47.0,required,960.0,1190.0,480.0,620.0,480.0,570.0,1130.0,21.0,25.0,2889.0,18.0,73.5,52.6,52064.0,25098.0,6630.0,6630.0,16774.0,11623.0,15.1,,,Brigham Young University Hawaii
204501,003086,Oberlin College,Oberlin,OH,44074,41.291992,-82.216795,https://www.oberlin.edu/,https://collegepricecalculator.com/Oberlin,private_nonprofit,town,21,False,False,False,,34.2,considered_not_required,1360.0,1520.0,700.0,760.0,660.0,760.0,1447.0,31.0,34.0,2887.0,9.0,91.0,80.9,58343.0,87404.0,67366.0,67366.0,38645.0,18774.0,9.6,http://commons.wikimedia.org/wiki/Special:FilePath/DSCN4646%20oberlincollegepetershall%20e2.jpg,http://commons.wikimedia.org/wiki/Special:FilePath/Oberlin%20College%20logo.svg,Oberlin College
225399,003576,Houston Christian University,Houston,TX,77074-3298,29.693819,-95.515954,https://www.hc.edu/,https://www.hc.edu/estimator,private_nonprofit,city,18,False,False,False,54.0,84.4,considered_not_required,990.0,1190.0,500.0,600.0,490.0,590.0,1084.0,17.0,24.0,2886.0,18.0,69.3,49.1,55933.0,50082.0,39430.0,39430.0,20629.0,17933.0,55.5,http://commons.wikimedia.org/wiki/Special:FilePath/Cac.wide.web.JPG,http://commons.wikimedia.org/wiki/Special:FilePath/Houston%20Christian%20University%20logo.svg,Houston Christian University
484905,042421,University of North Texas at Dallas,Dallas,TX,75241,32.659588,-96.803446,https://untdallas.edu/,https://apps.highered.texas.gov/net-price-calculator/,public,city,18,False,False,False,,84.5,considered_not_required,846.0,1096.0,438.0,573.0,408.0,523.0,940.0,,,2878.0,19.0,65.4,41.6,,20064.0,9595.0,21894.0,6420.0,4713.0,53.9,http://commons.wikimedia.org/wiki/Special:FilePath/UNT%20Dallas%20Campus.jpg,http://commons.wikimedia.org/wiki/Special:FilePath/UNT%20Dallas%20Wordmark.svg,University of North Texas at Dallas
214801,003329,Pennsylvania State University-Penn State Abington,Abington,PA,19001-3918,40.117101,-75.110724,https://abington.psu.edu/,https://tuition.psu.edu/student-tuition-calculators,public,suburb,-2,False,False,False,,96.8,considered_not_required,1070.0,1265.0,540.0,635.0,530.0,630.0,1181.0,23.0,27.0,2877.0,14.0,77.2,19.8,63435.0,28795.0,15268.0,25664.0,18071.0,13629.0,38.8,http://commons.wikimedia.org/wiki/Special:FilePath/Sutherland%20Building%2C%20Penn%20State%20Abington%2001.JPG,http://commons.wikimedia.org/wiki/Special:FilePath/Penn%20state%20abington%20textlogo.svg,Penn State Abington
132657,001505,Lynn University,Boca Raton,FL,33431-5598,26.385985,-80.122806,https://www.lynn.edu/,https://lynn.aidcalculator.com/calculator,private_nonprofit,city,18,False,False,False,,73.5,considered_not_required,1040.0,1200.0,530.0,610.0,510.0,590.0,1134.0,21.0,26.0,2859.0,16.0,76.6,52.1,49006.0,67880.0,44480.0,44480.0,44089.0,40711.0,23.4,http://commons.wikimedia.org/wiki/Special:FilePath/Lynn%20University%20Boca%20Raton%20Entrance.jpg,http://commons.wikimedia.org/wiki/Special:FilePath/Lynn%20university%20logo.png,Lynn University
197708,002903,Yeshiva University,New York,NY,10033-3299,40.850605,-73.929873,https://www.yu.edu/,https://yu.studentaidcalculator.com/survey.aspx,private_nonprofit,city,17,False,False,False,,55.6,considered_not_required,1340.0,1510.0,670.0,740.0,670.0,770.0,1426.0,29.0,33.0,2852.0,7.0,91.5,83.2,71353.0,70892.0,51800.0,51800.0,49965.0,24103.0,13.4,http://commons.wikimedia.org/wiki/Special:FilePath/Yeshiva%20University%20Stern%20College%20for%20Women%20253%20Lexington%20Avenue.jpg,http://commons.wikimedia.org/wiki/Special:FilePath/Yeshiva%20univ%20logo.png,Yeshiva University
243133,010975,University of Puerto Rico,Bayamon,PR,00959,18.371398,-66.143541,https://www.uprb.edu/,https://web.uprb.edu/NetPriceTemplate/index.html,public,city,22,False,False,False,,35.3,not_considered,,,,,,,,,,2851.0,21.0,77.8,37.1,34409.0,12501.0,6284.0,6284.0,8484.0,7035.0,86.9,,,University of Puerto Rico at Bayamón
148487,001749,Roosevelt University,Chicago,IL,60605-1394,41.876055,-87.624952,https://www.roosevelt.edu/,https://www.roosevelt.edu/tuition-aid/net-price-calculator,private_nonprofit,city,17,False,False,False,,97.2,considered_not_required,895.0,1175.0,465.0,600.0,430.0,575.0,1011.0,18.0,26.0,2849.0,11.0,61.6,35.1,48712.0,35332.0,21315.0,21315.0,20194.0,18018.0,51.3,http://commons.wikimedia.org/wiki/Special:FilePath/1%20RU%20Wabash-Building-entrance.jpg,http://commons.wikimedia.org/wiki/Special:FilePath/Roosevelt%20University%20Logo.svg,Roosevelt University
140553,001582,Morehouse College,Atlanta,GA,30314,33.745982,-84.414917,https://www.morehouse.edu/,https://morehouse.clearcostcalculator.com/student/default/netpricecalculator/survey,private_nonprofit,city,21,True,True,False,,44.0,considered_not_required,,,,,,,1090.0,18.0,25.0,2844.0,14.0,86.9,59.4,52889.0,51433.0,32893.0,32893.0,39013.0,36359.0,44.7,,,Morehouse College
240374,005015,University of Wisconsin-Parkside,Kenosha,WI,53144,42.647718,-87.855231,https://www.uwp.edu/,https://www.uwp.edu/live/offices/financialaid/npcalculator.cfm,public,rural,19,False,False,False,,75.4,considered_not_required,,,,,,,1090.0,17.0,25.0,2844.0,20.0,68.7,40.4,51129.0,18199.0,8270.0,17429.0,11772.0,7425.0,35.0,http://commons.wikimedia.org/wiki/Special:FilePath/University%20of%20Wisconsin-Parkside%20Ranger%20Hall.JPG,http://commons.wikimedia.org/wiki/Special:FilePath/UWParkside%20logo.png,University of Wisconsin–Parkside
201195,003014,Baldwin Wallace University,Berea,OH,44017-2088,41.373017,-81.851145,https://www.bw.edu/,https://bw.clearcostcalculator.com/student,private_nonprofit,suburb,18,False,False,False,,75.7,considered_not_required,1060.0,1290.0,550.0,650.0,510.0,640.0,1194.0,22.0,29.0,2842.0,12.0,83.8,66.8,54122.0,55606.0,39832.0,39832.0,27603.0,21296.0,29.2,http://commons.wikimedia.org/wiki/Special:FilePath/Baldwin%20Wallace%20University.jpg,http://commons.wikimedia.org/wiki/Special:FilePath/Baldwin%20wallace%20univ%20brownlogo.png,Baldwin Wallace University
156365,001959,Campbellsville University,Campbellsville,KY,42718-2799,37.343342,-85.348943,https://www.campbellsville.edu/,https://campbellsville.aidcalculator.com/,private_nonprofit,town,18,False,False,False,54.0,79.7,not_considered,,,,,,,,,,2840.0,19.0,64.5,42.0,41583.0,42603.0,27998.0,27998.0,19341.0,17880.0,20.1,,,Campbellsville University
145725,001691,Illinois Institute of Technology,Chicago,IL,60616,41.8313,-87.627321,https://www.iit.edu/,https://www.iit.edu/admissions-aid/tuition-and-aid/undergraduate-costs-and-aid/net-price-calculator,private_nonprofit,city,16,False,False,False,,54.9,considered_not_required,1180.0,1440.0,590.0,720.0,590.0,720.0,1311.0,26.0,32.0,2833.0,14.0,86.0,75.2,82592.0,68164.0,52386.0,52386.0,18425.0,12964.0,30.0,http://commons.wikimedia.org/wiki/Special:FilePath/IIT%20Main%20Building.jpg,http://commons.wikimedia.org/wiki/Special:FilePath/Illinois%20tech%20logo.png,Illinois Institute of Technology
140960,001590,Savannah State University,Savannah,GA,31404-5310,32.024781,-81.063377,https://www.savannahstate.edu/,https://simba.savannahstate.edu/students/netpricecalculator/,public,city,20,True,False,False,,,,,,,,,,,,,2833.0,21.0,74.7,28.0,37981.0,17191.0,5750.0,19043.0,8172.0,6739.0,67.5,http://commons.wikimedia.org/wiki/Special:FilePath/Hill%20Hall%20%28Savannah%20State%20U%29%20from%20SE%201.JPG,http://commons.wikimedia.org/wiki/Special:FilePath/Savannah%20state%20univ%20logo.png,Savannah State University
442569,041223,University of Arkansas Grantham,LIttle Rock,AR,72207,34.775996,-92.343582,https://www.uagrantham.edu/,https://www.uagrantham.edu/online-college-tuition/net-price-calculator/,public,city,18,False,False,False,,,,,,,,,,,,,2833.0,20.0,30.3,43.0,63496.0,15318.0,8520.0,8520.0,8370.0,8384.0,71.8,,,University of Arkansas Grantham
207971,003185,University of Tulsa,Tulsa,OK,74104-3189,36.152324,-95.945941,https://utulsa.edu/,https://utulsa.edu/net-price-calculator/,private_nonprofit,city,16,False,False,False,66.0,61.5,considered_not_required,1223.0,1530.0,610.0,760.0,613.0,770.0,1389.0,25.0,34.0,2813.0,10.0,92.1,72.3,61408.0,64459.0,50061.0,50061.0,15000.0,5578.0,27.0,http://commons.wikimedia.org/wiki/Special:FilePath/U%20Tulsa%20McFarlin%20Library.jpg,,University of Tulsa
159656,002016,Loyola University New Orleans,New Orleans,LA,70118-6143,29.936141,-90.120417,https://www.loyno.edu/,https://www.loyno.edu/admissions/tuition-financial-aid/net-price-calculator,private_nonprofit,city,17,False,False,False,30.0,93.0,not_considered,,,,,,,,,,2812.0,12.0,80.1,59.0,52927.0,64157.0,49440.0,49440.0,23696.0,20131.0,37.3,http://commons.wikimedia.org/wiki/Special:FilePath/Loyola%20front%20yard.jpg,http://commons.wikimedia.org/wiki/Special:FilePath/Loyola%20univ%20neworleans%20textlogo.png,Loyola University New Orleans
143048,001753,School of the Art Institute of Chicago,Chicago,IL,60603,41.88105,-87.625758,https://www.saic.edu/,https://www.shoppingsheet.com/shopping/landing/143048,private_nonprofit,city,30,False,False,False,,77.5,not_considered,,,,,,,,,,2805.0,10.0,83.8,67.0,40151.0,75625.0,56420.0,56420.0,49790.0,43798.0,18.7,http://commons.wikimedia.org/wiki/Special:FilePath/School%20of%20the%20Art%20Institute%20Chicago%20Grant%20Park.JPG,http://commons.wikimedia.org/wiki/Special:FilePath/SAIC%20Logo%20Stacked%20Orange.png,School of the Art Institute of Chicago
385619,031085,Everglades University,Boca Raton,FL,33431,26.391218,-80.108331,https://www.evergladesuniversity.edu/,https://enroll.evergladesuniversity.edu/npc,private_nonprofit,city,20,False,False,False,,81.5,not_considered,,,,,,,,,,2789.0,17.0,73.7,61.4,47597.0,38913.0,21680.0,21680.0,27371.0,25556.0,72.0,,,Everglades University
221661,003518,Southern Adventist University,Collegedale,TN,37315-0370,35.048254,-85.052088,https://www.southern.edu/,https://www.southern.edu/undergrad/finances/cost-calculator.html#!#st,private_nonprofit,suburb,19,False,False,False,95.0,65.5,considered_not_required,1020.0,1300.0,530.0,660.0,490.0,640.0,1129.0,19.0,25.0,2773.0,19.0,82.8,49.4,53723.0,38618.0,27300.0,27300.0,24345.0,19123.0,30.6,,,Southern Adventist University
109785,001117,Azusa Pacific University,Azusa,CA,91702-7000,34.130047,-117.888375,https://www.apu.edu/,https://www.apu.edu/undergraduate-admissions/financialaid/calculator/,private_nonprofit,suburb,16,False,False,False,88.0,88.4,considered_not_required,983.0,1238.0,515.0,615.0,468.0,623.0,1195.0,25.0,30.0,2759.0,9.0,84.0,61.8,66677.0,56313.0,44458.0,44458.0,22212.0,15781.0,35.1,,http://commons.wikimedia.org/wiki/Special:FilePath/Azusa%20pacific%20univ%20logo.svg,Azusa Pacific University
226471,003588,University of Mary Hardin-Baylor,Belton,TX,76513-2599,31.066793,-97.463471,https://go.umhb.edu/,https://go.umhb.edu/resources/financial-aid/resources,private_nonprofit,suburb,17,False,False,False,54.0,95.8,considered_not_required,960.0,1200.0,490.0,610.0,470.0,590.0,1099.0,19.0,26.0,2759.0,17.0,62.4,49.3,56132.0,46874.0,32020.0,32020.0,26106.0,22089.0,39.6,http://commons.wikimedia.org/wiki/Special:FilePath/Parker%20Academic%20Center%2C%20Belton%2C%20TX%20IMG%205560.JPG,http://commons.wikimedia.org/wiki/Special:FilePath/Umhb%20mary%20hardin%20logo.png,University of Mary Hardin–Baylor
213385,003284,Lafayette College,Easton,PA,18042-1768,40.69956,-75.209786,https://www.lafayette.edu/,https://npc.collegeboard.org/app/lafayette,private_nonprofit,suburb,21,False,False,False,66.0,31.4,considered_not_required,1350.0,1500.0,670.0,740.0,680.0,760.0,1424.0,31.0,33.0,2757.0,10.0,89.7,87.6,91410.0,83133.0,65398.0,65398.0,34433.0,12716.0,11.7,http://commons.wikimedia.org/wiki/Special:FilePath/South%20College%20at%20Lafayette%20College.jpg,http://commons.wikimedia.org/wiki/Special:FilePath/Lafayette%20College%20wordmark.png,Lafayette College
196158,002844,SUNY at Fredonia,Fredonia,NY,14063-1136,42.452236,-79.337375,https://www.fredonia.edu/,https://www.fredonia.edu/admissions-aid/net-price-calculator,public,town,20,False,False,False,,77.7,considered_not_required,1160.0,1370.0,590.0,680.0,570.0,690.0,1250.0,23.0,28.0,2755.0,11.0,76.2,50.2,54247.0,25879.0,8831.0,19771.0,15897.0,9395.0,38.8,http://commons.wikimedia.org/wiki/Special:FilePath/SUNY%20Fredonia%20-%2020200427%20-%2004%20-%20Mason%20Hall.jpg,http://commons.wikimedia.org/wiki/Special:FilePath/Fredonia%20univ%20black%20textlogo.png,State University of New York at Fredonia
230852,003684,Champlain College,Burlington,VT,05401,44.473287,-73.202746,https://www.champlain.edu/,https://champlain.clearcostcalculator.com/student/default/netpricecalculator/survey,private_nonprofit,city,18,False,False,False,,82.9,considered_not_required,1220.0,1380.0,620.0,700.0,600.0,680.0,1312.0,26.0,29.0,2752.0,13.0,81.7,65.2,58386.0,65009.0,47850.0,47850.0,35860.0,28885.0,25.0,http://commons.wikimedia.org/wiki/Special:FilePath/Champlain%20college%20campus.jpg,,Champlain College
165820,002184,Fitchburg State University,Fitchburg,MA,01420-2697,42.588298,-71.789666,https://www.fitchburgstate.edu/,https://www.fitchburgstate.edu/admissions-aid/financial-aid/net-price-calculator,public,suburb,18,False,False,False,,86.9,considered_not_required,1060.0,1230.0,540.0,620.0,520.0,610.0,1150.0,,,2752.0,11.0,69.5,55.1,53874.0,25555.0,11346.0,17426.0,14262.0,10204.0,32.8,http://commons.wikimedia.org/wiki/Special:FilePath/Percival%20Hall.JPG,http://commons.wikimedia.org/wiki/Special:FilePath/Fichburg%20st%20univ%20logo.png,Fitchburg State University
210146,003219,Southern Oregon University,Ashland,OR,97520,42.185077,-122.695081,https://www.sou.edu/,https://sou.edu/financial-aid/cost-of-attendance/tuition-calculator/,public,suburb,18,False,False,False,,88.6,not_considered,,,,,,,,,,2751.0,23.0,67.8,42.5,49175.0,27636.0,12762.0,31887.0,16732.0,11830.0,24.9,http://commons.wikimedia.org/wiki/Special:FilePath/Churchill%20Hall%20%28Jackson%20County%2C%20Oregon%20scenic%20images%29%20%28jacD0029%29.jpg,http://commons.wikimedia.org/wiki/Special:FilePath/South%20oregon%20univ%20logo.png,Southern Oregon University
192703,002758,Manhattan University,Riverdale,NY,10471-4098,40.889756,-73.901893,https://www.manhattan.edu/,https://manhattan.edu/admissions/undergraduate/pay-for-college/cost-calculator,private_nonprofit,city,18,False,False,False,30.0,78.9,considered_not_required,1180.0,1358.0,580.0,680.0,600.0,678.0,1270.0,25.0,29.0,2744.0,15.0,76.0,63.7,86316.0,64348.0,53400.0,53400.0,27256.0,27281.0,36.0,http://commons.wikimedia.org/wiki/Special:FilePath/M%20C%20best%20800.jpg,,Manhattan University
196015,002855,SUNY College of Technology at Canton,Canton,NY,13617-1098,44.604096,-75.182906,https://www.canton.edu/,https://www.suny.edu/howmuch/?embed=n&cssurl=www.canton.edu/css/calc.css&headerurl=www.canton.edu/images/banner-calc.png&profileurl=http:,public,town,22,False,False,False,,92.2,not_considered,,,,,,,,,,2741.0,18.0,69.5,38.5,47860.0,24906.0,8742.0,13572.0,15268.0,10908.0,50.4,http://commons.wikimedia.org/wiki/Special:FilePath/SUNY%20Canton%20entrance.jpg,http://commons.wikimedia.org/wiki/Special:FilePath/SUNY%20Canton%20logo.svg,State University of New York at Canton
230959,003691,Middlebury College,Middlebury,VT,05753,44.009117,-73.176068,https://www.middlebury.edu/college/,https://npc.collegeboard.org/app/middlebury,private_nonprofit,town,21,False,False,False,,10.8,considered_not_required,1445.0,1550.0,720.0,760.0,725.0,790.0,1508.0,33.0,35.0,2738.0,8.0,93.7,91.4,76310.0,85880.0,67600.0,67600.0,31483.0,12723.0,15.9,http://commons.wikimedia.org/wiki/Special:FilePath/McCardellBicentennialHall.jpg,http://commons.wikimedia.org/wiki/Special:FilePath/MiddleburySeal220.gif,Middlebury College
132602,001467,Bethune-Cookman University,Daytona Beach,FL,32114-3099,29.207195,-81.032946,https://www.cookman.edu/,https://nces.ed.gov/ipeds/netpricecalculator/,private_nonprofit,city,21,True,False,False,71.0,88.2,considered_not_required,830.0,990.0,430.0,510.0,400.0,480.0,880.0,,,2732.0,17.0,61.8,30.5,38518.0,29764.0,14794.0,14794.0,12030.0,10896.0,78.3,http://commons.wikimedia.org/wiki/Special:FilePath/Daytona%20Beach%2C%20Florida.%20Bethune-Cookman%20College.%20Dr.%20Bethune%20saying%20goodbye%20to%20a%20group%20of%20students%20after%20resigning%20as%20president%20of%20the%20college%20LCCN2017843192.jpg,,Bethune-Cookman University
164580,002121,Babson College,Wellesley,MA,02457-0310,42.297017,-71.264057,https://www.babson.edu/,https://npc.collegeboard.org/app/babson,private_nonprofit,suburb,29,False,False,False,,17.1,considered_not_required,1390.0,1530.0,670.0,740.0,720.0,790.0,1457.0,31.0,34.0,2728.0,15.0,94.6,93.1,123938.0,80192.0,57152.0,57152.0,40514.0,23641.0,16.3,http://commons.wikimedia.org/wiki/Special:FilePath/Tomasso%20Hall%2C%20Babson%20College.jpg,,Babson College
107983,001107,Southern Arkansas University Main Campus,Magnolia,AR,71753,33.291618,-93.235922,https://www.saumag.edu/,https://web.saumag.edu/admissions/cost-calculator/,public,town,18,False,False,False,,75.3,required,875.0,1105.0,450.0,565.0,425.0,540.0,1047.0,17.0,24.0,2708.0,16.0,66.2,48.8,42386.0,24951.0,9960.0,15690.0,14027.0,13187.0,48.2,http://commons.wikimedia.org/wiki/Special:FilePath/Southern%20Arkansas%20University%27s%20Overstreet%20Hall.jpg,http://commons.wikimedia.org/wiki/Special:FilePath/Sau%20arkansas%20logo.png,Southern Arkansas University
217864,003423,Citadel Military College of South Carolina,Charleston,SC,29409,32.797183,-79.958775,https://citadel.edu/,https://citadel.edu/financial-aid/net-price-calculator/,public,city,18,False,False,False,,22.7,considered_not_required,1085.0,1285.0,540.0,640.0,545.0,645.0,1208.0,22.0,27.0,2705.0,11.0,85.8,75.0,72085.0,33880.0,12570.0,38508.0,20723.0,15430.0,19.8,http://commons.wikimedia.org/wiki/Special:FilePath/Charelston%20-%20Air%20view%20of%20the%20Citadel.jpg,http://commons.wikimedia.org/wiki/Special:FilePath/The%20Citadel%20logo.svg,The Citadel
208822,003194,George Fox University,Newberg,OR,97132,45.303629,-122.967494,https://www.georgefox.edu/,https://www.georgefox.edu/college-admissions/scholarships/net-price-calculator.html,private_nonprofit,town,17,False,False,False,65.0,93.5,considered_not_required,1070.0,1340.0,560.0,680.0,510.0,660.0,1197.0,20.0,29.0,2699.0,17.0,83.4,72.0,59761.0,58644.0,42750.0,42750.0,31679.0,22871.0,23.4,http://commons.wikimedia.org/wiki/Special:FilePath/Stevens%20Center%20-%20George%20Fox%20University.JPG,http://commons.wikimedia.org/wiki/Special:FilePath/George%20fox%20univ%20fulllogo.png,George Fox University
183062,002590,Keene State College,Keene,NH,03435-1506,42.926452,-72.279276,https://www.keene.edu/,https://www.keene.edu/npc/,public,town,22,False,False,False,,90.3,not_considered,,,,,,,,,,2699.0,17.0,78.7,60.1,54368.0,29993.0,14784.0,26840.0,17887.0,12192.0,26.2,http://commons.wikimedia.org/wiki/Special:FilePath/KeeneStateCollegecampus%20May2019.jpg,http://commons.wikimedia.org/wiki/Special:FilePath/Keenestate%20college%20logo.png,Keene State College
195526,002814,Skidmore College,Saratoga Springs,NY,12866,43.097035,-73.785335,https://www.skidmore.edu/,https://skidmore.studentaidcalculator.com/survey.aspx,private_nonprofit,suburb,21,False,False,False,,21.1,considered_not_required,1340.0,1480.0,680.0,750.0,660.0,730.0,1405.0,31.0,33.0,2694.0,8.0,89.6,82.6,69363.0,85270.0,67290.0,67290.0,32297.0,9932.0,12.8,http://commons.wikimedia.org/wiki/Special:FilePath/Zankel%20Music%20center.jpg,http://commons.wikimedia.org/wiki/Special:FilePath/Skidmore%20college%20logo.png,Skidmore College
193399,002703,University of Mount Saint Vincent,Bronx,NY,10471-1093,40.913657,-73.908887,https://www.mountsaintvincent.edu/,https://www.mountsaintvincent.edu/admission/financial-aid/net-price-calculator/,private_nonprofit,city,22,False,False,False,30.0,85.1,considered_not_required,1011.0,1178.0,478.0,590.0,533.0,588.0,1090.0,,,2692.0,12.0,73.0,56.8,65756.0,54170.0,44540.0,44540.0,21696.0,19203.0,46.2,,,College of Mount Saint Vincent
492962,001805,Indiana Institute of Technology-College of Professional Studies,Fort Wayne,IN,46803,41.078365,-85.116479,https://cps.indianatech.edu/,https://cps.indianatech.edu/costs/,private_nonprofit,city,22,False,False,False,,,,,,,,,,,,,2686.0,12.0,54.5,28.0,47327.0,26033.0,9896.0,9896.0,20473.0,20035.0,55.3,,,
139719,001566,Fort Valley State University,Fort Valley,GA,31030-4313,32.537595,-83.89537,https://www.fvsu.edu/,https://www.fvsu.edu/financialaid,public,town,20,True,False,False,,65.9,considered_not_required,930.0,1070.0,480.0,560.0,450.0,510.0,994.0,19.0,24.0,2684.0,21.0,78.5,41.1,36666.0,19879.0,5526.0,16932.0,10338.0,9017.0,73.3,http://commons.wikimedia.org/wiki/Special:FilePath/Patton%20Hall%20at%20Fort%20Valley%20State%20University%2C%20Fort%20Valley%2C%20GA%2C%20US.jpg,http://commons.wikimedia.org/wiki/Special:FilePath/Fortvalley%20state%20univ%20logo.png,Fort Valley State University
198136,002913,Campbell University,Buies Creek,NC,27506,35.409149,-78.738238,https://www.campbell.edu/,https://www.shoppingsheet.com/shopping/landing/campbell,private_nonprofit,town,17,False,False,False,54.0,87.2,not_considered,,,,,,,,,,2680.0,13.0,76.2,61.0,54886.0,62187.0,41600.0,41600.0,24516.0,20751.0,37.6,http://commons.wikimedia.org/wiki/Special:FilePath/John%20W.%20Pope%2C%20Jr.%20Convocation%20Center%20%28Campbell%20University%29.jpg,,Campbell University
443331,036983,West Coast University-Texas,Richardson,TX,75080-2712,34.187134,-118.39941,https://westcoastuniversity.edu/,https://wcu.aidcalc.cloud/,private_for_profit,city,26,False,False,False,,,,,,,,,,,,,2673.0,17.0,100.0,31.2,102672.0,55938.0,36854.0,36854.0,53020.0,49093.0,44.8,,,
453163,001459,Strayer University-North Carolina,Greensboro,NC,27407-2638,36.051694,-79.882713,https://www.strayer.edu/campus-locations/north-carolina/greensboro,https://strayer.aidcalc.cloud/netprice.htm,private_for_profit,city,18,False,False,False,,,,,,,,,,,,,2671.0,47.0,,33.3,40092.0,,13920.0,13920.0,,,82.3,,,Strayer University-North Carolina
458229,036983,West Coast University-Ontario,Ontario,CA,91761-7645,34.066591,-117.590035,https://westcoastuniversity.edu/,https://wcu.aidcalc.cloud/,private_for_profit,city,26,False,False,False,,,,,,,,,,,,,2671.0,19.0,88.9,38.9,102672.0,53706.0,36854.0,36854.0,49590.0,45911.0,49.3,,,
243115,007228,University of Puerto Rico-Arecibo,Arecibo,PR,00614-4010,18.469199,-66.74114,https://www.upra.edu/,https://docs.upra.edu/admisiones/NetPriceCalculator/npcalc.htm,public,city,22,False,False,False,,59.2,not_considered,,,,,,,,,,2669.0,19.0,76.1,52.0,30512.0,17710.0,5354.0,5354.0,10680.0,10332.0,89.0,http://commons.wikimedia.org/wiki/Special:FilePath/Main%20entrance%20UPRA.JPG,,University of Puerto Rico at Arecibo
199962,002985,Wingate University,Wingate,NC,28174-0159,34.986064,-80.44305,https://www.wingate.edu/,https://www.wingate.edu/admissions/financial-aid/net-price-calculator,private_nonprofit,suburb,17,False,False,False,,91.1,considered_not_required,1010.0,1210.0,510.0,610.0,500.0,600.0,1111.0,18.0,25.0,2668.0,15.0,70.5,46.4,52649.0,57473.0,41636.0,41636.0,20748.0,18772.0,44.2,,http://commons.wikimedia.org/wiki/Special:FilePath/Wingate%20univ%20flag.png,Wingate University
151360,001815,Indiana University-Northwest,Gary,IN,46408-1197,41.557324,-87.337249,https://northwest.iu.edu/,https://iuia.iu.edu/compliance-reports/campus-net-price-calc/index.html,public,suburb,20,False,False,False,,73.4,considered_not_required,910.0,1180.0,460.0,600.0,450.0,580.0,1055.0,18.0,26.0,2661.0,15.0,71.4,37.4,43361.0,13989.0,8424.0,22811.0,5130.0,1419.0,42.5,http://commons.wikimedia.org/wiki/Special:FilePath/Indiana%20University%20Northwest%2020130514.jpg,http://commons.wikimedia.org/wiki/Special:FilePath/Indiana%20University%20Northwest.png,Indiana University Northwest
238476,003839,Carthage College,Kenosha,WI,53140-1994,42.622969,-87.820924,https://www.carthage.edu/,https://www.carthage.edu/admissions/costs-scholarships-aid/net-price-calculator/,private_nonprofit,city,20,False,False,False,39.0,87.1,considered_not_required,,,,,,,1150.0,20.0,25.0,2660.0,14.0,73.4,64.3,56950.0,50822.0,38750.0,38750.0,26565.0,23293.0,27.1,http://commons.wikimedia.org/wiki/Special:FilePath/Lentz%20Hall%3B%20Location%20of%20Admissions%20Office%20%282069923097%29.jpg,http://commons.wikimedia.org/wiki/Special:FilePath/Carthage%20college%20textlogo.png,Carthage College
161217,006760,University of Maine at Augusta,Augusta,ME,04330-9410,44.337746,-69.796396,https://www.uma.edu/,https://www.uma.edu/financial/costs/net-cost-calculator/,public,town,22,False,False,False,,,,,,,,,,,,,2659.0,16.0,60.0,27.0,40342.0,19052.0,8888.0,22178.0,10924.0,9421.0,33.0,,,University of Maine at Augusta
207661,003168,Rogers State University,Claremore,OK,74017-3252,36.321437,-95.635718,https://www.rsu.edu/,https://tcc.ruffalonl.com/rogers state university/net_price_calculator,public,town,22,False,False,False,,,,,,,,,,,,,2657.0,18.0,69.7,29.0,43166.0,21064.0,7750.0,16410.0,15314.0,13714.0,40.1,http://commons.wikimedia.org/wiki/Special:FilePath/Rogersstate-strattontaylorlibrary.JPG,http://commons.wikimedia.org/wiki/Special:FilePath/Rsu%20university%20wmark.png,Rogers State University
134079,001488,Florida Southern College,Lakeland,FL,33801-5698,28.032443,-81.948203,https://www.flsouthern.edu/,https://www.flsouthern.edu/admissions/undergraduate/undergraduate-financial-aid/undergraduate-net-price-calculator,private_nonprofit,city,19,False,False,False,71.0,64.4,considered_not_required,1150.0,1330.0,590.0,680.0,560.0,650.0,1252.0,25.0,30.0,2656.0,11.0,80.0,70.5,55294.0,60768.0,44040.0,44040.0,28551.0,23624.0,28.1,http://commons.wikimedia.org/wiki/Special:FilePath/Pfeiffer%20Chapel%20HABS%2C%20FLA%2C53-LAKE%2C1A-14.jpg,,Florida Southern College
239318,003868,Milwaukee School of Engineering,Milwaukee,WI,53202-3109,43.045364,-87.907691,https://www.msoe.edu/,https://www.msoe.edu/admissions-aid/financial-aid-scholarships/financial-aid-basics/financial-aid-estimator/,private_nonprofit,city,19,False,False,False,,58.9,not_considered,,,,,,,,,,2654.0,12.0,83.8,67.1,89070.0,62648.0,50480.0,50480.0,22453.0,11607.0,24.2,http://commons.wikimedia.org/wiki/Special:FilePath/Milwaukee%20September%202022%2027%20%28Valentin%20Blatz%20Brewing%20Company%20Office%20Building-MSOE%20Alumni%20Partnership%20Center%29.jpg,http://commons.wikimedia.org/wiki/Special:FilePath/Milwaukee%20School%20of%20Engineering%20logo.svg,Milwaukee School of Engineering
193973,002788,Niagara University,Niagara University,NY,14109,43.137279,-79.036689,https://www.niagara.edu/,https://niagara.aidcalculator.com/,private_nonprofit,suburb,18,False,False,False,30.0,87.4,considered_not_required,1060.0,1235.0,530.0,625.0,530.0,610.0,1168.0,22.0,28.0,2653.0,10.0,80.4,74.5,56196.0,51632.0,39345.0,39345.0,17248.0,9564.0,27.2,http://commons.wikimedia.org/wiki/Special:FilePath/Niagara%20University%20sign.jpg,,Niagara University
446561,038893,Stanbridge University,Irvine,CA,92612,33.678879,-117.857636,https://www.stanbridge.edu/,https://www.stanbridge.edu/static/npcalc/vn/index.html,private_for_profit,city,26,False,False,False,,10.0,not_considered,,,,,,,,,,2643.0,15.0,83.6,62.1,62144.0,,,,45372.0,36623.0,61.2,,,Stanbridge College
136950,001515,Rollins College,Winter Park,FL,32789-4499,28.592787,-81.349239,https://www.rollins.edu/,https://www.rollins.edu/scholarships-aid/net-price-calculator/,private_nonprofit,suburb,18,False,False,False,,47.5,considered_not_required,1160.0,1370.0,600.0,690.0,560.0,680.0,1271.0,25.0,30.0,2631.0,12.0,85.2,75.0,58295.0,76108.0,60580.0,60580.0,34732.0,27177.0,22.9,http://commons.wikimedia.org/wiki/Special:FilePath/Rollins%20College%20Russell%20Theatre02.jpg,,Rollins College
102377,001050,Tuskegee University,Tuskegee,AL,36088-1920,32.4309,-85.708492,https://www.tuskegee.edu/,https://tcc.ruffalonl.com/Tuskegee University/Freshman-Students,private_nonprofit,town,19,True,False,False,,48.7,considered_not_required,,,,,,,1120.0,18.0,25.0,2630.0,14.0,80.7,55.0,49641.0,43454.0,25386.0,25386.0,35013.0,34324.0,57.7,http://commons.wikimedia.org/wiki/Special:FilePath/Tuskegee%20University-Milbank%20Agricultural%20Hall%2001.jpg,http://commons.wikimedia.org/wiki/Special:FilePath/Tuskegee%20univ%20wordmark.png,Tuskegee University
218061,009226,Francis Marion University,Florence,SC,29506,34.189777,-79.652854,https://www.fmarion.edu/,https://netprice.fmarion.edu/,public,rural,19,False,False,False,,86.4,considered_not_required,870.0,1115.0,450.0,575.0,420.0,540.0,1015.0,16.0,24.0,2628.0,13.0,70.0,43.4,43888.0,23850.0,11160.0,21544.0,11386.0,9723.0,37.6,http://commons.wikimedia.org/wiki/Special:FilePath/Francis-Marion-University-Performing-Arts-Center-Exterior.jpg,http://commons.wikimedia.org/wiki/Special:FilePath/Francis%20marion%20univ%20full%20logo.png,Francis Marion University
160904,002032,Xavier University of Louisiana,New Orleans,LA,70125-1098,29.964162,-90.107307,https://www.xula.edu/,https://xula.clearcostcalculator.com/student/default/netpricecalculator/survey,private_nonprofit,city,19,True,False,False,30.0,69.0,considered_not_required,950.0,1113.0,500.0,560.0,450.0,553.0,1080.0,19.0,24.0,2628.0,11.0,71.7,48.5,52184.0,40434.0,28733.0,28733.0,17127.0,14405.0,54.2,http://commons.wikimedia.org/wiki/Special:FilePath/Xavier%20University%20NOLA.jpg,,Xavier University of Louisiana
184603,002607,Fairleigh Dickinson University-Metropolitan Campus,Teaneck,NJ,07666,40.897209,-74.028986,https://www.fdu.edu/,https://1st-aid.org/fdu,private_nonprofit,suburb,18,False,False,False,,90.7,considered_not_required,,,,,,,,,,2627.0,14.0,77.0,53.3,57273.0,50305.0,38004.0,38004.0,15404.0,10218.0,21.9,http://commons.wikimedia.org/wiki/Special:FilePath/FD%20Florham%20dorms%20jeh.jpg,http://commons.wikimedia.org/wiki/Special:FilePath/Fairleigh%20dickinson%20univ%20textlogo.png,Fairleigh Dickinson University
127918,001363,Regis University,Denver,CO,80221-1099,39.788175,-105.030756,https://www.regis.edu/,https://www.regis.edu/financial-aid/types-of-financial-aid/first-year-and-transfer-students/net-price-calculator,private_nonprofit,city,17,False,False,False,30.0,86.5,considered_not_required,,,,,,,1220.0,22.0,29.0,2627.0,11.0,71.4,61.0,72105.0,54800.0,46340.0,46340.0,18397.0,13713.0,31.8,http://commons.wikimedia.org/wiki/Special:FilePath/Regis%20University-Main%20Hall.jpg,http://commons.wikimedia.org/wiki/Special:FilePath/Regis%20univ%20denver%20logo.svg,Regis University
180179,002530,Montana State University Billings,Billings,MT,59101-0298,45.796896,-108.523009,https://www.msubillings.edu/,https://www.msubillings.edu/finaid/,public,city,19,False,False,False,,,,,,,,,,,,,2626.0,14.0,55.6,30.0,44296.0,20054.0,7280.0,22897.0,16524.0,13927.0,25.4,http://commons.wikimedia.org/wiki/Special:FilePath/MSU%20Billings%2C%20Residence%20Halls%2C%202025.jpg,http://commons.wikimedia.org/wiki/Special:FilePath/Msu%20billings%20textlogo.png,Montana State University Billings
201690,003026,Central State University,Wilberforce,OH,45384-1004,39.715787,-83.880186,https://www.centralstate.edu/,https://centralstate.clearcostcalculator.com/student/default/netpricecalculator/surveycentralstate.studentaidcalculator.com/survey.aspx,public,rural,22,True,False,False,,98.6,not_considered,,,,,,,,,,2620.0,16.0,55.9,22.8,33267.0,21929.0,8058.0,10058.0,13096.0,19581.0,52.7,http://commons.wikimedia.org/wiki/Special:FilePath/Emery%20Hall.jpg,http://commons.wikimedia.org/wiki/Special:FilePath/Central%20state%20univ%20textlogo.svg,Central State University
487524,002043,Husson University,Bangor,ME,04401-2929,44.829002,-68.791476,https://www.husson.edu/,https://www.husson.edu/financial-aid/netprice/,private_nonprofit,city,17,False,False,False,,81.0,considered_not_required,1065.0,1275.0,535.0,650.0,530.0,625.0,1180.0,,,2618.0,15.0,75.3,59.4,45025.0,35852.0,23304.0,23304.0,21005.0,16606.0,38.8,http://commons.wikimedia.org/wiki/Special:FilePath/Husson%20University%20sign.jpg,http://commons.wikimedia.org/wiki/Special:FilePath/Husson%20univ%20logo.png,Husson University
220613,003500,Lee University,Cleveland,TN,37311,35.166019,-84.871399,https://www.leeuniversity.edu/,https://www.leeuniversity.edu/financial-aid/cost/,private_nonprofit,city,19,False,False,False,57.0,70.5,considered_not_required,1040.0,1230.0,540.0,630.0,500.0,600.0,1145.0,20.0,27.0,2617.0,13.0,82.3,62.6,43222.0,35688.0,23790.0,23790.0,18878.0,12834.0,28.7,http://commons.wikimedia.org/wiki/Special:FilePath/Humanities%20Center.jpg,http://commons.wikimedia.org/wiki/Special:FilePath/Lee%20university%20tenn%20logo.png,Lee University
242653,003940,Inter American University of Puerto Rico-Metro,San Juan,PR,00919,18.368988,-66.077711,https://metro.inter.edu/,https://metro.inter.edu/asis-economica/netpricecalculatorme/index.html,private_nonprofit,city,18,False,False,False,,69.7,not_considered,,,,,,,,,,2607.0,18.0,76.4,38.8,30821.0,16837.0,5780.0,5780.0,9788.0,9272.0,66.5,,,"Interamerican University of Puerto Rico, Metropolitan Campus"
147828,001741,Olivet Nazarene University,Bourbonnais,IL,60914-2271,41.155237,-87.875165,https://www.olivet.edu/,https://olivet.clearcostcalculator.com/student/default/netpricecalculator/survey,private_nonprofit,suburb,18,False,False,False,59.0,55.9,considered_not_required,950.0,1220.0,490.0,620.0,460.0,600.0,1117.0,19.0,26.0,2603.0,15.0,70.8,60.8,53213.0,51981.0,38900.0,38900.0,20729.0,17232.0,38.0,,,Olivet Nazarene University
136330,008849,Palm Beach Atlantic University,West Palm Beach,FL,33401,26.7044,-80.05247,https://www.pba.edu/,https://www.pba.edu/financial-aid/tuition-fees/net-price-calculator/index.html,private_nonprofit,city,17,False,False,False,42.0,82.0,considered_not_required,950.0,1220.0,500.0,620.0,450.0,600.0,1075.0,18.0,26.0,2603.0,13.0,68.0,55.3,49232.0,53827.0,40650.0,40650.0,28354.0,25570.0,23.0,http://commons.wikimedia.org/wiki/Special:FilePath/Pbau%20staduents%20%28cropped%29.jpg,http://commons.wikimedia.org/wiki/Special:FilePath/Palm%20beach%20univ%20simple%20logo.png,Palm Beach Atlantic University
168254,002226,Western New England University,Springfield,MA,01119-2684,42.115017,-72.520466,https://wne.edu/,https://wne.edu/enrollment-services/billing-and-finances/finance-calculator.cfm,private_nonprofit,city,17,False,False,False,,83.5,considered_not_required,1090.0,1300.0,540.0,650.0,550.0,650.0,1192.0,21.0,28.0,2603.0,12.0,74.0,64.0,73157.0,60262.0,47820.0,47820.0,27290.0,20726.0,24.5,http://commons.wikimedia.org/wiki/Special:FilePath/Western%20New%20England%20College%20campus%2007.jpg,,Western New England University
237367,003812,Fairmont State University,Fairmont,WV,26554-2470,39.483079,-80.162433,https://www.fairmontstate.edu/,https://fairmontstate.studentaidcalculator.com/survey.aspx,public,town,20,False,False,False,,98.6,required,810.0,1070.0,450.0,560.0,360.0,510.0,996.0,17.0,23.0,2590.0,14.0,67.4,44.2,46857.0,20018.0,8708.0,18924.0,9032.0,8434.0,34.3,http://commons.wikimedia.org/wiki/Special:FilePath/Hardway%20Hall%2C%20the%20administration%20building%20of%20Fairmont%20State%20University%20in%20Fairmont%2C%20West%20Virginia%20LCCN2015631594.jpg,http://commons.wikimedia.org/wiki/Special:FilePath/Fairmont%20State%20University%20wordmark.svg,Fairmont State University
151388,001811,Indiana University-East,Richmond,IN,47374-1289,39.868707,-84.881923,https://east.iu.edu/,https://iuia.iu.edu/compliance-reports/campus-net-price-calc/index.html,public,town,20,False,False,False,,67.2,considered_not_required,960.0,1170.0,490.0,600.0,470.0,570.0,1061.0,19.0,24.0,2589.0,15.0,61.8,39.6,47156.0,16954.0,8424.0,22811.0,8134.0,5154.0,35.4,,,Indiana University East
242617,042542,Inter American University of Puerto Rico-San German,San German,PR,00683,18.08353,-67.05082,https://www.sg.inter.edu/,https://www.sg.inter.edu/wp-content/uploads/Documentos/documentos_normativos/Net_Price_Calculator_SG_2023.html,private_nonprofit,suburb,20,False,False,False,,42.5,not_considered,,,,,,,,,,2569.0,25.0,79.5,43.2,25416.0,16380.0,5780.0,5780.0,9148.0,8743.0,83.0,,,
165866,002185,Framingham State University,Framingham,MA,01701-9101,42.297116,-71.437565,https://www.framingham.edu/,https://npc.collegeboard.org/app/framingham,public,city,18,False,False,False,,83.6,considered_not_required,1100.0,1280.0,570.0,650.0,530.0,630.0,1180.0,,,2566.0,12.0,71.0,47.8,52349.0,27413.0,11920.0,18000.0,16114.0,11934.0,36.9,http://commons.wikimedia.org/wiki/Special:FilePath/Horace%20Mann%20Hall%20-%20Framingham%20State%20University%20-%20DSC00379.JPG,http://commons.wikimedia.org/wiki/Special:FilePath/Framingham%20st%20univ%20logo.png,Framingham State University
195720,002821,St. John Fisher University,Rochester,NY,14618-3597,43.116259,-77.513056,https://www.sjf.edu/,https://www.sjf.edu/admissions-aid/financial-aid/net-price-calculator/,private_nonprofit,suburb,17,False,False,False,30.0,66.4,considered_not_required,1120.0,1300.0,560.0,650.0,560.0,650.0,1214.0,23.0,28.0,2565.0,11.0,86.4,74.2,66944.0,55201.0,41190.0,41190.0,28945.0,16054.0,28.7,http://commons.wikimedia.org/wiki/Special:FilePath/Fisher%20college%20ny%20postcard%201973.jpg,http://commons.wikimedia.org/wiki/Special:FilePath/Fisger%20univ%20textlogo.png,St. John Fisher University
148496,001750,Dominican University,River Forest,IL,60305,41.902678,-87.823003,https://www.dom.edu/,https://www.dom.edu/admission/office-financial-aid/net-price-calculator,private_nonprofit,suburb,18,False,False,False,30.0,90.3,considered_not_required,880.0,1100.0,460.0,560.0,420.0,540.0,1002.0,16.0,26.0,2561.0,12.0,77.9,55.3,60327.0,43891.0,38978.0,38978.0,11745.0,9759.0,51.5,http://commons.wikimedia.org/wiki/Special:FilePath/Dominican%20University%2C%20River%20Forest%20IL%2C%20Parmer%20Hall%2C%20Soccer%20Field.jpg,http://commons.wikimedia.org/wiki/Special:FilePath/Dominican%20univ%20il%20textlogo.png,Dominican University
145336,009145,Governors State University,University Park,IL,60484,41.449103,-87.716441,https://www.govst.edu/,https://www.govst.edu/netprice.htm,public,suburb,18,False,False,False,,48.3,considered_not_required,,,,,,,,,,2556.0,11.0,56.2,22.1,58169.0,24227.0,12004.0,12004.0,12329.0,9563.0,53.6,http://commons.wikimedia.org/wiki/Special:FilePath/Governors%20State%20University%20Logo.jpg,http://commons.wikimedia.org/wiki/Special:FilePath/GSU%20Logo.jpg,Governors State University
139968,001575,Gordon State College,Barnesville,GA,30204,33.04571,-84.154508,https://www.gordonstate.edu/,https://www.gordonstate.edu/netpricecalculator/,public,town,23,False,False,False,,85.9,considered_not_required,890.0,1130.0,450.0,590.0,440.0,540.0,1023.0,15.0,24.0,2544.0,20.0,51.2,20.4,37871.0,14771.0,3628.0,10948.0,8105.0,6912.0,48.4,,,Gordon State College
167835,002209,Smith College,Northampton,MA,01063,42.318111,-72.638097,https://www.smith.edu/,https://npc.collegeboard.org/student/app/smith,private_nonprofit,city,21,False,False,True,,21.0,considered_not_required,1420.0,1540.0,720.0,760.0,700.0,780.0,1500.0,32.0,35.0,2544.0,8.0,94.3,89.0,64027.0,86030.0,65178.0,65178.0,27579.0,1363.0,17.9,http://commons.wikimedia.org/wiki/Special:FilePath/Smith%20College.jpg,http://commons.wikimedia.org/wiki/Special:FilePath/Smith%20college%20textlogo.svg,Smith College
153269,001860,Drake University,Des Moines,IA,50311-4505,41.60129,-93.652163,https://www.drake.edu/,https://www.drake.edu/admission/first-yearstudents/costsfinancialaid/netpricecalculator/,private_nonprofit,city,17,False,False,False,,63.8,considered_not_required,1110.0,1350.0,580.0,680.0,530.0,670.0,1292.0,24.0,29.0,2543.0,11.0,84.1,74.0,71901.0,64835.0,52130.0,52130.0,29127.0,25824.0,21.7,http://commons.wikimedia.org/wiki/Special:FilePath/The%20Knapp%20Center.JPG,http://commons.wikimedia.org/wiki/Special:FilePath/Drake%20University%20logo.svg,Drake University
100830,008310,Auburn University at Montgomery,Montgomery,AL,36117-3596,32.36736,-86.177544,https://www.aum.edu/,https://www.aum.edu/net-price-calculator,public,city,18,False,False,False,,91.6,considered_not_required,1036.0,1203.0,538.0,603.0,498.0,600.0,1093.0,18.0,24.0,2542.0,13.0,67.6,32.6,44391.0,21353.0,9700.0,20668.0,13224.0,11706.0,42.4,http://commons.wikimedia.org/wiki/Special:FilePath/Auburn%20University%20Montgomery.JPG,http://commons.wikimedia.org/wiki/Special:FilePath/Auburn%20univ%20montgomery%20logo%20horiz.png,Auburn University at Montgomery
243179,003943,University of Puerto Rico-Humacao,Humacao,PR,00792,18.146589,-65.838602,https://www.upr.edu/humacao/,https://www.uprh.edu/net-price-calculator/,public,suburb,22,False,False,False,,54.8,not_considered,,,,,,,,,,2529.0,14.0,81.3,47.1,29521.0,19547.0,5364.0,5364.0,12675.0,12036.0,80.6,http://commons.wikimedia.org/wiki/Special:FilePath/UPRH%20Aerial%20View.jpg,,University of Puerto Rico at Humacao
167996,002217,Stonehill College,Easton,MA,02357-6110,42.05905,-71.080632,https://www.stonehill.edu/,https://www.stonehill.edu/offices-and-services/financial-aid/undergraduate-students/cost-of-attendance/net-price-calculator/,private_nonprofit,suburb,21,False,False,False,30.0,66.3,not_considered,,,,,,,,,,2528.0,12.0,84.0,76.0,77745.0,72714.0,57490.0,57490.0,33016.0,23605.0,17.1,http://commons.wikimedia.org/wiki/Special:FilePath/Former%20Ames%20estate%20at%20Stonehill%20College.jpg,,Stonehill College
238458,003838,Carroll University,Waukesha,WI,53186,43.004527,-88.228114,https://www.carrollu.edu/,https://www.carrollu.edu/financial-aid/net-price-calculator,private_nonprofit,city,18,False,False,False,66.0,66.8,considered_not_required,1040.0,1270.0,510.0,640.0,530.0,630.0,1190.0,21.0,27.0,2523.0,14.0,78.2,70.7,58009.0,52639.0,38890.0,38890.0,15193.0,15718.0,22.9,http://commons.wikimedia.org/wiki/Special:FilePath/College%20District.JPG,http://commons.wikimedia.org/wiki/Special:FilePath/Carroll%20univ%20textlogo.png,Carroll University
141981,021078,University of Hawaii-West Oahu,Kapolei,HI,96707-4507,21.35531,-158.056403,https://westoahu.hawaii.edu/,https://westoahu.hawaii.edu/financial-aid/net-price-calculator/,public,suburb,22,False,False,False,,95.3,considered_not_required,931.0,1103.0,473.0,575.0,458.0,528.0,985.0,15.0,21.0,2519.0,17.0,78.0,49.5,52075.0,18410.0,7584.0,20544.0,10327.0,7674.0,32.1,http://commons.wikimedia.org/wiki/Special:FilePath/University%20of%20Hawai%27i%20-%20West%20O%27ahu%283%29.jpg,http://commons.wikimedia.org/wiki/Special:FilePath/University%20of%20Hawaii%E2%80%93West%20Oahu%20logo.png,University of Hawaiʻi–West Oʻahu
176053,002415,Mississippi Christian University,Clinton,MS,39058,32.335515,-90.329821,https://www.mc.edu/,https://www.mc.edu/admissions/undergraduate/tuition/npc,private_nonprofit,suburb,17,False,False,False,75.0,29.1,considered_not_required,,,,,,,1090.0,19.0,25.0,2518.0,14.0,77.8,59.3,47485.0,41214.0,23500.0,23500.0,27712.0,25984.0,29.6,,http://commons.wikimedia.org/wiki/Special:FilePath/Mississippi%20college%20full%20logo.png,Mississippi College
240754,003935,University of Guam,Mangilao,GU,96923,13.433047,144.803978,https://www.uog.edu/,https://www.uog.edu/financial-aid/calculator,public,suburb,19,False,False,False,,,,,,,,,,,,,2515.0,14.0,76.6,36.9,35946.0,14961.0,6110.0,11414.0,8598.0,7105.0,45.3,http://commons.wikimedia.org/wiki/Special:FilePath/UOG%20Jesus%20and%20Eugenia%20Leon%20Guerrero%20Building.jpg,http://commons.wikimedia.org/wiki/Special:FilePath/University%20of%20Guam%20logo.svg,University of Guam
225502,013231,Texas A&M University-Victoria,Victoria,TX,77901,28.816248,-96.976334,https://www.tamuv.edu/,https://www.tamuv.edu/financial-aid/cost-of-attendance,public,city,18,False,False,False,,95.9,not_considered,,,,,,,,,,2513.0,15.0,65.1,26.4,54467.0,21401.0,7149.0,16989.0,8109.0,5317.0,48.9,http://commons.wikimedia.org/wiki/Special:FilePath/Uhv%20campus%20flagsWEBready.jpg,http://commons.wikimedia.org/wiki/Special:FilePath/UHV%20logo.png,Texas A&M University–Victoria
178615,002495,Truman State University,Kirksville,MO,63501-4221,40.188267,-92.581658,https://www.truman.edu/,https://www.truman.edu/admission-cost/net-price-calculator/step-1/,public,town,19,False,False,False,,83.8,considered_not_required,1170.0,1370.0,600.0,700.0,570.0,670.0,1320.0,25.0,31.0,2513.0,12.0,84.7,68.5,56280.0,25115.0,9838.0,18566.0,12780.0,6046.0,16.5,http://commons.wikimedia.org/wiki/Special:FilePath/TrumanStateEntranceEnlarged.JPG,http://commons.wikimedia.org/wiki/Special:FilePath/Truman%20state%20univ%20logo%20horiz.png,Truman State University
229267,003647,Trinity University,San Antonio,TX,78212-7200,29.462682,-98.48186,https://new.trinity.edu/,https://trinity.edu/directory/departments-offices/student-financial-services/tuition-fees,private_nonprofit,city,21,False,False,False,66.0,25.9,considered_not_required,1340.0,1500.0,680.0,750.0,660.0,750.0,1416.0,31.0,34.0,2505.0,8.0,92.9,84.0,71668.0,68224.0,53676.0,53676.0,23464.0,10356.0,18.8,http://commons.wikimedia.org/wiki/Special:FilePath/Trinity%20University%20Northrup%20Entrance.jpg,http://commons.wikimedia.org/wiki/Special:FilePath/Trinity%20univ%20textlogo.png,Trinity University
173045,002334,Augsburg University,Minneapolis,MN,55454,44.966307,-93.240436,https://www.augsburg.edu/,https://admissions.augsburg.edu/register/NPC,private_nonprofit,city,18,False,False,False,39.0,82.0,not_considered,,,,,,,,,,2494.0,14.0,72.3,51.7,58829.0,62303.0,45452.0,45452.0,23873.0,21318.0,56.1,http://commons.wikimedia.org/wiki/Special:FilePath/Augsburg%20Old%20Main.jpg,http://commons.wikimedia.org/wiki/Special:FilePath/Augsburg%20University%20wordmark.svg,Augsburg University
227845,003621,Saint Edward's University,Austin,TX,78704-6489,30.229618,-97.754998,https://www.stedwards.edu/,https://stedwards.studentaidcalculator.com/survey.aspx,private_nonprofit,city,18,False,False,False,30.0,81.4,considered_not_required,970.0,1240.0,500.0,630.0,470.0,610.0,1138.0,22.0,28.0,2493.0,12.0,79.7,62.6,58826.0,66719.0,51384.0,51384.0,25578.0,20799.0,42.4,http://commons.wikimedia.org/wiki/Special:FilePath/St%20Edwards%20University%20Nima2.JPG,,St. Edward's University
206914,003150,Cameron University,Lawton,OK,73505-6377,34.606487,-98.434163,https://www.cameron.edu/,https://www.cameron.edu/financial_aid/cost-calculators,public,city,20,False,False,False,,,,,,,,,,,,,2492.0,18.0,67.2,30.7,40118.0,19862.0,7095.0,16515.0,10912.0,8752.0,38.8,,,Cameron University
143084,001633,Augustana College,Rock Island,IL,61201-2296,41.502365,-90.55057,https://www.augustana.edu/,https://tcc.noellevitz.com/(S(2tzw1svr3ikxoegcvlbpwpef))/Augustana College/Freshman Students,private_nonprofit,city,21,False,False,False,39.0,62.7,considered_not_required,1030.0,1270.0,520.0,630.0,510.0,640.0,1165.0,21.0,29.0,2490.0,12.0,82.1,72.9,62971.0,63553.0,51598.0,51598.0,22736.0,15787.0,24.0,http://commons.wikimedia.org/wiki/Special:FilePath/Old%20Main%20Augustana.jpg,http://commons.wikimedia.org/wiki/Special:FilePath/Augustana%20College%20wordmark.svg,Augustana College
204635,003089,Ohio Northern University,Ada,OH,45810-1599,40.7662,-83.827441,https://www.onu.edu/,https://www.onu.edu/admissions-aid/financial-aid/scholarship-and-cost-calculator,private_nonprofit,town,22,False,False,False,71.0,74.4,considered_not_required,1175.0,1400.0,585.0,690.0,590.0,710.0,1252.0,24.0,29.0,2489.0,13.0,84.3,75.5,80928.0,53580.0,39800.0,39800.0,24478.0,18525.0,20.6,http://commons.wikimedia.org/wiki/Special:FilePath/Hill%20Memorial%20Building%20from%20northeast.jpg,http://commons.wikimedia.org/wiki/Special:FilePath/Ohio%20Northern%20University%20logo.svg,Ohio Northern University
175005,002342,St Catherine University,Saint Paul,MN,55105,44.924926,-93.183761,https://www.stkate.edu/,https://www.stkate.edu/admission-and-aid/net-price-calculator,private_nonprofit,city,17,False,False,True,30.0,91.8,considered_not_required,850.0,1140.0,480.0,560.0,370.0,580.0,1147.0,20.0,26.0,2473.0,9.0,80.3,61.3,59282.0,60476.0,51454.0,51454.0,19764.0,17890.0,40.1,http://commons.wikimedia.org/wiki/Special:FilePath/2009-731-MN-StKates-DerhamHall.jpg,http://commons.wikimedia.org/wiki/Special:FilePath/St%20catherine%20univ%20textlogo.png,St. Catherine University
207041,003154,East Central University,Ada,OK,74820-6999,34.771934,-96.663849,https://www.ecok.edu/,https://www.ecok.edu/current-students/paying-college/net-price-calculator.php,public,town,18,False,False,False,,58.1,considered_not_required,900.0,1120.0,460.0,560.0,440.0,560.0,1049.0,17.0,24.0,2467.0,18.0,60.6,34.4,44962.0,18459.0,8032.0,17842.0,8683.0,8151.0,45.0,http://commons.wikimedia.org/wiki/Special:FilePath/EastCentralUniv%2017July2010%20020%20%284903108530%29.jpg,http://commons.wikimedia.org/wiki/Special:FilePath/East%20central%20univ%20logo.png,East Central University
212984,003275,Holy Family University,Philadelphia,PA,19114-2009,40.060581,-74.986451,https://www.holyfamily.edu/,https://www.holyfamily.edu/admissions-aid/financial-aid/net-price-calculator,private_nonprofit,city,18,False,False,False,30.0,71.0,considered_not_required,910.0,1150.0,480.0,580.0,430.0,570.0,1060.0,,,2464.0,14.0,77.7,60.9,62235.0,40539.0,35330.0,35330.0,13143.0,9721.0,41.0,,http://commons.wikimedia.org/wiki/Special:FilePath/Hfu%20logo%20vert%20RGB%20color.jpg,Holy Family University
100812,001008,Athens State University,Athens,AL,35611,34.806793,-86.964698,https://www.athens.edu/,https://www.athens.edu/financial-aid/net-price-calculator/,public,town,22,False,False,False,,,,,,,,,,,,,2446.0,14.0,,,50273.0,,,,,,42.5,http://commons.wikimedia.org/wiki/Special:FilePath/Founders%20Hall%20Athens%20State%20Univ.jpg,,Athens State University
197133,002895,Vassar College,Poughkeepsie,NY,12604,41.686895,-73.895088,https://www.vassar.edu/,https://npc.collegeboard.org/student/app/vassar,private_nonprofit,suburb,21,False,False,False,,18.6,considered_not_required,1450.0,1550.0,730.0,770.0,720.0,780.0,1494.0,33.0,35.0,2444.0,7.0,94.9,91.1,71366.0,87419.0,71030.0,71030.0,39343.0,15953.0,19.2,http://commons.wikimedia.org/wiki/Special:FilePath/New%20England%20Building%2C%20November%202014.jpg,http://commons.wikimedia.org/wiki/Special:FilePath/Vassar%20college%20garnet%20logo.svg,Vassar College
192323,002748,Le Moyne College,Syracuse,NY,13214-1301,43.049192,-76.090435,https://www.lemoyne.edu/,https://www.lemoyne.edu/admission-financial-aid/cost-financial-aid/cost-calculator/,private_nonprofit,suburb,18,False,False,False,30.0,83.0,considered_not_required,1160.0,1330.0,580.0,670.0,580.0,660.0,1255.0,25.0,30.0,2439.0,12.0,83.5,73.1,62731.0,53183.0,40330.0,40330.0,22277.0,14535.0,31.0,http://commons.wikimedia.org/wiki/Special:FilePath/Lemoyne%20Sign.jpg,http://commons.wikimedia.org/wiki/Special:FilePath/Le%20Moyne%20College.svg,Le Moyne College
169716,002323,University of Detroit Mercy,Detroit,MI,48221-3038,42.414222,-83.139158,https://www.udmercy.edu/,https://www.udmercy.edu/admission/financial-aid/cost/netprice-calc.php,private_nonprofit,city,17,False,False,False,30.0,75.4,considered_not_required,1030.0,1260.0,520.0,630.0,510.0,630.0,1134.0,22.0,28.0,2438.0,12.0,83.5,67.2,71030.0,42211.0,32946.0,32946.0,15232.0,13088.0,26.3,http://commons.wikimedia.org/wiki/Special:FilePath/UDMLansing-ReillyHall%20detail.jpg,http://commons.wikimedia.org/wiki/Special:FilePath/University%20of%20Detroit%20Mercy%20new%20logo.svg,University of Detroit Mercy
436836,001417,University of Connecticut-Stamford,Stamford,CT,06901-2315,41.056081,-73.542206,https://stamford.uconn.edu/,https://financialaid.uconn.edu/pricecalc/,public,city,-2,False,False,False,,83.0,required,930.0,1260.0,470.0,630.0,460.0,630.0,1094.0,25.0,32.0,2432.0,21.0,81.6,56.5,73997.0,30122.0,18150.0,40818.0,16798.0,11632.0,50.7,,,University of Connecticut Stamford
147660,001734,North Central College,Naperville,IL,60540,41.77576,-88.14279,https://northcentralcollege.edu/,https://northcentralcollege.edu/financial-aid/estimate,private_nonprofit,city,20,False,False,False,71.0,77.3,considered_not_required,1055.0,1310.0,530.0,650.0,525.0,660.0,1213.0,24.0,29.0,2428.0,12.0,77.1,64.0,60123.0,57219.0,45726.0,45726.0,21044.0,12507.0,23.9,http://commons.wikimedia.org/wiki/Special:FilePath/Miley%20Swallow%20Hall.jpg,,North Central College
230995,003692,Norwich University,Northfield,VT,05663-1035,44.140237,-72.659783,https://www.norwich.edu/,https://home.norwich.edu/on/admissions-aid/financial-aid/cost-calculator,private_nonprofit,rural,18,False,False,False,,74.4,considered_not_required,1060.0,1320.0,540.0,650.0,520.0,670.0,1190.0,,,2428.0,13.0,79.3,60.2,65575.0,67357.0,49740.0,49740.0,22257.0,15610.0,24.4,http://commons.wikimedia.org/wiki/Special:FilePath/NorwichUniversityWinter.JPG,http://commons.wikimedia.org/wiki/Special:FilePath/Norwich%20univ%20textlogo.png,Norwich University
139764,001573,Georgia Southwestern State University,Americus,GA,31709-4693,32.054662,-84.217738,https://gsw.edu/,https://gsw.edu/financial-aid/files/netpricecalc2023,public,town,19,False,False,False,,75.2,considered_not_required,890.0,1110.0,460.0,570.0,430.0,540.0,978.0,16.0,22.0,2424.0,18.0,57.6,40.6,48757.0,20484.0,5220.0,16572.0,12019.0,10477.0,43.4,http://commons.wikimedia.org/wiki/Special:FilePath/Administration%20Building%2C%20Georgia%20Southwestern%20State%20University.jpg,http://commons.wikimedia.org/wiki/Special:FilePath/Georgia%20southw%20st%20univ%20logo.png,Georgia Southwestern State University
200217,002992,University of Mary,Bismarck,ND,58504,46.723767,-100.75274,https://www.umary.edu/,https://www.umary.edu/financial-aid/net-price-calculator.php,private_nonprofit,rural,17,False,False,False,30.0,75.3,considered_not_required,1110.0,1340.0,580.0,680.0,530.0,660.0,1159.0,21.0,26.0,2416.0,14.0,83.5,66.6,60909.0,33672.0,22356.0,22356.0,17770.0,11593.0,20.9,http://commons.wikimedia.org/wiki/Special:FilePath/University%20of%20Mary%20Main%20Campus.jpg,http://commons.wikimedia.org/wiki/Special:FilePath/Univ%20of%20mary%20blue%20logo.png,University of Mary
189088,002671,Bard College,Annandale-On-Hudson,NY,12504-5000,42.020386,-73.909927,https://www.bard.edu/,https://npc.collegeboard.org/student/app/bard,private_nonprofit,rural,21,False,False,False,,52.1,considered_not_required,1270.0,1450.0,650.0,750.0,620.0,700.0,1380.0,28.0,32.0,2414.0,9.0,84.6,67.6,46543.0,84553.0,66436.0,66436.0,34649.0,19012.0,16.7,http://commons.wikimedia.org/wiki/Special:FilePath/Bard%20College%20-%20IMG%207991.JPG,http://commons.wikimedia.org/wiki/Special:FilePath/Bard%20College%20Logo.png,Bard College
161086,002039,Colby College,Waterville,ME,04901-8840,44.564211,-69.66337,https://www.colby.edu/,https://npc.collegeboard.org/app/colby,private_nonprofit,town,21,False,False,False,,7.1,considered_not_required,1460.0,1550.0,720.0,760.0,740.0,790.0,1501.0,32.0,34.0,2407.0,9.0,93.7,88.8,80490.0,85420.0,69600.0,69600.0,17180.0,4049.0,14.3,http://commons.wikimedia.org/wiki/Special:FilePath/Miller%20Library%2C%20Colby%20College.jpg,http://commons.wikimedia.org/wiki/Special:FilePath/Colby%20College%20logo.svg,Colby College
212133,003259,Eastern University,Saint Davids,PA,19087-3696,40.050448,-75.370316,https://www.eastern.edu/about/student-consumer-information,https://www.eastern.edu/admissions/undergraduate/undergraduate-net-price-calculator,private_nonprofit,suburb,18,False,False,False,52.0,90.8,considered_not_required,,,,,,,,,,2404.0,21.0,65.5,54.0,51655.0,55001.0,38400.0,38400.0,26662.0,26557.0,41.9,,,Eastern University
242662,005029,Inter American University of Puerto Rico-Ponce,Mercedita,PR,00715-1602,18.007388,-66.578498,https://ponce.inter.edu/,https://www.inter.edu/NetPrice/Ponce/,private_nonprofit,rural,22,False,False,False,,33.7,not_considered,,,,,,,,,,2404.0,22.0,68.7,41.4,26721.0,16065.0,5780.0,5780.0,9026.0,8685.0,80.4,,http://commons.wikimedia.org/wiki/Special:FilePath/Logo%20Inter.JPG,Interamerican University of Puerto Rico at Ponce
243142,030160,University of Puerto Rico-Carolina,Carolina,PR,00984-4800,18.392069,-65.990165,https://www.uprc.edu/,https://www.uprc.edu/net-price-calculator/,public,suburb,22,False,False,False,,54.5,considered_not_required,809.0,1057.0,411.0,538.0,398.0,519.0,932.0,,,2404.0,20.0,71.5,37.3,30626.0,19396.0,7986.0,7986.0,12945.0,12287.0,76.0,,,University of Puerto Rico at Carolina
224226,003560,Dallas Baptist University,Dallas,TX,75211-9299,32.710017,-96.947006,https://www.dbu.edu/,https://www.dbu.edu/cashier/cost-of-attendance.html,private_nonprofit,city,17,False,False,False,54.0,88.8,considered_not_required,960.0,1213.0,490.0,620.0,470.0,593.0,1120.0,20.0,26.0,2403.0,16.0,64.4,57.0,56807.0,52716.0,40190.0,40190.0,28516.0,25326.0,23.1,http://commons.wikimedia.org/wiki/Special:FilePath/Horner%20Hall%2C%20Dallas%20Baptist%20University.jpg,http://commons.wikimedia.org/wiki/Special:FilePath/Dallas%20baptist%20univ%20simple%20logo.png,Dallas Baptist University
236230,003785,Pacific Lutheran University,Tacoma,WA,98447-0003,47.14516,-122.440421,https://www.plu.edu/,https://www.plu.edu/financial-aid/HEOA-Required-Consumer-Information/net-price-calculator.php,private_nonprofit,suburb,19,False,False,False,39.0,78.0,considered_not_required,1040.0,1260.0,540.0,660.0,500.0,600.0,1168.0,22.0,28.0,2401.0,12.0,81.9,68.6,66990.0,62459.0,52254.0,52254.0,19589.0,13609.0,35.3,http://commons.wikimedia.org/wiki/Special:FilePath/Harstad%20Hall.jpg,http://commons.wikimedia.org/wiki/Special:FilePath/Pacific%20lutheran%20univ%20logo.png,Pacific Lutheran University
141644,007279,Hawaii Pacific University,Honolulu,HI,96813,21.310306,-157.859645,https://www.hpu.edu/,https://www.hpu.edu/financial-aid/netprice-calc.html,private_nonprofit,city,18,False,False,False,,85.9,considered_not_required,998.0,1200.0,510.0,610.0,488.0,590.0,1111.0,19.0,27.0,2392.0,15.0,56.5,34.9,59593.0,50674.0,34392.0,34392.0,29657.0,25758.0,21.4,http://commons.wikimedia.org/wiki/Special:FilePath/Hawaii-Loa-College-main-building.JPG,http://commons.wikimedia.org/wiki/Special:FilePath/Hawaii%20pacific%20univ%20logo.png,Hawaii Pacific University
133711,007893,Flagler College,Saint Augustine,FL,32084,29.892733,-81.314887,https://www.flagler.edu/,https://www.flagler.edu/admissions--aid/tuition--fees/net-price-calculator/,private_nonprofit,suburb,22,False,False,False,,80.8,considered_not_required,960.0,1190.0,510.0,620.0,450.0,570.0,1084.0,19.0,25.0,2391.0,15.0,75.5,56.0,49483.0,45744.0,29900.0,29900.0,30525.0,21733.0,29.1,,http://commons.wikimedia.org/wiki/Special:FilePath/Flagler%20College%20wordmark%20%28stacked%29.svg,Flagler College
163338,002106,University of Maryland Eastern Shore,Princess Anne,MD,21853-1299,38.207386,-75.686852,https://wwwcp.umes.edu/,https://www.umes.edu/NetPriceCalculator/npcalc.htm,public,town,16,True,False,False,,96.4,not_considered,,,,,,,,,,2391.0,11.0,61.8,35.3,47697.0,25941.0,9076.0,20122.0,13338.0,9914.0,55.7,http://commons.wikimedia.org/wiki/Special:FilePath/SSC%20Rotunda%20at%20UMES%20campus.jpg,,University of Maryland Eastern Shore
142328,001621,Lewis-Clark State College,Lewiston,ID,83501-2698,46.412199,-117.024875,https://www.lcsc.edu/,https://app.meadowfi.com/lcsc,public,city,22,False,False,False,,87.7,not_considered,,,,,,,,,,2385.0,16.0,61.1,40.2,46001.0,21925.0,7610.0,22028.0,15635.0,13080.0,24.3,,http://commons.wikimedia.org/wiki/Special:FilePath/Lewis%E2%80%93Clark%20State%20College%20logo.svg,Lewis–Clark State College
202523,003042,Denison University,Granville,OH,43023,40.071505,-82.523272,https://www.denison.edu/,https://www.denison.edu/forms/net-price-calculator,private_nonprofit,suburb,21,False,False,False,,17.4,considered_not_required,1320.0,1490.0,660.0,730.0,660.0,760.0,1410.0,30.0,33.0,2380.0,9.0,88.5,78.9,67753.0,81900.0,67000.0,67000.0,40007.0,16656.0,12.6,http://commons.wikimedia.org/wiki/Special:FilePath/SwaseyObservatoryChapelDenisonUniversity.jpg,http://commons.wikimedia.org/wiki/Special:FilePath/Denison%20University%20logo.svg,Denison University
218070,003434,Furman University,Greenville,SC,29613-6162,34.924676,-82.440458,https://www.furman.edu/,https://collegepricecalculator.com/furmanuniversity,private_nonprofit,suburb,21,False,False,False,,43.0,considered_not_required,1260.0,1430.0,650.0,720.0,610.0,710.0,1371.0,28.0,32.0,2379.0,10.0,90.6,78.8,68635.0,76798.0,59770.0,59770.0,30308.0,16401.0,13.2,http://commons.wikimedia.org/wiki/Special:FilePath/Greenville%20County%2C%20SC%2C%20USA%20-%20panoramio%20%281%29.jpg,,Furman University
214689,003329,Pennsylvania State University-Penn State Altoona,Altoona,PA,16601-3777,40.541759,-78.409601,https://altoona.psu.edu/,https://tuition.psu.edu/student-tuition-calculators,public,city,-2,False,False,False,,98.1,considered_not_required,1070.0,1290.0,530.0,650.0,540.0,640.0,1187.0,22.0,28.0,2367.0,13.0,79.5,16.5,63435.0,32559.0,15972.0,26958.0,22213.0,16017.0,29.4,,http://commons.wikimedia.org/wiki/Special:FilePath/Penn%20state%20altoona%20simplelogo.svg,Penn State Altoona
212601,003266,Gannon University,Erie,PA,16541-0001,42.128403,-80.087166,https://www.gannon.edu/,https://www.gannon.edu/tuition-and-financial-aid/net-price-calculator/,private_nonprofit,city,17,False,False,False,30.0,74.2,not_considered,,,,,,,,,,2365.0,11.0,76.2,66.4,58845.0,52869.0,40656.0,40656.0,22553.0,18489.0,23.8,http://commons.wikimedia.org/wiki/Special:FilePath/Gannon.jpg,http://commons.wikimedia.org/wiki/Special:FilePath/Gannon%20university%20logo.png,Gannon University
175342,002396,Alcorn State University,Alcorn State,MS,39096-7500,31.877216,-91.142854,https://www.alcorn.edu/,https://nces.ed.gov/collegenavigator/?q=alcorn+state+university&s=all&id=175342,public,rural,20,True,False,False,,45.3,required,670.0,998.0,400.0,513.0,270.0,485.0,904.0,15.0,19.0,2363.0,16.0,76.6,57.4,36421.0,23751.0,8785.0,8785.0,13265.0,12613.0,69.8,,,Alcorn State University
490133,042496,Westcliff University,Irvine,CA,92614,33.685537,-117.847973,https://www.westcliff.edu/,https://www.westcliff.edu/financial-aid/net-price-calculator/,private_for_profit,city,29,False,False,False,,73.2,not_considered,,,,,,,,,,2363.0,11.0,71.6,62.2,,44210.0,17670.0,17670.0,35426.0,24253.0,6.0,,,Westcliff University
151333,001814,Indiana University-Kokomo,Kokomo,IN,46902-9003,40.460062,-86.132048,https://kokomo.iu.edu/,https://iuia.iu.edu/compliance-reports/campus-net-price-calc/index.html,public,city,20,False,False,False,,86.5,considered_not_required,960.0,1150.0,490.0,580.0,470.0,570.0,1065.0,21.0,27.0,2352.0,15.0,69.3,45.6,49917.0,11837.0,8424.0,22811.0,3968.0,-583.0,33.4,,,Indiana University Kokomo
237792,003822,Shepherd University,Shepherdstown,WV,25443,39.433071,-77.804101,https://www.shepherd.edu/,https://shepherd.clearcostcalculator.com/student/default/netpricecalculator/survey,public,rural,20,False,False,False,,96.8,considered_not_required,878.0,1140.0,468.0,600.0,410.0,540.0,1034.0,19.0,24.0,2344.0,17.0,71.4,51.0,49358.0,19601.0,9056.0,19082.0,11363.0,7906.0,29.4,http://commons.wikimedia.org/wiki/Special:FilePath/Shepherds%20Town-Pa%20Shepherd%20State%20Teachers%20College-1.jpg,http://commons.wikimedia.org/wiki/Special:FilePath/Sheph%20university%20brand%20logo.png,Shepherd University
215442,003357,Point Park University,Pittsburgh,PA,15222-1984,40.438768,-80.002061,https://www.pointpark.edu/,https://www.pointpark.edu/admissions/tuitioncosts/netpricecalc,private_nonprofit,city,17,False,False,False,,96.9,not_considered,,,,,,,,,,2331.0,12.0,73.9,58.5,45856.0,52643.0,39570.0,39570.0,25942.0,22436.0,38.7,http://commons.wikimedia.org/wiki/Special:FilePath/Lawrence%20Hall.jpg,http://commons.wikimedia.org/wiki/Special:FilePath/Point%20park%20univ%20logo.png,Point Park University
152567,001839,Trine University,Angola,IN,46703-1764,41.632502,-85.008009,https://www.trine.edu/,https://www.trine.edu/admission-aid/tuition-aid/trine-net-price-calculator.aspx,private_nonprofit,town,22,False,False,False,,85.5,not_considered,,,,,,,,,,2324.0,16.0,79.9,64.4,57165.0,51109.0,36560.0,36560.0,25355.0,19661.0,15.6,,http://commons.wikimedia.org/wiki/Special:FilePath/Trine%20univ%20textlogo.png,Trine University
175078,002375,Southwest Minnesota State University,Marshall,MN,56258-5468,44.45373,-95.759548,https://www.smsu.edu/,https://www.minnstate.edu/admissions/calculator/southwestmsu.html?_ga=2.135537657.998509588.1537211262-179850922.1537211262,public,town,18,False,False,False,,62.2,considered_not_required,,,,,,,1050.0,16.0,23.0,2315.0,16.0,73.7,45.1,51342.0,24757.0,10361.0,10361.0,15291.0,10559.0,12.1,http://commons.wikimedia.org/wiki/Special:FilePath/SMSU%20student%20center.JPG,http://commons.wikimedia.org/wiki/Special:FilePath/Southwest%20msu%20logo.svg,Southwest Minnesota State University
152318,001830,Rose-Hulman Institute of Technology,Terre Haute,IN,47803-3920,39.483602,-87.326749,https://www.rose-hulman.edu/,https://tiny.cc/rhit_npc,private_nonprofit,city,28,False,False,False,,76.9,considered_not_required,1320.0,1500.0,650.0,730.0,670.0,770.0,1427.0,29.0,34.0,2309.0,12.0,91.7,78.2,101253.0,77890.0,58649.0,58649.0,42513.0,36843.0,11.8,http://commons.wikimedia.org/wiki/Special:FilePath/Percopo.jpg,http://commons.wikimedia.org/wiki/Special:FilePath/Rose-Hulman%20logo%202016.png,Rose–Hulman Institute of Technology
179894,002521,Webster University,Saint Louis,MO,63119-3194,38.588875,-90.345151,https://www.webster.edu/,https://www.webster.edu/admissions/net-price-calculator.php,private_nonprofit,suburb,18,False,False,False,,86.2,considered_not_required,1110.0,1310.0,580.0,660.0,530.0,650.0,1102.0,18.0,25.0,2304.0,16.0,68.7,64.4,50876.0,51188.0,31750.0,31750.0,27047.0,22359.0,28.8,http://commons.wikimedia.org/wiki/Special:FilePath/Webster%20University%27s%20Webster%20Hall%20-%202012.JPG,http://commons.wikimedia.org/wiki/Special:FilePath/Webster%20University%20Logo.svg,Webster University
168218,002224,Wellesley College,Wellesley,MA,02481-8203,42.291554,-71.306605,https://www.wellesley.edu/,https://npc.collegeboard.org/student/app/wellesley,private_nonprofit,suburb,21,False,False,True,,14.1,considered_not_required,1460.0,1560.0,730.0,770.0,730.0,790.0,1520.0,33.0,35.0,2300.0,7.0,96.5,91.5,84803.0,86290.0,67176.0,67176.0,25496.0,2546.0,21.1,http://commons.wikimedia.org/wiki/Special:FilePath/Green%20Hall%2C%20Wellesley%20College%2C%20Wellesley%20MA.jpg,http://commons.wikimedia.org/wiki/Special:FilePath/Formal%20Logo%20of%20Wellesley%20College%2C%20Wellesley%2C%20MA%2C%20USA.svg,Wellesley College
137546,001531,Stetson University,DeLand,FL,32723,29.035475,-81.300746,https://www.stetson.edu/,https://www.stetson.edu/administration/financial-aid/net-price-calculator.php,private_nonprofit,city,18,False,False,False,,71.6,considered_not_required,1060.0,1270.0,540.0,660.0,520.0,610.0,1176.0,21.0,28.0,2297.0,10.0,78.2,62.3,51642.0,72533.0,57410.0,57410.0,19372.0,15931.0,37.2,http://commons.wikimedia.org/wiki/Special:FilePath/DeLand%20Hall%20on%20Stetson%20U%20campus1.jpg,http://commons.wikimedia.org/wiki/Special:FilePath/Stetson%20University%20logo.png,Stetson University
110413,001133,California Lutheran University,Thousand Oaks,CA,91360-2787,34.224566,-118.878924,https://www.callutheran.edu/,https://www.callutheran.edu/financial-aid/tuition-fees/net-price-calculator.html,private_nonprofit,city,18,False,False,False,39.0,75.7,considered_not_required,1150.0,1330.0,590.0,670.0,560.0,660.0,1266.0,24.0,31.0,2296.0,13.0,78.8,69.6,68712.0,68426.0,52560.0,52560.0,30109.0,22161.0,31.1,,http://commons.wikimedia.org/wiki/Special:FilePath/California%20Lutheran%20University%20logo%20starting%202014.png,California Lutheran University
458973,001459,Strayer University-Texas,Farmers Branch,TX,75234,32.910744,-96.887509,https://www.strayer.edu/campus-locations,https://strayer.aidcalc.cloud/netprice.htm,private_for_profit,suburb,29,False,False,False,,,,,,,,,,,,,2293.0,47.0,100.0,25.0,40092.0,,13920.0,13920.0,,,79.3,,,
243212,009652,University of Puerto Rico at Ponce,Ponce,PR,00716-9996,17.993314,-66.606215,https://www.uprp.edu/,https://www.uprp.edu/articulos/rectoria/opei/netpricecalculator/,public,city,22,False,False,False,,52.4,not_considered,,,,,,,,,,2278.0,22.0,73.0,46.2,31394.0,17193.0,5354.0,5354.0,10990.0,10114.0,82.6,http://commons.wikimedia.org/wiki/Special:FilePath/Universidad%20de%20Puerto%20Rico%20en%20Ponce%2C%20Ponce%20Bypass%20%28PR-2%29%20y%20PR-12%2C%20Bo.%20Playa%2C%20Ponce%2C%20Puerto%20Rico%2C%20mirando%20al%20suroeste%20%28DSC02050%29.jpg,,University of Puerto Rico at Ponce
197045,002883,Utica University,Utica,NY,13502-4892,43.096213,-75.272916,https://www.utica.edu/,https://www.utica.edu/tuition-and-financial-aid/net-price-calculator,private_nonprofit,city,18,False,False,False,,92.0,considered_not_required,990.0,1250.0,480.0,660.0,510.0,590.0,1110.0,,,2278.0,12.0,70.7,56.2,63277.0,37205.0,26930.0,26930.0,19108.0,13290.0,33.4,,http://commons.wikimedia.org/wiki/Special:FilePath/Utica%20University%20logo.svg,Utica University
203368,003050,John Carroll University,University Heights,OH,44118-4538,41.490259,-81.531224,https://jcu.edu/,https://collegepricecalculator.com/johncarrolluniversity,private_nonprofit,suburb,18,False,False,False,30.0,80.9,considered_not_required,1180.0,1330.0,600.0,660.0,580.0,670.0,1298.0,25.0,32.0,2274.0,13.0,82.9,78.5,62860.0,65827.0,50500.0,50500.0,28746.0,19945.0,20.6,http://commons.wikimedia.org/wiki/Special:FilePath/Administration%20Building%20%28Saint%20Ignatius%20Hall%29%2C%20John%20Carroll%20University%2C%20University%20Heights%2C%20OH%20-%2052997610328.jpg,http://commons.wikimedia.org/wiki/Special:FilePath/Jcu%20university%20logo.png,John Carroll University
212009,003253,Dickinson College,Carlisle,PA,17013-2896,40.202796,-77.197854,https://www.dickinson.edu/,https://npc.collegeboard.org/student/app/dickinson,private_nonprofit,city,21,False,False,False,,42.1,considered_not_required,1310.0,1460.0,670.0,740.0,640.0,720.0,1391.0,30.0,33.0,2273.0,11.0,92.0,79.8,70204.0,82902.0,65650.0,65650.0,37607.0,40755.0,12.8,http://commons.wikimedia.org/wiki/Special:FilePath/Dickinson%20College%2018.jpg,http://commons.wikimedia.org/wiki/Special:FilePath/Dickinson%20college%20wmark.png,Dickinson College
154712,010256,Benedictine College,Atchison,KS,66002-1499,39.573079,-95.113858,https://www.benedictine.edu/,https://www.benedictine.edu/calculator,private_nonprofit,town,22,False,False,False,30.0,98.1,considered_not_required,1140.0,1380.0,570.0,690.0,570.0,690.0,1252.0,22.0,29.0,2272.0,16.0,83.2,61.6,53175.0,52206.0,36350.0,36350.0,27891.0,22032.0,18.8,http://commons.wikimedia.org/wiki/Special:FilePath/EARLY%20MORNING%20VIEW%20OF%20THE%20MISSOURI%20RIVER%20FROM%20THE%20ABBEY%20OF%20BENEDICTINE%20COLLEGE%20AT%20ATCHISON%2C%20KANSAS.%20THE%20ABBEY%20IS...%20-%20NARA%20-%20557091.jpg,,Benedictine College
466930,006385,Chamberlain University-Texas,Houston,TX,77041,29.838386,-95.560414,https://www.chamberlain.edu/,https://www.chamberlain.edu/admissions/financial-aid-scholarships/calculator,private_for_profit,city,26,False,False,False,,83.9,considered_not_required,,,,,,,,,,2270.0,10.0,60.9,25.0,92405.0,38480.0,20380.0,20380.0,32209.0,29084.0,53.7,,,
151786,001821,Marian University,Indianapolis,IN,46222-1997,39.813233,-86.202643,https://www.marian.edu/,https://www.marian.edu/admissions/tuition-and-fees,private_nonprofit,city,17,False,False,False,30.0,95.5,not_considered,,,,,,,,,,2266.0,13.0,75.9,67.2,58759.0,56258.0,40664.0,40664.0,24018.0,23195.0,28.5,,http://commons.wikimedia.org/wiki/Special:FilePath/Marian%20University%20Logo.png,Marian University
148654,009333,University of Illinois Springfield,Springfield,IL,62703-5407,39.729524,-89.616796,https://www.uis.edu/,https://www.uis.edu/sites/default/files/calculator/npcalc.htm,public,city,18,False,False,False,,85.9,considered_not_required,940.0,1200.0,480.0,610.0,460.0,590.0,1102.0,21.0,27.0,2263.0,13.0,74.8,53.2,57103.0,25521.0,12252.0,22017.0,9833.0,5778.0,37.4,http://commons.wikimedia.org/wiki/Special:FilePath/University%20of%20Illinois%20at%20Springfield%20campus%2C%20outside%20commons%20area-2009.jpg,,University of Illinois Springfield
213996,003298,Messiah University,Mechanicsburg,PA,17055,40.156579,-76.988269,https://www.messiah.edu/,https://www.messiah.edu/ug-fin-aid/pages/net_price_calculator,private_nonprofit,suburb,18,False,False,False,42.0,79.0,considered_not_required,1110.0,1350.0,570.0,680.0,540.0,670.0,1236.0,26.0,31.0,2259.0,12.0,88.6,75.0,54064.0,55875.0,42240.0,42240.0,26502.0,19393.0,19.6,http://commons.wikimedia.org/wiki/Special:FilePath/High-center.jpg,http://commons.wikimedia.org/wiki/Special:FilePath/Messiah%20univ%20textlogo.png,Messiah University
237312,003818,University of Charleston,Charleston,WV,25304,38.333367,-81.616244,https://www.ucwv.edu/,https://www.ucwv.edu/admissions/financial-aid/net-price-calculator/,private_nonprofit,city,17,False,False,False,,61.5,not_considered,,,,,,,,,,2259.0,15.0,74.8,45.6,55774.0,46470.0,33800.0,33800.0,22107.0,21427.0,31.4,http://commons.wikimedia.org/wiki/Special:FilePath/University-of-Charleston.jpg,http://commons.wikimedia.org/wiki/Special:FilePath/UCharleston%20logo.png,University of Charleston
205443,009942,Shawnee State University,Portsmouth,OH,45662,38.730867,-82.993769,https://www.shawnee.edu/,https://www.shawnee.edu/net-price-calculator/,public,town,20,False,False,False,,,,,,,,,,,,,2247.0,12.0,72.0,48.1,39596.0,21974.0,10626.0,17358.0,14381.0,12310.0,38.6,http://commons.wikimedia.org/wiki/Special:FilePath/Clark%20Memorial%20Library.JPG,,Shawnee State University
139144,001554,Berry College,Mount Berry,GA,30149,34.290414,-85.189202,https://www.berry.edu/,https://www.berry.edu/npc,private_nonprofit,suburb,20,False,False,False,,64.0,considered_not_required,1125.0,1330.0,580.0,680.0,545.0,650.0,1220.0,22.0,28.0,2245.0,12.0,83.5,69.5,53800.0,56697.0,41686.0,41686.0,22320.0,18189.0,26.8,http://commons.wikimedia.org/wiki/Special:FilePath/Mary%20Hall%20at%20Berry%20College.jpg,http://commons.wikimedia.org/wiki/Special:FilePath/Berry%20college%20logofull.png,Berry College
197018,011189,United Talmudical Seminary,Brooklyn,NY,11211,40.705687,-73.959113,https://utsny.edu/,https://utsny.edu/NetPriceCalculator/npcalc.htm,private_nonprofit,city,24,False,True,False,80.0,,,,,,,,,,,,2241.0,15.0,90.8,58.1,25113.0,22754.0,15000.0,15000.0,6640.0,6446.0,87.4,http://commons.wikimedia.org/wiki/Special:FilePath/Satmer%20Yeshiva.jpg,,United Talmudical Seminary
155025,001927,Emporia State University,Emporia,KS,66801-5415,38.414784,-96.179021,https://www.emporia.edu/,https://www.emporia.edu/financial-aid/financial-information-consumers/net-price-calculator-tool/,public,town,18,False,False,False,,97.7,considered_not_required,,,,,,,1120.0,18.0,24.0,2239.0,16.0,76.8,56.1,47601.0,21967.0,7106.0,15419.0,16261.0,11452.0,34.5,http://commons.wikimedia.org/wiki/Special:FilePath/Plumb%20Administration%20Building.JPG,http://commons.wikimedia.org/wiki/Special:FilePath/Emporia%20State%20University%20wordmark.svg,Emporia State University
202763,003045,The University of Findlay,Findlay,OH,45840-3653,41.053344,-83.652313,https://www.findlay.edu/,https://app.meadowfi.com/findlay,private_nonprofit,town,17,False,False,False,57.0,83.4,not_considered,,,,,,,,,,2223.0,12.0,73.7,57.9,56996.0,54580.0,41164.0,41164.0,27221.0,22052.0,14.7,http://commons.wikimedia.org/wiki/Special:FilePath/The%20University%20of%20Findlay%20%E2%80%93%20Old%20Main.jpg,http://commons.wikimedia.org/wiki/Special:FilePath/University%20of%20Findlay%20logo.png,University of Findlay
242635,005026,Inter American University of Puerto Rico-Arecibo,Arecibo,PR,00614,18.47509,-66.75901,https://www.arecibo.inter.edu/,https://www.arecibo.inter.edu/npc,private_nonprofit,city,19,False,False,False,,38.2,not_considered,,,,,,,,,,2220.0,26.0,71.3,38.9,24539.0,16625.0,5780.0,5780.0,9217.0,8897.0,77.1,,,
178387,002490,Missouri Western State University,Saint Joseph,MO,64507,39.7575,-94.785643,https://www.missouriwestern.edu/,https://forms.missouriwestern.edu/finaid/npcalc010.html,public,city,20,False,False,False,,,,,,,,,,,,,2219.0,15.0,53.8,38.5,42647.0,21595.0,10306.0,20866.0,13251.0,11243.0,28.4,http://commons.wikimedia.org/wiki/Special:FilePath/Mwsu-grounds.jpg,,Missouri Western State University
212805,003269,Grove City College,Grove City,PA,16127-2104,41.1558,-80.081481,https://www.gcc.edu/,https://www.gcc.edu/calculator,private_nonprofit,town,22,False,False,False,88.0,72.3,considered_not_required,1141.0,1388.0,583.0,703.0,558.0,685.0,1272.0,23.0,31.0,2216.0,13.0,88.3,83.2,,,21700.0,21700.0,,,0.0,http://commons.wikimedia.org/wiki/Special:FilePath/Grove%20City%20College%20Campus.jpg,http://commons.wikimedia.org/wiki/Special:FilePath/Grove%20city%20college%20penn%20logo.png,Grove City College
165334,002139,Clark University,Worcester,MA,01610-1477,42.249987,-71.823356,https://www.clarku.edu/,https://www.clarku.edu/offices/financial-aid/prospective-students/u-s-students/,private_nonprofit,city,16,False,False,False,,39.5,considered_not_required,1288.0,1460.0,658.0,740.0,630.0,720.0,1370.0,30.0,33.0,2214.0,8.0,86.2,76.9,62381.0,68432.0,58867.0,58867.0,28714.0,18188.0,23.1,http://commons.wikimedia.org/wiki/Special:FilePath/JonasClarkBuilding.JPG,http://commons.wikimedia.org/wiki/Special:FilePath/Clark%20University%20wordmark.svg,Clark University
137476,001468,St. Thomas University,Miami Gardens,FL,33054-6459,25.922071,-80.253273,https://www.stu.edu/,https://www.stu.edu/financial-aid/net-price-calculators/,private_nonprofit,suburb,17,False,False,False,30.0,97.9,not_considered,,,,,,,,,,2214.0,17.0,56.6,48.1,54272.0,51205.0,34770.0,34770.0,26312.0,24657.0,27.0,,http://commons.wikimedia.org/wiki/Special:FilePath/STU%20Logo%20Letters.png,St. Thomas University
132471,001466,Barry University,Miami,FL,33161-6695,25.878908,-80.198925,https://www.barry.edu/,https://www.barry.edu/netpricecalculator/,private_nonprofit,suburb,17,False,False,False,30.0,77.2,not_considered,,,,,,,,,,2212.0,7.0,63.4,37.9,55966.0,50778.0,34350.0,34350.0,22613.0,20804.0,39.1,,http://commons.wikimedia.org/wiki/Special:FilePath/Barry%20university%20florida%20logo.png,Barry University
460349,003404,Johnson & Wales University-Online,Providence,RI,02903,41.819956,-71.41277,https://online.jwu.edu/?_ga=2.36357734.752362341.1629739669-391300583.1600981500,https://online.jwu.edu/net-price-calculator,private_nonprofit,city,18,False,False,False,,91.0,not_considered,,,,,,,,,,2202.0,13.0,52.2,0.0,43418.0,26864.0,13365.0,13365.0,20252.0,19916.0,36.2,,,
176479,002447,William Carey University,Hattiesburg,MS,39401,31.305264,-89.291815,https://www.wmcarey.edu/,https://wmcarey.clearcostcalculator.com/student/default/netpricecalculator/survey,private_nonprofit,city,17,False,False,False,54.0,60.3,required,1040.0,1290.0,540.0,690.0,500.0,600.0,1122.0,19.0,25.0,2201.0,14.0,77.9,59.8,43087.0,29651.0,15480.0,15480.0,14258.0,12224.0,27.1,,,William Carey University
201104,003012,Ashland University,Ashland,OH,44805,40.861755,-82.321061,https://www.ashland.edu/,https://www.ashland.edu/form/cost-of-attendance-calculator,private_nonprofit,town,18,False,False,False,28.0,76.4,considered_not_required,1035.0,1208.0,505.0,610.0,530.0,598.0,1120.0,20.0,25.0,2199.0,14.0,76.5,60.6,52928.0,43434.0,31210.0,31210.0,21988.0,16489.0,28.8,http://commons.wikimedia.org/wiki/Special:FilePath/Ashland%20University%20view%20in%20Ashland%20Ohio.jpg,,Ashland University
238616,003842,Concordia University-Wisconsin,Mequon,WI,53097-2402,43.253387,-87.91552,https://www.cuw.edu/,https://cuw.studentaidcalculator.com/survey.aspx,private_nonprofit,suburb,17,False,False,False,68.0,78.2,considered_not_required,,,,,,,1190.0,22.0,28.0,2197.0,11.0,78.1,68.3,56075.0,53315.0,35470.0,35470.0,36201.0,34991.0,26.7,http://commons.wikimedia.org/wiki/Special:FilePath/CUW%20Pharmacy%20School.jpg,http://commons.wikimedia.org/wiki/Special:FilePath/Concordia%20univ%20wis%20textlogo.png,Concordia University Wisconsin
190044,002699,Clarkson University,Potsdam,NY,13699,44.662716,-74.999359,https://www.clarkson.edu/,https://www.clarkson.edu/net-price-calculator,private_nonprofit,town,16,False,False,False,,77.4,considered_not_required,1200.0,1390.0,590.0,690.0,610.0,700.0,1304.0,25.0,32.0,2196.0,13.0,84.8,74.9,89696.0,79022.0,59398.0,59398.0,30305.0,21335.0,21.6,http://commons.wikimedia.org/wiki/Special:FilePath/OldMain%282009%29.jpg,http://commons.wikimedia.org/wiki/Special:FilePath/Clarkson-university-logo-green.png,Clarkson University
213987,003297,Mercyhurst University,Erie,PA,16546,42.10578,-80.053412,https://www.mercyhurst.edu/,https://mercyhurst.edu/npc,private_nonprofit,city,19,False,False,False,30.0,81.0,not_considered,,,,,,,,,,2191.0,14.0,79.8,60.2,47452.0,59557.0,45770.0,45770.0,19444.0,22626.0,31.3,,http://commons.wikimedia.org/wiki/Special:FilePath/Mercyhurst%20univ%20text%20logo.png,Mercyhurst University
208646,003193,Eastern Oregon University,La Grande,OR,97850,45.319795,-118.092495,https://www.eou.edu/,https://static.eou.edu/net-price-calc/,public,town,20,False,False,False,,98.3,not_considered,,,,,,,,,,2172.0,14.0,71.5,43.0,50112.0,26718.0,11076.0,25431.0,17148.0,12563.0,34.8,http://commons.wikimedia.org/wiki/Special:FilePath/Ackerman%20Hall%20%28Union%20County%2C%20Oregon%20scenic%20images%29%20%28uniDB0428%29.jpg,http://commons.wikimedia.org/wiki/Special:FilePath/Eastern%20oreg%20univ%20logo.png,Eastern Oregon University
166939,002192,Mount Holyoke College,South Hadley,MA,01075-1489,42.25489,-72.573916,https://www.mtholyoke.edu/,https://npc.collegeboard.org/app/mtholyoke,private_nonprofit,suburb,21,False,False,True,,36.0,considered_not_required,1380.0,1530.0,710.0,760.0,670.0,770.0,1463.0,32.0,35.0,2169.0,9.0,88.6,84.4,58418.0,84926.0,67018.0,67018.0,26441.0,10882.0,21.9,http://commons.wikimedia.org/wiki/Special:FilePath/Commencement-day%20scene%20at%20Mount%20Holyoke%20College%2C%20a%20private%20women%27s%20liberal%20arts%20college%20in%20South%20Hadley%2C%20Massachusetts%2C%20by%20Carol%20M.%20Highsmith%2C%202019%2C%20from%20the%20Library%20of%20Congress%20-%20master-pnp-highsm-57700-57718a.jpg,,Mount Holyoke College
216278,003369,Susquehanna University,Selinsgrove,PA,17870-1025,40.797502,-76.875329,https://www.susqu.edu/,https://www.susqu.edu/admission-and-aid/tuition-and-financial-aid/net-price-calculator,private_nonprofit,town,21,False,False,False,39.0,81.4,considered_not_required,1100.0,1300.0,560.0,660.0,540.0,640.0,1232.0,21.0,29.0,2163.0,13.0,86.3,81.7,61723.0,75410.0,59850.0,59850.0,28819.0,19757.0,24.9,http://commons.wikimedia.org/wiki/Special:FilePath/Swsb.jpg,http://commons.wikimedia.org/wiki/Special:FilePath/Susquehanna%20University%20logo.png,Susquehanna University
156286,001954,Bellarmine University,Louisville,KY,40205-0671,38.219279,-85.704997,https://www.bellarmine.edu/,https://www.shoppingsheet.com/shopping/landing/bellarmine,private_nonprofit,city,17,False,False,False,30.0,86.1,considered_not_required,1030.0,1250.0,510.0,630.0,520.0,620.0,1210.0,23.0,28.0,2161.0,12.0,75.1,64.4,62069.0,61691.0,48770.0,48770.0,21499.0,18430.0,30.7,,http://commons.wikimedia.org/wiki/Special:FilePath/BellarmineWaterMark.png,Bellarmine University
235167,008155,The Evergreen State College,Olympia,WA,98505-0001,47.07382,-122.977492,https://www.evergreen.edu/,https://www.evergreen.edu/admissions-and-aid/cost-attendance/net-price-calculator,public,suburb,19,False,False,False,,96.4,considered_not_required,1035.0,1253.0,540.0,663.0,495.0,590.0,1216.0,23.0,29.0,2160.0,17.0,69.9,40.7,45320.0,28477.0,9264.0,31905.0,24319.0,22079.0,41.6,http://commons.wikimedia.org/wiki/Special:FilePath/Evergreen%20clocktower.jpg,,Evergreen State College
141565,001611,University of Hawaii at Hilo,Hilo,HI,96720-4091,19.701189,-155.080847,https://hilo.hawaii.edu/,https://hilo.hawaii.edu/financialaid/netprice/,public,town,17,False,False,False,,60.6,considered_not_required,945.0,1175.0,490.0,610.0,455.0,565.0,1028.0,15.0,22.0,2160.0,11.0,72.8,48.4,47856.0,21173.0,7838.0,20798.0,11856.0,8983.0,40.4,,http://commons.wikimedia.org/wiki/Special:FilePath/University%20of%20Hawaii%20at%20Hilo%20logo.png,University of Hawaiʻi at Hilo
204936,003110,Otterbein University,Westerville,OH,43081,40.125327,-82.936444,https://www.otterbein.edu/,https://www.otterbein.edu/financial-aid/financial-aid-estimator/,private_nonprofit,suburb,19,False,False,False,71.0,84.5,considered_not_required,,,,,,,1220.0,22.0,28.0,2157.0,12.0,79.9,67.9,53313.0,48321.0,35548.0,35548.0,19237.0,12458.0,30.6,http://commons.wikimedia.org/wiki/Special:FilePath/Towers%20Hall%20%E2%80%94%20Otterbein%20University.jpg,http://commons.wikimedia.org/wiki/Special:FilePath/Otterbein%20univ%20textlogo.png,Otterbein University
159416,002013,Louisiana State University-Shreveport,Shreveport,LA,71115-2399,32.428465,-93.70561,https://www.lsus.edu/,https://www.lsus.edu/costs-and-aid/net-price-calculator,public,city,18,False,False,False,,50.5,considered_not_required,1000.0,1195.0,515.0,605.0,485.0,590.0,1090.0,18.0,24.0,2153.0,30.0,83.2,37.5,47477.0,19461.0,7518.0,7518.0,7022.0,5680.0,38.6,http://commons.wikimedia.org/wiki/Special:FilePath/LSU-S%20building%20IMG%201565.JPG,http://commons.wikimedia.org/wiki/Special:FilePath/LSUShreveport%20logo.png,Louisiana State University Shreveport
210775,003233,Alvernia University,Reading,PA,19607-1799,40.310028,-75.936754,https://www.alvernia.edu/,https://www.alvernia.edu/tuition-residential-costs,private_nonprofit,city,17,False,False,False,30.0,58.1,considered_not_required,1093.0,1286.0,570.0,658.0,523.0,628.0,1170.0,,,2152.0,14.0,72.0,55.5,55055.0,57565.0,45000.0,45000.0,28138.0,23436.0,36.2,,,Alvernia University
101709,001004,University of Montevallo,Montevallo,AL,35115-6000,33.10625,-86.865099,https://www.montevallo.edu/,https://www.montevallo.edu/NetPriceCalculator/,public,town,19,False,False,False,,53.8,not_considered,,,,,,,,,,2151.0,13.0,72.8,54.1,42957.0,27398.0,13948.0,26968.0,17683.0,14471.0,32.4,http://commons.wikimedia.org/wiki/Special:FilePath/The%20University%20of%20Montevallo%20campus.jpg,http://commons.wikimedia.org/wiki/Special:FilePath/University%20of%20Montevallo%20logo.svg,University of Montevallo
130590,001414,Trinity College,Hartford,CT,06106-3100,41.747451,-72.690882,https://www.trincoll.edu/,https://npc.collegeboard.org/app/trinitycollege,private_nonprofit,city,21,False,False,False,,29.2,considered_not_required,1298.0,1470.0,658.0,740.0,640.0,730.0,1415.0,30.0,34.0,2146.0,9.0,90.0,83.8,90779.0,87840.0,70770.0,70770.0,34832.0,11054.0,13.8,http://commons.wikimedia.org/wiki/Special:FilePath/Trincollchapel.jpg,http://commons.wikimedia.org/wiki/Special:FilePath/Trinity%20College%20Connecticut.svg,Trinity College
186432,002638,Saint Peter's University,Jersey City,NJ,07306-5997,40.727105,-74.071541,https://www.saintpeters.edu/,https://www.saintpeters.edu/enrollment-services/student-financial-aid/calculators/,private_nonprofit,city,18,False,False,False,30.0,90.3,not_considered,,,,,,,,,,2135.0,12.0,71.8,58.3,57815.0,50272.0,42552.0,42552.0,12199.0,10783.0,52.0,http://commons.wikimedia.org/wiki/Special:FilePath/Saint%20Peter%27s%20University%2C%20Jersey%20City%2C%20New%20Jersey%2C%20US.jpg,,Saint Peter's University
161457,002050,University of New England,Biddeford,ME,04005-9599,43.458591,-70.38535,https://www.une.edu/,https://www.une.edu/sfs/undergraduate/costs,private_nonprofit,suburb,16,False,False,False,,91.6,not_considered,,,,,,,,,,2135.0,11.0,79.4,68.3,55921.0,63245.0,44210.0,44210.0,38107.0,31371.0,11.8,http://commons.wikimedia.org/wiki/Special:FilePath/Portland%20Campus%20for%20the%20Health%20Sciences%20aerial.jpg,http://commons.wikimedia.org/wiki/Special:FilePath/University%20of%20New%20England%2C%20Maine%20logo.png,University of New England
173902,002358,Macalester College,Saint Paul,MN,55105-1899,44.938565,-93.168053,https://www.macalester.edu/,https://www.macalester.edu/financialaid/estimate/,private_nonprofit,city,21,False,False,False,66.0,28.5,considered_not_required,1350.0,1510.0,680.0,750.0,670.0,760.0,1440.0,30.0,34.0,2131.0,10.0,92.3,87.1,63878.0,82991.0,68104.0,68104.0,32149.0,13772.0,17.2,http://commons.wikimedia.org/wiki/Special:FilePath/Macalester%20Old%20Main.jpg,http://commons.wikimedia.org/wiki/Special:FilePath/Macalester%20College%20Logo.png,Macalester College
210739,003986,DeSales University,Center Valley,PA,18034-9568,40.539091,-75.375608,https://www.desales.edu/,https://www.desales.edu/admissions-financial-aid/undergraduate-admissions-aid/tuition-fees/net-price-calculator,private_nonprofit,suburb,17,False,False,False,30.0,77.1,considered_not_required,1090.0,1260.0,550.0,640.0,540.0,620.0,1186.0,27.0,28.0,2128.0,12.0,83.0,72.2,61295.0,62745.0,46800.0,46800.0,31643.0,24007.0,23.8,http://commons.wikimedia.org/wiki/Special:FilePath/Gambet%20Center%20for%20Business%20and%20Healthcare%20at%20DeSales%20University.jpg,http://commons.wikimedia.org/wiki/Special:FilePath/Desales%20univ%20textlogo.png,DeSales University
217536,003411,Salve Regina University,Newport,RI,02840-4192,41.471545,-71.30124,https://www.salve.edu/,https://salve.wbnpc.com/,private_nonprofit,suburb,18,False,False,False,30.0,68.2,considered_not_required,1160.0,1330.0,600.0,680.0,560.0,650.0,1232.0,26.0,29.0,2121.0,12.0,82.8,76.9,72975.0,70630.0,50100.0,50100.0,36967.0,26939.0,15.1,http://commons.wikimedia.org/wiki/Special:FilePath/Wakehurst1.jpg,http://commons.wikimedia.org/wiki/Special:FilePath/Salve%20regina%20univ%20centerlogo.png,Salve Regina University
149781,001781,Wheaton College,Wheaton,IL,60187-5593,41.870176,-88.099643,https://www.wheaton.edu/,https://www.wheaton.edu/admissions-and-aid/cost-and-financial-aid/student-financial-services/cost/net-price-calculator/,private_nonprofit,suburb,21,False,False,False,88.0,87.4,considered_not_required,1260.0,1470.0,650.0,740.0,610.0,730.0,1380.0,28.0,32.0,2121.0,10.0,92.6,84.8,63756.0,59263.0,45546.0,45546.0,26975.0,20001.0,21.7,http://commons.wikimedia.org/wiki/Special:FilePath/Blanchard%20Hall%20%285978664560%29.jpg,http://commons.wikimedia.org/wiki/Special:FilePath/Wheaton%20college%20textlogo.png,Wheaton College
209056,003197,Lewis & Clark College,Portland,OR,97219-7899,45.450882,-122.669137,https://www.lclark.edu/,https://www.lclark.edu/offices/financial_aid/undergrad/net_price_calculator/,private_nonprofit,city,21,False,False,False,,78.5,not_considered,,,,,,,,,,2120.0,12.0,88.8,75.4,62205.0,79987.0,64828.0,64828.0,36013.0,15962.0,20.3,http://commons.wikimedia.org/wiki/Special:FilePath/L%26C%20Frank%20Manor%20House.JPG,,Lewis & Clark College
233541,003737,Shenandoah University,Winchester,VA,22601-5195,39.167355,-78.157433,https://www.su.edu/,https://www.su.edu/financial-aid/net-cost-calculator/,private_nonprofit,city,17,False,False,False,71.0,77.0,not_considered,,,,,,,,,,2116.0,12.0,81.7,66.8,58433.0,51928.0,36950.0,36950.0,30298.0,24356.0,18.9,http://commons.wikimedia.org/wiki/Special:FilePath/Shenandoah%20U%3B%20Ohrstrom-Bryant%20Theatre.JPG,http://commons.wikimedia.org/wiki/Special:FilePath/Shenandoah%20univ%20virginia%20logo.svg,Shenandoah University
219949,003485,Cumberland University,Lebanon,TN,37087,36.204514,-86.298782,https://www.cumberland.edu/,https://www.cumberland.edu/net-price-calculator/,private_nonprofit,town,19,False,False,False,,67.3,not_considered,,,,,,,,,,2104.0,19.0,59.5,45.6,57687.0,43358.0,27840.0,27840.0,18759.0,17882.0,30.3,http://commons.wikimedia.org/wiki/Special:FilePath/Memorial%20hall%20cumberland%20university%20lebanon%20tennessee.jpg,,Cumberland University
212674,003268,Gettysburg College,Gettysburg,PA,17325,39.836597,-77.236792,https://www.gettysburg.edu/,https://www.gettysburg.edu/admissions-aid/tuition-fees/net-price-calculator,private_nonprofit,town,21,False,False,False,,38.9,considered_not_required,1270.0,1460.0,640.0,720.0,630.0,740.0,1379.0,29.0,32.0,2099.0,10.0,91.2,82.5,71517.0,81960.0,66640.0,66640.0,31490.0,13625.0,21.0,http://commons.wikimedia.org/wiki/Special:FilePath/GoPro%20campus%20Gettysburg.jpg,,Gettysburg College
445267,002453,Central Methodist University-College of Graduate and Extended Studies,Fayette,MO,65248-1198,39.150497,-92.685253,https://www.centralmethodist.edu/,https://www.centralmethodist.edu/admissions/financial-aid/calculator/npcalc.htm,private_nonprofit,rural,20,False,False,False,71.0,87.5,considered_not_required,,,,,,,1120.0,19.0,25.0,2092.0,28.0,52.9,0.0,48991.0,22310.0,7440.0,7440.0,14601.0,14601.0,31.9,,,Central Methodist University College of Graduate and Extended Studies
183239,002587,Saint Anselm College,Manchester,NH,03102-1310,42.986889,-71.503622,https://www.anselm.edu/,https://anselm.clearcostcalculator.com/student/default/netpricecalculator/survey,private_nonprofit,suburb,21,False,False,False,30.0,78.0,considered_not_required,1110.0,1278.0,570.0,658.0,540.0,620.0,1201.0,24.0,30.0,2087.0,12.0,88.1,80.0,73371.0,67213.0,48920.0,48920.0,34779.0,25143.0,11.3,,http://commons.wikimedia.org/wiki/Special:FilePath/Saint%20Anselm%20College%20logo.png,Saint Anselm College
173258,002340,Carleton College,Northfield,MN,55057,44.462318,-93.154666,https://www.carleton.edu/,https://www.carleton.edu/admissions/apply/afford/aid-estimators/npc/,private_nonprofit,town,21,False,False,False,,20.4,considered_not_required,1450.0,1560.0,720.0,770.0,730.0,790.0,1517.0,32.0,34.0,2086.0,8.0,96.5,89.6,75525.0,84893.0,68892.0,68892.0,25407.0,7881.0,16.5,http://commons.wikimedia.org/wiki/Special:FilePath/Carleton%20College%20Aerial.jpg,http://commons.wikimedia.org/wiki/Special:FilePath/Carleton%20College%20logo.svg,Carleton College
217493,003409,Rhode Island School of Design,Providence,RI,02903-2784,41.827114,-71.409309,https://www.risd.edu/,https://risd.studentaidcalculator.com/survey.aspx,private_nonprofit,city,18,False,False,False,,18.7,considered_not_required,1396.0,1530.0,688.0,750.0,708.0,780.0,1473.0,31.0,34.0,2084.0,8.0,95.0,88.8,68140.0,81727.0,62688.0,62688.0,50507.0,29135.0,14.8,http://commons.wikimedia.org/wiki/Special:FilePath/Museum%20of%20Art%2C%20RISD%2C%20Providence%20RI.jpg,http://commons.wikimedia.org/wiki/Special:FilePath/RISD%20short%20wordmark.svg,Rhode Island School of Design
152600,001842,Valparaiso University,Valparaiso,IN,46383,41.462239,-87.040172,https://www.valpo.edu/,https://www.valpo.edu/aid/tuition/,private_nonprofit,suburb,17,False,False,False,67.0,89.4,considered_not_required,1060.0,1280.0,540.0,640.0,520.0,640.0,1178.0,23.0,31.0,2083.0,10.0,75.4,70.4,63191.0,58437.0,48450.0,48450.0,18578.0,11043.0,27.3,http://commons.wikimedia.org/wiki/Special:FilePath/Chapel%20of%20the%20Resurrection%20-%20Exterior%20Southeast.JPG,http://commons.wikimedia.org/wiki/Special:FilePath/VALPO%20logo.png,Valparaiso University
168342,002229,Williams College,Williamstown,MA,01267,42.712725,-73.203132,https://www.williams.edu/,https://npc.collegeboard.org/app/williams,private_nonprofit,town,21,False,False,False,,8.2,considered_not_required,1490.0,1570.0,740.0,780.0,750.0,790.0,1533.0,34.0,35.0,2076.0,6.0,96.9,93.6,88665.0,84860.0,68560.0,68560.0,17716.0,-2610.0,17.6,http://commons.wikimedia.org/wiki/Special:FilePath/Williams%20College%20-%20Griffin%20Hall.JPG,,Williams College
219082,003463,Dakota State University,Madison,SD,57042-1799,44.013014,-97.113358,https://dsu.edu/,https://dsu.edu/admissions/calculator.html,public,town,19,False,False,False,,88.0,considered_not_required,1190.0,1440.0,570.0,680.0,620.0,760.0,1215.0,20.0,27.0,2071.0,18.0,75.5,51.3,50970.0,25753.0,9654.0,12756.0,21057.0,17317.0,16.8,http://commons.wikimedia.org/wiki/Special:FilePath/Dsu-campus-2.JPG,http://commons.wikimedia.org/wiki/Special:FilePath/Dakota%20State%20University%20logo.svg,Dakota State University
219347,003470,South Dakota School of Mines and Technology,Rapid City,SD,57701-3995,44.075439,-103.205753,https://www.sdsmt.edu/,https://www.sdsmt.edu/admissions-aid/financial-aid-and-scholarships/scholarships/net-price-calculator.html,public,city,19,False,False,False,,79.9,considered_not_required,1140.0,1340.0,560.0,660.0,580.0,680.0,1245.0,24.0,30.0,2071.0,12.0,84.1,52.9,72257.0,25385.0,10500.0,14900.0,20183.0,15348.0,16.9,http://commons.wikimedia.org/wiki/Special:FilePath/South%20Dakota%20School%20of%20Mines%20and%20Technology.jpg,http://commons.wikimedia.org/wiki/Special:FilePath/Southdakota%20mines%20logo.png,South Dakota School of Mines and Technology
243151,007206,University of Puerto Rico at Cayey,Cayey,PR,00737-2230,18.11882,-66.162066,https://www.cayey.upr.edu/,https://www.upr.edu/netprice/cayey.html,public,suburb,21,False,False,False,,53.0,required,843.0,1073.0,421.0,531.0,422.0,542.0,955.0,,,2069.0,24.0,75.9,49.8,30958.0,15909.0,5354.0,5354.0,10176.0,9495.0,75.9,,,University of Puerto Rico at Cayey
200253,002994,Minot State University,Minot,ND,58707,48.246961,-101.29861,https://www.minotstateu.edu/,https://www.minotstateu.edu/finaid/npcalc.htm,public,city,19,False,False,False,,64.6,considered_not_required,930.0,1140.0,500.0,570.0,430.0,570.0,1051.0,18.0,24.0,2062.0,11.0,66.5,45.1,51759.0,19339.0,8702.0,8702.0,12703.0,9492.0,24.4,http://commons.wikimedia.org/wiki/Special:FilePath/Oldmainmsu.jpg,http://commons.wikimedia.org/wiki/Special:FilePath/Minot%20state%20univ%20logo.png,Minot State University
218654,003450,University of South Carolina Beaufort,Bluffton,SC,29909,32.303308,-80.973595,https://www.uscb.edu/,https://www.uscb.edu/admissions/tuition-and-financial-aid/net-price-calculator/index.html,public,town,22,False,False,False,,72.5,not_considered,,,,,,,,,,2052.0,15.0,61.3,34.0,48088.0,24353.0,10730.0,21776.0,14656.0,11397.0,40.1,http://commons.wikimedia.org/wiki/Special:FilePath/Hargray%20Building.jpg,http://commons.wikimedia.org/wiki/Special:FilePath/Usc%20beaufort%20stacked%20logo.png,University of South Carolina Beaufort
206048,003121,Tiffin University,Tiffin,OH,44883,41.118316,-83.184197,https://www.tiffin.edu/,https://www.tiffin.edu/forms/netprice,private_nonprofit,town,18,False,False,False,,80.0,considered_not_required,910.0,1110.0,470.0,555.0,440.0,555.0,986.0,15.0,21.0,2051.0,22.0,71.6,39.9,35942.0,48004.0,34790.0,34790.0,26500.0,24278.0,31.5,http://commons.wikimedia.org/wiki/Special:FilePath/Tiffin%20University%20%286996551316%29.jpg,,Tiffin University
127945,007649,Rocky Mountain College of Art and Design,Lakewood,CO,80214,39.74332,-105.069911,https://www.rmcad.edu/,https://www.rmcad.edu/policies-and-guidelines/net-price-calculator/,private_for_profit,suburb,22,False,False,False,,,,,,,,,,,,,2050.0,13.0,54.0,31.8,42958.0,37505.0,20190.0,20190.0,32363.0,29847.0,48.4,http://commons.wikimedia.org/wiki/Special:FilePath/Rocky%20Mountain%20College%20of%20Art%20%2B%20Design%20Logo.png,,Rocky Mountain College of Art and Design
121691,001322,University of Redlands,Redlands,CA,92373-0999,34.064218,-117.163218,https://www.redlands.edu/,https://www.redlands.edu/npc,private_nonprofit,city,18,False,False,False,,82.7,considered_not_required,1107.0,1350.0,560.0,680.0,547.0,670.0,1241.0,21.0,28.0,2049.0,10.0,84.0,67.3,72690.0,76630.0,60878.0,60878.0,30031.0,28287.0,36.4,http://commons.wikimedia.org/wiki/Special:FilePath/University%20of%20Redlands%20Administration%20Bldg%205-17-14a%20%2814358877537%29.jpg,http://commons.wikimedia.org/wiki/Special:FilePath/University%20of%20Redlands%20logo.svg,University of Redlands
196866,002889,Union College,Schenectady,NY,12308-2311,42.818097,-73.928788,https://www.union.edu/,https://npc.collegeboard.org/student/app/union,private_nonprofit,city,21,False,False,False,,43.9,considered_not_required,1310.0,1480.0,660.0,720.0,650.0,760.0,1395.0,29.0,33.0,2046.0,9.0,90.2,80.4,88604.0,84561.0,69039.0,69039.0,34561.0,11776.0,14.4,http://commons.wikimedia.org/wiki/Special:FilePath/Grant%20Hall%206.JPG,http://commons.wikimedia.org/wiki/Special:FilePath/Union%20college%20f1795%20logo.png,Union College
204006,003077,Miami University-Hamilton,Hamilton,OH,45011,39.377448,-84.563385,https://miamioh.edu/regionals/,https://miamioh.edu/onestop/paying-for-college/costs/net-price-calculators/index.html,public,suburb,22,False,False,False,,,,,,,,,,,,,2043.0,12.0,53.4,24.9,55076.0,15352.0,7491.0,19407.0,11286.0,7760.0,30.4,,,Miami University Hamilton
229780,003663,Wayland Baptist University,Plainview,TX,79072,34.187677,-101.730042,https://www.wbu.edu/,https://app.meadowfi.com/wbu,private_nonprofit,town,18,False,False,False,75.0,56.0,not_considered,,,,,,,,,,2041.0,10.0,44.5,19.3,51838.0,36323.0,23782.0,23782.0,20590.0,20070.0,45.7,http://commons.wikimedia.org/wiki/Special:FilePath/Wayland%20Baptist%20University%20Plainview%20Texas%202019.jpg,,Wayland Baptist University
191515,002728,Hamilton College,Clinton,NY,13323,43.050245,-75.408195,https://www.hamilton.edu/,https://npc.collegeboard.org/app/hamilton,private_nonprofit,suburb,21,False,False,False,,13.6,considered_not_required,1450.0,1550.0,720.0,770.0,730.0,780.0,1506.0,33.0,35.0,2030.0,9.0,94.8,90.6,78411.0,84230.0,68960.0,68960.0,28985.0,8028.0,17.7,http://commons.wikimedia.org/wiki/Special:FilePath/Hamilton%20College%20theater.jpg,http://commons.wikimedia.org/wiki/Special:FilePath/Hamilton%20College%20logo.svg,Hamilton College
188304,002664,Western New Mexico University,Silver City,NM,88061,32.7767,-108.283284,https://wnmu.edu/,https://wnmu.edu/net-price-calculator/,public,town,18,False,False,False,,,,,,,,,,,,,2026.0,12.0,58.1,32.2,39095.0,21562.0,7856.0,14342.0,8522.0,8381.0,43.5,http://commons.wikimedia.org/wiki/Special:FilePath/Miller%20Library%20Western%20New%20Mexico%20University.jpg,http://commons.wikimedia.org/wiki/Special:FilePath/Wnmu%20westnewmexico%20textlogo.png,Western New Mexico University
152530,001838,Taylor University,Upland,IN,46989-1001,40.456246,-85.497034,https://www.taylor.edu/,https://www.taylor.edu/admissions/tuition-funding/net-price-calculator,private_nonprofit,rural,22,False,False,False,42.0,73.5,considered_not_required,1070.0,1330.0,540.0,670.0,530.0,660.0,1220.0,24.0,31.0,2025.0,14.0,89.3,73.8,52198.0,53405.0,40490.0,40490.0,24865.0,16143.0,13.5,http://commons.wikimedia.org/wiki/Special:FilePath/Swallow%20Robin%20Hall.JPG,http://commons.wikimedia.org/wiki/Special:FilePath/Taylor%20univ%20full%20logo.png,Taylor University
109651,001116,Art Center College of Design,Pasadena,CA,91103,34.169031,-118.185102,https://www.artcenter.edu/,https://tcc.ruffalonl.com/art-center-college-of-design/freshman-calculator,private_nonprofit,city,20,False,False,False,,74.5,not_considered,,,,,,,,,,2017.0,9.0,85.9,79.2,71958.0,75649.0,54170.0,54170.0,48661.0,39645.0,21.6,http://commons.wikimedia.org/wiki/Special:FilePath/ArtCenter%20College%20of%20Design%2C%20South%20Campus%20in%20January%202017.jpg,http://commons.wikimedia.org/wiki/Special:FilePath/Art%20Center%20College%20of%20Design%20logo.svg,Art Center College of Design
126678,001347,Colorado College,Colorado Springs,CO,80903,38.84886,-104.822697,https://www.coloradocollege.edu/,https://www.shoppingsheet.com/shopping/landing/126678,private_nonprofit,city,21,False,False,False,,18.5,considered_not_required,1230.0,1460.0,640.0,730.0,590.0,730.0,1365.0,29.0,33.0,2014.0,9.0,93.6,87.7,65222.0,86921.0,70734.0,70734.0,33375.0,9217.0,14.4,http://commons.wikimedia.org/wiki/Special:FilePath/Cutler%20Hall.JPG,http://commons.wikimedia.org/wiki/Special:FilePath/Colorado%20College%20logo.svg,Colorado College
195164,002817,St Bonaventure University,Saint Bonaventure,NY,14778-9800,42.080191,-78.481107,https://www.sbu.edu/,https://tccpreview.ruffalonl.com/st-bonaventure-university/freshmanstudents,private_nonprofit,town,19,False,False,False,30.0,81.7,considered_not_required,1065.0,1290.0,535.0,650.0,530.0,640.0,1197.0,24.0,30.0,2012.0,13.0,85.9,66.7,57214.0,57271.0,41735.0,41735.0,27074.0,15651.0,26.8,,,St. Bonaventure University
217749,003421,Bob Jones University,Greenville,SC,29614-0001,34.874016,-82.365838,https://www.bju.edu/,https://www.bju.edu/admission/tuition-aid/net-price-calculator.php,private_nonprofit,city,20,False,False,False,102.0,,,,,,,,,,,,2005.0,11.0,82.5,64.8,44354.0,36580.0,24470.0,24470.0,16641.0,14287.0,32.9,http://commons.wikimedia.org/wiki/Special:FilePath/Bob%20Jones%20University%2C%20Front%20Campus%20Fountain.jpg,,Bob Jones University
138868,001547,Point University,West Point,GA,31833,32.87912,-85.184931,https://point.edu/,https://point.studentaidcalculator.com/survey.aspx,private_nonprofit,town,22,False,False,False,48.0,44.3,not_considered,,,,,,,,,,1996.0,15.0,74.1,34.1,38740.0,33564.0,24000.0,24000.0,25335.0,23992.0,24.7,http://commons.wikimedia.org/wiki/Special:FilePath/Point%20University%20Academic%20Center.jpg,http://commons.wikimedia.org/wiki/Special:FilePath/PointUnivlogo.png,Point University
204185,003083,University of Mount Union,Alliance,OH,44601-3929,40.905256,-81.111029,https://www.mountunion.edu/,https://www.shoppingsheet.com/shopping/landing/204185,private_nonprofit,town,20,False,False,False,,78.2,considered_not_required,910.0,1240.0,460.0,620.0,450.0,620.0,1088.0,18.0,25.0,1995.0,15.0,76.7,58.7,53217.0,49276.0,36600.0,36600.0,23280.0,16786.0,27.8,http://commons.wikimedia.org/wiki/Special:FilePath/Chapman%20Hall%20UMU.jpg,http://commons.wikimedia.org/wiki/Special:FilePath/Mount%20union%20univ%20textlogo.png,University of Mount Union
154493,001893,Upper Iowa University,Fayette,IA,52142-1857,42.838283,-91.799543,https://www.uiu.edu/,https://uiu.edu/financial-aid/net-price-calculator.html,private_nonprofit,rural,18,False,False,False,,96.5,considered_not_required,,,,,,,1090.0,17.0,23.0,1994.0,25.0,67.7,33.9,52766.0,34022.0,19475.0,19475.0,20942.0,17715.0,31.8,http://commons.wikimedia.org/wiki/Special:FilePath/AndresCenter.jpg,http://commons.wikimedia.org/wiki/Special:FilePath/Upper%20iowa%20univ%20logo.png,Upper Iowa University
184694,002607,Fairleigh Dickinson University-Florham Campus,Madison,NJ,07940,40.774498,-74.432121,https://www.fdu.edu/,https://1st-aid.org/fdu,private_nonprofit,suburb,18,False,False,False,,95.2,considered_not_required,,,,,,,,,,1990.0,11.0,78.2,66.6,57273.0,54204.0,38004.0,38004.0,22829.0,12624.0,36.4,,,Fairleigh Dickinson University–Florham
216931,003394,Wilkes University,Wilkes-Barre,PA,18766,41.244199,-75.890262,https://www.wilkes.edu/,https://www.wilkes.edu/admissions/financial-aid/undergraduate-aid/net-price-calculator.aspx,private_nonprofit,city,17,False,False,False,,90.6,considered_not_required,1020.0,1250.0,530.0,630.0,490.0,620.0,1136.0,22.0,29.0,1985.0,13.0,71.6,63.2,63454.0,56765.0,43496.0,43496.0,27743.0,25062.0,34.5,http://commons.wikimedia.org/wiki/Special:FilePath/McClintock%20Hall%20Wilkes%20B%20PA.jpg,http://commons.wikimedia.org/wiki/Special:FilePath/Wilkes%20univ%20textlogo.png,Wilkes University
224545,031703,Texas A&M University-Texarkana,Texarkana,TX,75503,33.490482,-94.103617,https://www.tamut.edu/,https://www.collegeforalltexans.com/apps/CollegeMoney/,public,city,19,False,False,False,,63.5,not_considered,,,,,,,,,,1982.0,14.0,63.7,29.6,45515.0,23778.0,8349.0,45080.0,12997.0,11002.0,52.5,,,Texas A&M University–Texarkana
198507,002926,Elizabeth City State University,Elizabeth City,NC,27909,36.277978,-76.214041,https://www.ecsu.edu/,https://tcc.ruffalonl.com/Elizabeth City State University/Net_Price_Calculator,public,town,22,True,False,False,,64.2,considered_not_required,920.0,1080.0,470.0,560.0,450.0,520.0,1019.0,16.0,22.0,1975.0,19.0,76.9,43.5,40026.0,17701.0,6536.0,10536.0,6364.0,4246.0,53.5,http://commons.wikimedia.org/wiki/Special:FilePath/Ecsucomplex.jpg,http://commons.wikimedia.org/wiki/Special:FilePath/Ecsu%20text%20logo.png,Elizabeth City State University
151801,001822,Indiana Wesleyan University-Marion,Marion,IN,46953-4974,40.517937,-85.667503,https://www.indwes.edu/,https://indwes.aidcalc.cloud/,private_nonprofit,town,20,False,False,False,89.0,88.9,considered_not_required,960.0,1180.0,480.0,600.0,480.0,580.0,1082.0,19.0,28.0,1974.0,12.0,82.9,66.7,59986.0,44776.0,32352.0,32352.0,22866.0,19793.0,27.1,http://commons.wikimedia.org/wiki/Special:FilePath/Kokomo.jpg,http://commons.wikimedia.org/wiki/Special:FilePath/Masterlogo.png,Indiana Wesleyan University
171492,004072,Northwood University,Midland,MI,48640-2398,43.628717,-84.27682,https://www.northwood.edu/,https://www.northwood.edu/webapps/finaid/coa/,private_nonprofit,city,29,False,False,False,,64.5,not_considered,,,,,,,,,,1974.0,14.0,78.6,63.3,63075.0,48780.0,34400.0,34400.0,27232.0,25700.0,25.7,http://commons.wikimedia.org/wiki/Special:FilePath/NorthwoodAdmin.jpg,,Northwood University
219000,003458,Augustana University,Sioux Falls,SD,57197-0001,43.525148,-96.736975,https://www.augie.edu/,https://www.augie.edu/npc,private_nonprofit,city,19,False,False,False,39.0,67.8,considered_not_required,1150.0,1370.0,570.0,680.0,580.0,690.0,1195.0,21.0,27.0,1965.0,12.0,86.1,73.0,59217.0,55159.0,40160.0,40160.0,23894.0,18746.0,17.8,http://commons.wikimedia.org/wiki/Special:FilePath/AugustanaSFSD.JPG,http://commons.wikimedia.org/wiki/Special:FilePath/Augustana%20College%20Logo.png,Augustana University
213367,003287,La Salle University,Philadelphia,PA,19141-1199,40.037979,-75.153061,https://www.lasalle.edu/,https://collegepricecalculator.com/lasalle,private_nonprofit,city,17,False,False,False,30.0,96.6,not_considered,,,,,,,,,,1953.0,12.0,73.9,57.1,67416.0,48337.0,37800.0,37800.0,19409.0,16545.0,35.0,http://commons.wikimedia.org/wiki/Special:FilePath/LaSalleLibrary.jpg,,La Salle University
228149,003623,St. Mary's University,San Antonio,TX,78228,29.453244,-98.562778,https://www.stmarytx.edu/,https://www.stmarytx.edu/admission/financial-aid/net-price-calculator/,private_nonprofit,city,18,False,False,False,30.0,97.8,considered_not_required,900.0,1310.0,465.0,665.0,435.0,645.0,1089.0,15.0,27.0,1951.0,11.0,73.0,58.9,56955.0,47999.0,37434.0,37434.0,21145.0,18352.0,38.6,http://commons.wikimedia.org/wiki/Special:FilePath/Reinbolt%20Hall%20at%20St%20Marys%20University%202021.jpg,http://commons.wikimedia.org/wiki/Special:FilePath/St%20mary%20univ%20textlogo.png,St. Mary's University
214157,003301,Moravian University,Bethlehem,PA,18018-6650,40.630947,-75.383638,https://www.moravian.edu/,https://www.moravian.edu/admissions/resources/calculator,private_nonprofit,city,20,False,False,False,44.0,54.2,considered_not_required,1070.0,1285.0,540.0,655.0,530.0,630.0,1183.0,24.0,29.0,1949.0,10.0,79.2,71.7,61860.0,65601.0,53500.0,53500.0,30670.0,24609.0,31.9,http://commons.wikimedia.org/wiki/Special:FilePath/Moravian%20College%20Bethlehem%202924px.jpg,http://commons.wikimedia.org/wiki/Special:FilePath/Moravian-TwoLineWordmark-MoravianBlue.svg,Moravian University
211088,003235,Arcadia University,Glenside,PA,19038-3295,40.092606,-75.163876,https://www.arcadia.edu/,https://www.arcadia.edu/admissions/financial-aid-scholarships/net-price-calculator,private_nonprofit,suburb,18,False,False,False,,80.2,considered_not_required,1065.0,1265.0,550.0,650.0,515.0,615.0,1190.0,,,1948.0,10.0,78.8,66.7,58336.0,64645.0,49610.0,49610.0,29466.0,23127.0,28.3,http://commons.wikimedia.org/wiki/Special:FilePath/Heinz%20Hall%2C%20Arcadia%20University%2001.JPG,http://commons.wikimedia.org/wiki/Special:FilePath/Arcadia%20univ%20logo.png,Arcadia University
123554,001302,Saint Mary's College of California,Moraga,CA,94575,37.840731,-122.109031,https://www.stmarys-ca.edu/,https://www.stmarys-ca.edu/financial-aid/net-price-calculator,private_nonprofit,suburb,18,False,False,False,30.0,86.5,not_considered,,,,,,,,,,1947.0,10.0,85.4,70.3,78812.0,77659.0,57803.0,57803.0,30378.0,19462.0,26.7,http://commons.wikimedia.org/wiki/Special:FilePath/SMC%20Pictures%20026.jpg,http://commons.wikimedia.org/wiki/Special:FilePath/Saint%20Mary%27s%20College%20CA%20logo.png,Saint Mary's College of California
497480,042637,Reach University,Oakland,CA,94612-1278,37.80566,-122.277476,https://www.reach.edu/,https://npc.collegeboard.org/app/reach,private_nonprofit,city,-2,False,False,False,,100.0,not_considered,,,,,,,,,,1946.0,30.0,80.5,,,32536.0,12374.0,12374.0,22423.0,22997.0,62.8,,,
145619,001767,Benedictine University,Lisle,IL,60532-0900,41.777569,-88.097307,https://ben.edu/,https://ben.edu/net-price-calculator-lisle/,private_nonprofit,suburb,18,False,False,False,30.0,95.2,considered_not_required,,,,,,,,,,1942.0,15.0,66.0,50.3,63446.0,46713.0,35940.0,35940.0,22313.0,20168.0,39.5,http://commons.wikimedia.org/wiki/Special:FilePath/Dan%20and%20Ada%20Rice%20Athletic%20Center.jpg,,Benedictine University
475732,006385,Chamberlain University-Georgia,Sandy Springs,GA,30342,33.911943,-84.351949,https://www.chamberlain.edu/,https://www.chamberlain.edu/admissions/financial-aid-scholarships/calculator,private_for_profit,city,26,False,False,False,,91.4,considered_not_required,,,,,,,,,,1940.0,16.0,40.0,50.0,92405.0,38272.0,20515.0,20515.0,33188.0,32321.0,51.6,,,
128902,001379,Connecticut College,New London,CT,06320-4196,41.379833,-72.107321,https://www.conncoll.edu/,https://conncoll.studentaidcalculator.com/survey.aspx,private_nonprofit,city,21,False,False,False,,37.0,considered_not_required,1350.0,1500.0,690.0,760.0,660.0,740.0,1432.0,30.0,33.0,1937.0,9.0,89.7,82.0,75001.0,84623.0,67242.0,67242.0,36175.0,13341.0,14.2,http://commons.wikimedia.org/wiki/Special:FilePath/Connecticut%20College%20Admissions%20Building.jpg,,Connecticut College
123651,001293,Vanguard University of Southern California,Costa Mesa,CA,92626,33.662686,-117.900911,https://www.vanguard.edu/,https://www.vanguard.edu/admissions/net-price-calculator,private_nonprofit,city,19,False,False,False,27.0,62.4,not_considered,,,,,,,,,,1933.0,13.0,70.1,56.8,59541.0,52665.0,41700.0,41700.0,21241.0,17225.0,43.8,,http://commons.wikimedia.org/wiki/Special:FilePath/Vanguard%20univ%20full%20logo.png,Vanguard University of Southern California
219046,003459,Black Hills State University,Spearfish,SD,57799-9500,44.494889,-103.870966,https://www.bhsu.edu/,https://form.bhsu.edu/bh_tuitioncalc/tuitioncalculator.aspx,public,town,20,False,False,False,,96.3,considered_not_required,965.0,1135.0,465.0,565.0,500.0,570.0,1087.0,18.0,24.0,1928.0,17.0,71.7,42.6,46674.0,21277.0,8764.0,11866.0,15911.0,11863.0,20.0,,,Black Hills State University
195216,002829,St Lawrence University,Canton,NY,13617,44.589879,-75.161343,https://www.stlawu.edu/,https://www.stlawu.edu/admissions/financial-aid-scholarships/financial-aid/net-price-calculator,private_nonprofit,town,21,False,False,False,,54.3,considered_not_required,1255.0,1420.0,645.0,710.0,610.0,710.0,1371.0,30.0,33.0,1918.0,11.0,90.8,79.1,67258.0,82000.0,65900.0,65900.0,28651.0,13420.0,21.4,http://commons.wikimedia.org/wiki/Special:FilePath/SykesQuadSLU.jpg,http://commons.wikimedia.org/wiki/Special:FilePath/St%20lawrence%20univ%20logo.png,St. Lawrence University
154235,001889,Saint Ambrose University,Davenport,IA,52803-2898,41.54065,-90.579854,https://www.sau.edu/,https://sau.edu/tuition-financial-aid/net-price-calculator,private_nonprofit,city,17,False,False,False,30.0,77.3,considered_not_required,930.0,1170.0,490.0,580.0,440.0,590.0,1093.0,20.0,25.0,1916.0,11.0,75.8,61.0,59531.0,51141.0,36658.0,36658.0,24691.0,22037.0,31.6,http://commons.wikimedia.org/wiki/Special:FilePath/St.%20Ambrose%20University.jpg,,St. Ambrose University
161341,002033,University of Maine at Presque Isle,Presque Isle,ME,04769-2888,46.672285,-68.016343,https://www.umpi.edu/,https://www.umpi.edu/app/tuition-fees-estimator/,public,rural,22,False,False,False,,99.9,not_considered,,,,,,,,,,1913.0,30.0,58.4,51.5,40956.0,19113.0,9402.0,14862.0,7035.0,5934.0,24.3,http://commons.wikimedia.org/wiki/Special:FilePath/Normal%20School%20Buildings%2C%20Presque%20Isle%2C%20ME.jpg,http://commons.wikimedia.org/wiki/Special:FilePath/Umpi%20textlogo.svg,University of Maine at Presque Isle
164465,002115,Amherst College,Amherst,MA,01002-5000,42.372459,-72.518493,https://www.amherst.edu/,https://npc.collegeboard.org/student/app/amherst,private_nonprofit,city,21,False,False,False,,9.0,considered_not_required,1490.0,1580.0,740.0,780.0,750.0,800.0,1533.0,33.0,35.0,1911.0,6.0,97.3,93.9,77644.0,87640.0,70480.0,70480.0,23367.0,1086.0,19.8,http://commons.wikimedia.org/wiki/Special:FilePath/Frost%20Library%2C%20Amherst%20College.jpg,http://commons.wikimedia.org/wiki/Special:FilePath/Amherst%20College%20logo.png,Amherst College
150400,001792,DePauw University,Greencastle,IN,46135-1772,39.640904,-86.860363,https://www.depauw.edu/,https://app.meadowfi.com/depauw,private_nonprofit,town,21,False,False,False,,57.2,considered_not_required,1200.0,1410.0,600.0,690.0,600.0,720.0,1340.0,28.0,32.0,1905.0,10.0,88.6,74.7,70527.0,74320.0,59070.0,59070.0,22264.0,11820.0,16.4,http://commons.wikimedia.org/wiki/Special:FilePath/Depauwquad.jpg,http://commons.wikimedia.org/wiki/Special:FilePath/Depauw%20univ%20textlogo.png,DePauw University
196033,002856,SUNY College of Agriculture and Technology at Cobleskill,Cobleskill,NY,12043,42.672534,-74.498258,https://www.cobleskill.edu/,https://www.suny.edu/howmuch/netpricecalculator.xhtml,public,town,22,False,False,False,,84.0,not_considered,,,,,,,,,,1904.0,15.0,68.7,42.3,45030.0,27786.0,8768.0,18678.0,18701.0,13279.0,43.3,,http://commons.wikimedia.org/wiki/Special:FilePath/SUNY%20Cobleskill%20wordmark.svg,State University of New York at Cobleskill
133492,001487,Eckerd College,Saint Petersburg,FL,33711-4700,27.715798,-82.687043,https://www.eckerd.edu/,https://www.eckerd.edu/admissions/net-price-calculator/,private_nonprofit,city,21,False,False,False,66.0,75.8,considered_not_required,1160.0,1330.0,600.0,690.0,560.0,640.0,1250.0,24.0,29.0,1888.0,11.0,75.8,65.9,51819.0,68944.0,51884.0,51884.0,38071.0,29615.0,20.8,http://commons.wikimedia.org/wiki/Special:FilePath/Eckerd%20College%2C%20St.%20Petersburg%2C%20FL.jpg,http://commons.wikimedia.org/wiki/Special:FilePath/Eckerd%20college%20gulfcoast%20logo.png,Eckerd College
207324,003165,Oklahoma Christian University,Edmond,OK,73013,35.611412,-97.469526,https://www.oc.edu/,https://www.oc.edu/admissions/financial-services/net-price-calculator,private_nonprofit,city,19,False,False,False,74.0,96.5,considered_not_required,1010.0,1270.0,500.0,640.0,510.0,630.0,1122.0,19.0,26.0,1885.0,19.0,72.5,55.5,49203.0,39106.0,27180.0,27180.0,21872.0,17818.0,33.0,,,Oklahoma Christian University
243106,012123,University of Puerto Rico-Aguadilla,Aguadilla,PR,00604-1309,18.498652,-67.13793,https://www.uprag.edu/,https://www.uprag.edu/opei_old/npc/index.html,public,suburb,22,False,False,False,,81.4,required,791.0,1023.0,393.0,510.0,398.0,513.0,909.0,,,1883.0,19.0,69.0,46.3,27997.0,14498.0,5954.0,5954.0,7765.0,7200.0,82.6,http://commons.wikimedia.org/wiki/Special:FilePath/Mosaico%20%22UPR-Aguadilla%2C%20por%20siempre%20CORA%22.jpg,,University of Puerto Rico at Aguadilla
234207,003768,Washington and Lee University,Lexington,VA,24450-2116,37.788939,-79.443018,https://www.wlu.edu/,https://www.wlu.edu/admissions/financial-aid/estimate-your-aid/net-price-calculator,private_nonprofit,town,21,False,False,False,,14.0,considered_not_required,1430.0,1540.0,710.0,760.0,720.0,780.0,1498.0,33.0,34.0,1881.0,7.0,96.6,93.9,94810.0,87000.0,68045.0,68045.0,23781.0,-1777.0,11.3,http://commons.wikimedia.org/wiki/Special:FilePath/2008-0831-WashingtonandLeeUniversity.jpg,http://commons.wikimedia.org/wiki/Special:FilePath/Web%20wordmark1.png,Washington and Lee University
173647,002353,Gustavus Adolphus College,Saint Peter,MN,56082-1498,44.323626,-93.972196,https://gustavus.edu/,https://gustavus.edu/admission/financial-aid/calculator.php,private_nonprofit,town,21,False,False,False,39.0,61.0,considered_not_required,,,,,,,1290.0,24.0,30.0,1878.0,12.0,88.0,76.6,65607.0,67613.0,56076.0,56076.0,22900.0,12015.0,20.7,http://commons.wikimedia.org/wiki/Special:FilePath/Gustavus%20Adolphus%20Old%20Main.jpg,http://commons.wikimedia.org/wiki/Special:FilePath/Gustavus%20adolphus%20college%20minn%20logo.png,Gustavus Adolphus College
120254,001249,Occidental College,Los Angeles,CA,90041-3392,34.127124,-118.210908,https://www.oxy.edu/,https://npc.collegeboard.org/app/occidental,private_nonprofit,city,21,False,False,False,,44.2,considered_not_required,1380.0,1520.0,690.0,750.0,690.0,770.0,1452.0,31.0,34.0,1877.0,9.0,89.8,80.9,75951.0,84800.0,66274.0,66274.0,38263.0,20705.0,16.6,http://commons.wikimedia.org/wiki/Special:FilePath/Johnson%20Student%20Center%20and%20Freeman%20College%20Union%20%28cropped%29.jpg,http://commons.wikimedia.org/wiki/Special:FilePath/Occidental%20College%20logo.svg,Occidental College
161004,002038,Bowdoin College,Brunswick,ME,04011,43.907134,-69.963942,https://www.bowdoin.edu/,https://npc.collegeboard.org/app/bowdoin,private_nonprofit,town,21,False,False,False,,7.1,considered_not_required,1470.0,1550.0,730.0,770.0,740.0,780.0,1520.0,33.0,35.0,1873.0,9.0,96.8,95.3,82735.0,85100.0,67832.0,67832.0,14398.0,3145.0,17.3,http://commons.wikimedia.org/wiki/Special:FilePath/Hubbardhallb.jpg,http://commons.wikimedia.org/wiki/Special:FilePath/Bowdoin%20college%20blacklogo.png,Bowdoin College
193584,002779,Nazareth University,Rochester,NY,14618-3790,43.101576,-77.518579,https://www2.naz.edu/,https://www2.naz.edu/financial-aid-scholarships-tuition/net-price-calculator/,private_nonprofit,suburb,18,False,False,False,,74.7,considered_not_required,1070.0,1320.0,530.0,650.0,540.0,670.0,1216.0,23.0,32.0,1873.0,8.0,84.8,72.8,56458.0,58254.0,42450.0,42450.0,29357.0,22796.0,26.3,,http://commons.wikimedia.org/wiki/Special:FilePath/Nazareth-university-logo%20primary%20RGB-purple.png,Nazareth University
214704,003329,Pennsylvania State University-Penn State Berks,Reading,PA,19610-1016,40.358839,-75.97329,https://berks.psu.edu/,https://tuition.psu.edu/student-tuition-calculators,public,suburb,-2,False,False,False,,98.7,considered_not_required,1090.0,1275.0,550.0,640.0,540.0,635.0,1174.0,18.0,27.0,1872.0,13.0,76.8,31.5,63435.0,32242.0,15972.0,26958.0,24356.0,16429.0,28.8,http://commons.wikimedia.org/wiki/Special:FilePath/Franco%20Building%20at%20Penn%20State%20Berks.jpg,http://commons.wikimedia.org/wiki/Special:FilePath/Penn%20state%20berks%20textlogo.svg,Penn State Berks
173160,009058,Bethel University,Saint Paul,MN,55112,45.057655,-93.161663,https://www.bethel.edu/,https://www.bethel.edu/undergrad/financial-aid/estimate/,private_nonprofit,suburb,17,False,False,False,54.0,87.8,considered_not_required,1190.0,1300.0,610.0,650.0,580.0,650.0,1249.0,22.0,28.0,1871.0,14.0,85.7,71.4,63764.0,58569.0,44226.0,44226.0,28556.0,22218.0,18.5,http://commons.wikimedia.org/wiki/Special:FilePath/BethelWestEnd.JPG,http://commons.wikimedia.org/wiki/Special:FilePath/Bethel%20univ%20minn%20logo.png,Bethel University
212197,003262,Elizabethtown College,Elizabethtown,PA,17022-2298,40.149236,-76.593224,https://www.etown.edu/,https://npc.collegeboard.org/app/etown/start,private_nonprofit,suburb,20,False,False,False,,77.9,considered_not_required,1105.0,1310.0,560.0,660.0,545.0,650.0,1204.0,26.0,31.0,1868.0,13.0,83.7,76.2,62399.0,50865.0,37950.0,37950.0,26598.0,17776.0,20.8,,http://commons.wikimedia.org/wiki/Special:FilePath/Elizabethtown%20college%20full%20logo.png,Elizabethtown College
458964,001459,Strayer University-South Carolina,Greenville,SC,29601,34.839766,-82.399535,https://www.strayer.edu/campus-locations/south-carolina/greenville,https://strayer.aidcalc.cloud/netprice.htm,private_for_profit,city,29,False,False,False,,,,,,,,,,,,,1868.0,47.0,100.0,16.7,40092.0,25158.0,13920.0,13920.0,17979.0,,82.0,,,
198385,002918,Davidson College,Davidson,NC,28035,35.499767,-80.843979,https://davidson.edu/,https://davidson.studentaidcalculator.com/survey.aspx,private_nonprofit,suburb,21,False,False,False,66.0,13.4,considered_not_required,1400.0,1530.0,695.0,750.0,705.0,780.0,1469.0,31.0,34.0,1867.0,8.0,94.6,91.1,81400.0,79475.0,64410.0,64410.0,17379.0,9497.0,17.6,http://commons.wikimedia.org/wiki/Special:FilePath/Chambers%20Building%2C%20Davidson%20College%20%28Davidson%2C%20North%20Carolina%29.jpg,http://commons.wikimedia.org/wiki/Special:FilePath/Davidson%20College%20logo.png,Davidson College
237066,003804,Whitworth University,Spokane,WA,99251,47.753358,-117.416714,https://www.whitworth.edu/,https://publicforms.whitworth.edu/financial-aid/net-price-calculator/firstyear,private_nonprofit,suburb,19,False,False,False,103.0,89.8,considered_not_required,1090.0,1330.0,550.0,670.0,540.0,660.0,1220.0,21.0,29.0,1858.0,11.0,77.6,70.9,58561.0,68516.0,52880.0,52880.0,26534.0,16788.0,29.4,http://commons.wikimedia.org/wiki/Special:FilePath/Harriet%20Cheney%20Cowles%20Memorial%20Library.JPG,http://commons.wikimedia.org/wiki/Special:FilePath/Whitworth%20univ%20logo.svg,Whitworth University
198561,002929,Gardner-Webb University,Boiling Springs,NC,28017-0997,35.24732,-81.668141,https://www.gardner-webb.edu/,https://gardner-webb.edu/admissions-aid/financial-aid/,private_nonprofit,rural,17,False,False,False,75.0,77.2,considered_not_required,975.0,1198.0,495.0,608.0,480.0,590.0,1113.0,19.0,25.0,1856.0,12.0,55.3,55.4,48039.0,47091.0,34760.0,34760.0,17674.0,15304.0,37.1,http://commons.wikimedia.org/wiki/Special:FilePath/Campus%20Lake.jpg,,Gardner–Webb University
165671,002147,Emmanuel College,Boston,MA,02115,42.340602,-71.103634,https://www.emmanuel.edu/,https://collegepricecalculator.com/emmanuelcollege,private_nonprofit,city,21,False,False,False,30.0,75.6,considered_not_required,1170.0,1340.0,600.0,670.0,570.0,670.0,1250.0,,,1854.0,13.0,78.6,67.5,68245.0,65252.0,48550.0,48550.0,26706.0,20399.0,22.4,http://commons.wikimedia.org/wiki/Special:FilePath/Jean%20Yawkey%20Center%20-%20Emmanuel%20College%2C%20Massachusetts%20-%20DSC09832.JPG,http://commons.wikimedia.org/wiki/Special:FilePath/Emmanuel%20college%20ma%20logo.png,Emmanuel College
196112,011678,SUNY Polytechnic Institute,Utica,NY,13502,43.137701,-75.229841,https://www.sunypoly.edu/,https://www.sunypoly.edu/calculator.html,public,suburb,18,False,False,False,,81.3,considered_not_required,1025.0,1370.0,505.0,680.0,520.0,690.0,1201.0,22.0,30.0,1849.0,13.0,69.2,55.1,64355.0,23741.0,8625.0,21215.0,14164.0,7442.0,39.6,http://commons.wikimedia.org/wiki/Special:FilePath/CampusCenteeSUNYPI.jpg,http://commons.wikimedia.org/wiki/Special:FilePath/SUNY%20Poly%20Wordmark-288.png,SUNY Polytechnic Institute
162283,002068,Coppin State University,Baltimore,MD,21216-3698,39.311258,-76.658687,https://www.coppin.edu/,https://www.coppin.edu/financialaid/calculator,public,city,20,True,False,False,,45.8,considered_not_required,880.0,1020.0,460.0,510.0,420.0,510.0,975.0,,,1844.0,12.0,66.2,26.2,46490.0,23748.0,7100.0,14024.0,9977.0,7714.0,53.9,http://commons.wikimedia.org/wiki/Special:FilePath/J.%20Millard%20Tawes%20Student%20Center%2C%20Coppin%20State%20University%2C%202500%20W.%20North%20Avenue%2C%20Baltimore%2C%20MD%2021216%20%2827241897889%29.jpg,http://commons.wikimedia.org/wiki/Special:FilePath/Coppin%20State%20University%20wordmark%20logo%202021.svg,Coppin State University
196103,002851,SUNY College of Environmental Science and Forestry,Syracuse,NY,13210,43.034765,-76.138724,https://www.esf.edu/,https://www.esf.edu/tuition-aid/financialaid/netprice.php,public,city,16,False,False,False,,63.3,not_considered,,,,,,,,,,1839.0,14.0,87.0,66.3,55763.0,28133.0,9303.0,22263.0,18952.0,9473.0,19.7,http://commons.wikimedia.org/wiki/Special:FilePath/ESF-Marshall-Hall.jpg,,State University of New York College of Environmental Science and Forestry
221351,003519,Rhodes College,Memphis,TN,38112-1690,35.154405,-89.990803,https://www.rhodes.edu/,https://www.rhodes.edu/admission-aid/cost-affordability/net-price-calculator,private_nonprofit,city,21,False,False,False,66.0,50.3,considered_not_required,1300.0,1486.0,650.0,733.0,650.0,753.0,1362.0,26.0,32.0,1836.0,9.0,92.3,84.5,66651.0,71136.0,57110.0,57110.0,28585.0,15770.0,15.9,http://commons.wikimedia.org/wiki/Special:FilePath/Rhodes%20College%20Main.jpg,http://commons.wikimedia.org/wiki/Special:FilePath/Rhodes%20college%20textlogo.svg,Rhodes College
166674,002180,Massachusetts College of Art and Design,Boston,MA,02115-5882,42.336862,-71.099275,https://massart.edu/,https://massart.edu/net-price-calculator,public,city,30,False,False,False,,76.3,not_considered,,,,,,,,,,1831.0,9.0,89.1,68.9,43582.0,34239.0,15400.0,43400.0,24100.0,16351.0,29.5,http://commons.wikimedia.org/wiki/Special:FilePath/MassArt%20DMC.png,http://commons.wikimedia.org/wiki/Special:FilePath/MassArt%20Logo%20Black.png,Massachusetts College of Art and Design
173300,002346,Concordia College at Moorhead,Moorhead,MN,56562,46.862482,-96.76749,https://www.concordiacollege.edu/,https://www.concordiacollege.edu/tuition-aid/net-price-calculator/,private_nonprofit,suburb,21,False,False,False,39.0,62.6,considered_not_required,,,,,,,1190.0,21.0,26.0,1829.0,12.0,83.6,61.1,59317.0,45942.0,31170.0,31170.0,24902.0,20950.0,19.1,http://commons.wikimedia.org/wiki/Special:FilePath/2009-0522-Concordia-OldMain.jpg,http://commons.wikimedia.org/wiki/Special:FilePath/Concordia%20moorhead%20logo.png,Concordia College
154518,001895,Waldorf University,Forest City,IA,50436-1713,43.262923,-93.641714,https://www.waldorf.edu/,https://shoppingsheet.com/shopping/landing/waldorf,private_nonprofit,rural,19,False,False,False,39.0,77.0,not_considered,,,,,,,,,,1827.0,22.0,44.1,21.1,51165.0,39675.0,25978.0,25978.0,19693.0,16448.0,35.5,http://commons.wikimedia.org/wiki/Special:FilePath/Waldorf%20college%20campuscenter%20postcard.jpg,http://commons.wikimedia.org/wiki/Special:FilePath/Waldorf%20univ%20logo.png,Waldorf University
196200,002850,SUNY College at Potsdam,Potsdam,NY,13676-2294,44.662148,-74.973815,https://www.potsdam.edu/,https://www.suny.edu/howmuch/netpricecalculator.xhtml,public,town,19,False,False,False,,77.7,considered_not_required,,,,,,,,,,1823.0,11.0,77.7,45.3,47866.0,25083.0,8768.0,18678.0,13624.0,8623.0,40.3,http://commons.wikimedia.org/wiki/Special:FilePath/Satterlee%20Hall%20SUNY%20Potsdam%2C%20July%202016.jpg,http://commons.wikimedia.org/wiki/Special:FilePath/Potsdam%20univ%20textlogo.svg,State University of New York at Potsdam
128780,032343,Charter Oak State College,New Britain,CT,06051,41.666848,-72.781239,https://www.charteroak.edu/,https://www.charteroak.edu/net-price-calculator,public,suburb,21,False,False,False,,,,,,,,,,,,,1821.0,15.0,100.0,66.7,64209.0,23210.0,8506.0,8506.0,15815.0,,44.0,,,Charter Oak State College
218441,003441,North Greenville University,Tigerville,SC,29688-1892,35.069758,-82.37026,https://www.ngu.edu/,https://www.shoppingsheet.com/Shopping/School/218441,private_nonprofit,rural,20,False,False,False,75.0,66.7,considered_not_required,1060.0,1240.0,540.0,630.0,520.0,610.0,1156.0,20.0,28.0,1819.0,13.0,72.5,54.5,43035.0,42034.0,25800.0,25800.0,21063.0,18947.0,33.4,,http://commons.wikimedia.org/wiki/Special:FilePath/North%20greenville%20univ%20textlogo.png,North Greenville University
147679,001735,North Park University,Chicago,IL,60625-4895,41.975268,-87.709948,https://www.northpark.edu/,https://www.northpark.edu/Financial-Aid/Undergraduate/Cost/Net-Price-Calculator,private_nonprofit,city,18,False,False,False,37.0,68.5,not_considered,,,,,,,,,,1818.0,12.0,61.7,57.7,59572.0,44172.0,36710.0,36710.0,16948.0,14845.0,44.3,http://commons.wikimedia.org/wiki/Special:FilePath/Old%20Main%20NPU.jpg,http://commons.wikimedia.org/wiki/Special:FilePath/North%20park%20univ%20textlogo.png,North Park University
218973,003457,Wofford College,Spartanburg,SC,29303-3663,34.959411,-81.933568,https://www.wofford.edu/,https://wofford.studentaidcalculator.com/,private_nonprofit,city,21,False,False,False,71.0,51.9,considered_not_required,1198.0,1343.0,608.0,680.0,590.0,663.0,1296.0,27.0,31.0,1816.0,12.0,91.0,84.2,68964.0,72441.0,56005.0,56005.0,18732.0,8493.0,15.6,,http://commons.wikimedia.org/wiki/Special:FilePath/Wofford-Stacked-Black.png,Wofford College
146481,001706,Lake Forest College,Lake Forest,IL,60045-2338,42.249574,-87.827454,https://www.lakeforest.edu/,https://www.lakeforest.edu/admissions/financial-aid/financial-aid-for-new-students/net-price-calculator,private_nonprofit,suburb,21,False,False,False,,56.8,considered_not_required,1190.0,1393.0,600.0,713.0,590.0,680.0,1343.0,28.0,32.0,1813.0,13.0,89.9,77.8,61825.0,70655.0,56402.0,56402.0,28673.0,19605.0,32.2,http://commons.wikimedia.org/wiki/Special:FilePath/Young%20Hall%20of%20lake%20forest%20college.jpg,http://commons.wikimedia.org/wiki/Special:FilePath/Lake%20forest%20college%20textlogo.png,Lake Forest College
232706,003724,Marymount University,Arlington,VA,22207-4299,38.905562,-77.128785,https://www.marymount.edu/,https://marymount.clearcostcalculator.com/student/default/netpricecalculator/survey,private_nonprofit,city,17,False,False,False,30.0,93.2,not_considered,,,,,,,,,,1810.0,14.0,72.6,53.5,67516.0,57184.0,40920.0,40920.0,29137.0,27413.0,23.1,http://commons.wikimedia.org/wiki/Special:FilePath/Marymount%20Ballston.jpg,http://commons.wikimedia.org/wiki/Special:FilePath/Marymount%20univ%20textlogo.svg,Marymount University
215284,003379,University of Pittsburgh-Johnstown,Johnstown,PA,15904,40.265957,-78.834163,https://www.upj.pitt.edu/,https://pitt.studentaidcalculator.com/survey.aspx,public,suburb,22,False,False,False,,94.8,considered_not_required,985.0,1220.0,500.0,610.0,485.0,610.0,1105.0,22.0,27.0,1808.0,14.0,75.1,55.8,66125.0,30349.0,14906.0,26780.0,18202.0,10106.0,32.4,http://commons.wikimedia.org/wiki/Special:FilePath/University%20of%20Pittsburgh%20at%20Johnstown%20aerial%20photograph%2005.jpg,http://commons.wikimedia.org/wiki/Special:FilePath/Univ%20of%20pittsburgh%20johnstown%20textlogo.png,University of Pittsburgh at Johnstown
106412,001086,University of Arkansas at Pine Bluff,Pine Bluff,AR,71601,34.244031,-92.018683,https://www.uapb.edu/,https://www.uapb.edu/admissions/net-price-calculator,public,town,22,True,False,False,,41.2,required,845.0,1108.0,425.0,570.0,420.0,538.0,922.0,14.0,18.0,1807.0,12.0,64.2,40.4,35550.0,21129.0,9412.0,17992.0,12653.0,12302.0,69.5,,,University of Arkansas at Pine Bluff
240426,003925,University of Wisconsin-Superior,Superior,WI,54880-4500,46.717629,-92.091007,https://www.uwsuper.edu/,https://www.uwsuper.edu/paying-for-college/financial-aid/net-price-calculator/,public,suburb,19,False,False,False,,93.0,considered_not_required,,,,,,,1090.0,18.0,24.0,1807.0,18.0,71.8,41.9,49606.0,19860.0,8812.0,16726.0,12220.0,9679.0,30.8,http://commons.wikimedia.org/wiki/Special:FilePath/Swenson%20Hall%20at%20the%20University%20of%20Wisconsin-Superior.jpg,http://commons.wikimedia.org/wiki/Special:FilePath/Wisconsin%20superior%20univ%20logo.png,University of Wisconsin-Superior
482705,002199,Northeastern University Professional Programs,Boston,MA,02115,42.339992,-71.088782,https://www.northeastern.edu/,https://studentfinance.northeastern.edu/financial-tools-and-calculators/,private_nonprofit,city,17,False,False,False,,,,,,,,,,,,,1802.0,16.0,,,92538.0,,,,,,11.0,,,Northeastern University Professional Programs
212577,003265,Franklin and Marshall College,Lancaster,PA,17604-3003,40.048045,-76.319037,https://www.fandm.edu/,https://npc.collegeboard.org/student/app/fandm,private_nonprofit,city,21,False,False,False,,28.2,considered_not_required,1310.0,1463.0,660.0,730.0,650.0,733.0,1392.0,30.0,33.0,1799.0,9.0,90.2,83.8,76124.0,85776.0,70794.0,70794.0,36425.0,12321.0,15.8,http://commons.wikimedia.org/wiki/Special:FilePath/FnM%20NewCollegeHouse.jpg,http://commons.wikimedia.org/wiki/Special:FilePath/Franklin%20marshall%20college%20logo.svg,Franklin & Marshall College
199069,002949,University of Mount Olive,Mount Olive,NC,28365-0919,35.208166,-78.069388,https://umo.edu/,https://umo.edu/cost-calculator/,private_nonprofit,rural,20,False,False,False,100.0,75.8,considered_not_required,,,,,,,1050.0,18.0,24.0,1796.0,17.0,71.7,51.8,47139.0,38569.0,27366.0,27366.0,18853.0,18227.0,44.7,http://commons.wikimedia.org/wiki/Special:FilePath/Campus%207.10.18.jpg,http://commons.wikimedia.org/wiki/Special:FilePath/Mountolive%20univ%20logo.png,University of Mount Olive
191630,002731,Hobart William Smith Colleges,Geneva,NY,14456,42.858131,-76.985516,https://www.hws.edu/,https://www.hws.edu/admissions/tuition-scholarships-and-aid/financial-aid-calculators.aspx,private_nonprofit,town,21,False,False,False,,64.0,considered_not_required,1190.0,1385.0,610.0,700.0,580.0,685.0,1319.0,28.0,32.0,1786.0,11.0,86.4,77.2,68831.0,82602.0,65117.0,65117.0,31563.0,14650.0,25.1,http://commons.wikimedia.org/wiki/Special:FilePath/Hws%20coxe%20hall.JPG,http://commons.wikimedia.org/wiki/Special:FilePath/Hobart%20wsmith%20colleges%20textlogo.png,Hobart and William Smith Colleges
213826,003296,Marywood University,Scranton,PA,18509-1598,41.434587,-75.634142,https://www.marywood.edu/,https://collegepricecalculator.com/marywooduniversity,private_nonprofit,city,18,False,False,False,30.0,60.6,considered_not_required,1060.0,1250.0,530.0,640.0,530.0,610.0,1162.0,18.0,30.0,1784.0,11.0,79.8,71.7,55817.0,55582.0,41420.0,41420.0,23388.0,18941.0,32.0,,http://commons.wikimedia.org/wiki/Special:FilePath/Marywood%20University%20logo.png,Marywood University
443766,001459,Strayer University-Tennessee,Nashville,TN,37210,35.076643,-89.901042,https://www.strayer.edu/campus-locations/tennessee/thousand-oaks,https://strayer.aidcalc.cloud/netprice.htm,private_for_profit,city,29,False,False,False,,,,,,,,,,,,,1784.0,47.0,100.0,0.0,40092.0,25158.0,13920.0,13920.0,11645.0,3078.0,86.9,,,Strayer University-Tennessee
165529,002143,Curry College,Milton,MA,02186-2395,42.238061,-71.116539,https://www.curry.edu/,https://www.curry.edu/npc,private_nonprofit,suburb,20,False,False,False,,87.6,considered_not_required,1050.0,1230.0,530.0,620.0,520.0,610.0,1125.0,,,1780.0,12.0,66.2,51.1,54400.0,64020.0,47970.0,47970.0,29207.0,23806.0,30.9,http://commons.wikimedia.org/wiki/Special:FilePath/Campus%20view%20-%20Curry%20College%2C%20Milton%2C%20Massachusetts%20-%20DSC00656.JPG,http://commons.wikimedia.org/wiki/Special:FilePath/Curry%20college%20logo.png,Curry College
183789,007502,Berkeley College-Woodland Park,Woodland Park,NJ,07424,40.898587,-74.189483,https://berkeleycollege.edu/,https://berkeleycollege.studentaidcalculator.com/welcome.aspx,private_for_profit,suburb,20,False,False,False,,,,,,,,,,,,,1778.0,14.0,54.5,43.7,40251.0,44691.0,29800.0,29800.0,27100.0,25832.0,61.8,,,Berkeley College
173665,002354,Hamline University,Saint Paul,MN,55104-1284,44.966246,-93.164479,https://www.hamline.edu/,https://www.hamline.edu/admission-aid/financial-aid/tuition-fees/net-price-calculator,private_nonprofit,city,18,False,False,False,71.0,87.6,considered_not_required,1133.0,1391.0,568.0,728.0,565.0,663.0,1160.0,19.0,28.0,1776.0,14.0,78.2,60.5,61106.0,58110.0,50004.0,50004.0,20744.0,15371.0,40.7,http://commons.wikimedia.org/wiki/Special:FilePath/Hamline%20University%20Old%20Main.jpg,http://commons.wikimedia.org/wiki/Special:FilePath/Hamline%20U-Logo.svg,Hamline University
184612,002610,Felician University,Lodi,NJ,07644,40.867272,-74.096452,https://www.felician.edu/,https://felician.edu/admissions/undergraduate-admissions/net-price-calculator,private_nonprofit,suburb,19,False,False,False,30.0,,,,,,,,,,,,1774.0,15.0,75.7,47.2,57602.0,50316.0,39300.0,39300.0,40045.0,39626.0,52.5,http://commons.wikimedia.org/wiki/Special:FilePath/Iviswold2009.jpg,http://commons.wikimedia.org/wiki/Special:FilePath/Felician%20univ%20logo.png,Felician University
168281,002227,Wheaton College (Massachusetts),Norton,MA,02766-2322,41.966637,-71.183979,https://www.wheatoncollege.edu/,https://collegepricecalculator.com/wheatoncollegema,private_nonprofit,suburb,21,False,False,False,,67.7,considered_not_required,1220.0,1390.0,640.0,720.0,580.0,670.0,1308.0,29.0,33.0,1773.0,11.0,82.2,72.8,67725.0,79311.0,63960.0,63960.0,29822.0,20076.0,22.2,http://commons.wikimedia.org/wiki/Special:FilePath/Wheaton%20College%20%28MA%29%20Sign.jpg,,Wheaton College
163462,002086,Mount St. Mary's University,Emmitsburg,MD,21727-7799,39.681705,-77.351887,https://msmary.edu/,https://msmary.edu/admissions/financial-aid/net-price-calculator.html,private_nonprofit,rural,19,False,False,False,30.0,73.8,considered_not_required,1046.0,1280.0,543.0,660.0,503.0,620.0,1176.0,19.0,27.0,1768.0,13.0,70.8,65.4,64072.0,63731.0,48630.0,48630.0,22655.0,11603.0,31.1,http://commons.wikimedia.org/wiki/Special:FilePath/MountStMarysSign.JPG,,Mount St. Mary's University
233426,003736,Roanoke College,Salem,VA,24153-3794,37.294861,-80.055467,https://www.roanoke.edu/,https://admapp.roanoke.edu/netcalc,private_nonprofit,suburb,21,False,False,False,39.0,83.1,considered_not_required,1090.0,1300.0,560.0,660.0,530.0,640.0,1211.0,24.0,31.0,1767.0,11.0,75.7,67.4,58047.0,54283.0,38068.0,38068.0,24503.0,15204.0,24.4,http://commons.wikimedia.org/wiki/Special:FilePath/Administration%20Snow%20%288474594858%29.jpg,http://commons.wikimedia.org/wiki/Special:FilePath/RoanokeCollegeWorkmark1.png,Roanoke College
174899,002343,The College of Saint Scholastica,Duluth,MN,55811-4199,46.816082,-92.106134,https://www.css.edu/,https://www.css.edu/admissions-and-aid/financial-aid/forms-and-resources/net-price-calculator/,private_nonprofit,city,17,False,False,False,30.0,93.0,considered_not_required,,,,,,,1120.0,19.0,25.0,1765.0,12.0,81.8,70.5,65934.0,55103.0,41778.0,41778.0,27846.0,14433.0,24.8,http://commons.wikimedia.org/wiki/Special:FilePath/2009-0617-CSS-TowerHall.jpg,http://commons.wikimedia.org/wiki/Special:FilePath/College%20st%20scholastica%20textlogo.png,College of St. Scholastica
236577,003788,Seattle Pacific University,Seattle,WA,98119-1997,47.650214,-122.361667,https://spu.edu/,https://spu.edu/undergraduate-admissions/scholarships-financial-aid/net-price-calculator,private_nonprofit,city,17,False,False,False,64.0,83.4,not_considered,,,,,,,,,,1762.0,13.0,72.4,62.0,64506.0,56826.0,40407.0,40407.0,24488.0,20735.0,35.3,http://commons.wikimedia.org/wiki/Special:FilePath/Seattle%20Pacific%20University%20Peterson%20Hall%2007.jpg,http://commons.wikimedia.org/wiki/Special:FilePath/Seattle%20pacific%20univ%20logo.png,Seattle Pacific University
160977,002036,Bates College,Lewiston,ME,04240,44.105299,-70.203333,https://www.bates.edu/,https://npc.collegeboard.org/app/bates,private_nonprofit,city,21,False,False,False,,13.3,considered_not_required,1420.0,1530.0,710.0,750.0,710.0,780.0,1468.0,31.0,34.0,1760.0,9.0,91.3,89.7,69498.0,83532.0,66590.0,66590.0,29351.0,2397.0,11.5,http://commons.wikimedia.org/wiki/Special:FilePath/Bates%20College%20Chapel.jpg,http://commons.wikimedia.org/wiki/Special:FilePath/Bates%20College%20wordmark.svg,Bates College
147013,001722,McKendree University,Lebanon,IL,62254-1291,38.608154,-89.816822,https://www.mckendree.edu/,https://mckendree.studentaidcalculator.com/survey.aspx,private_nonprofit,suburb,19,False,False,False,71.0,71.7,not_considered,,,,,,,,,,1752.0,16.0,67.3,53.3,58572.0,48845.0,34740.0,34740.0,24717.0,21928.0,33.6,http://commons.wikimedia.org/wiki/Special:FilePath/Clark%20Hall.JPG,http://commons.wikimedia.org/wiki/Special:FilePath/Mckendree%20University%20Logo.png,McKendree University
167899,002211,Springfield College,Springfield,MA,01109-3739,42.1022,-72.556647,https://springfield.edu/,https://springfield.edu/admissions/undergraduate-admissions/net-price-calculator,private_nonprofit,city,17,False,False,False,,71.9,considered_not_required,1080.0,1330.0,570.0,690.0,510.0,640.0,1275.0,27.0,29.0,1751.0,11.0,80.7,74.2,48036.0,60729.0,45174.0,45174.0,30587.0,22519.0,22.4,http://commons.wikimedia.org/wiki/Special:FilePath/Springfield%20College%2C%20Springfield%2C%20Mass%20%2861510%29.jpg,http://commons.wikimedia.org/wiki/Special:FilePath/Springfield%20College%20%28MA%29%20logo.png,Springfield College
483036,042295,Texas A&M University-Central Texas,Killeen,TX,76549,31.053407,-97.775182,https://tamuct.edu/,https://www.collegeforalltexans.com/apps/CollegeMoney/,public,rural,19,False,False,False,,100.0,not_considered,,,,,,,,,,1750.0,16.0,,,,14187.0,7363.0,17154.0,1300.0,2949.0,50.3,http://commons.wikimedia.org/wiki/Special:FilePath/TAMUCT%20Founder%27s%20Hall.jpg,,Texas A&M University–Central Texas
229160,003645,Texas Wesleyan University,Fort Worth,TX,76105-1536,32.732962,-97.279613,https://www.txwes.edu/,https://txwes.edu/admissions/financial-aid--scholarships/cost-of-college/net-price-calculator/,private_nonprofit,city,17,False,False,False,71.0,69.2,considered_not_required,1020.0,1100.0,500.0,520.0,520.0,580.0,1070.0,,,1741.0,12.0,60.8,31.5,54053.0,57451.0,39582.0,39582.0,24066.0,21812.0,44.7,http://commons.wikimedia.org/wiki/Special:FilePath/Texas%20Womans%20College%20%2820102140%29.jpg,,Texas Wesleyan University
221892,003526,Trevecca Nazarene University,Nashville,TN,37210,36.141324,-86.754238,https://www.trevecca.edu/,https://www.trevecca.edu/admissions/financial-aid/net-price-calculator,private_nonprofit,city,17,False,False,False,59.0,69.4,considered_not_required,980.0,1235.0,510.0,610.0,470.0,625.0,1091.0,18.0,24.0,1737.0,20.0,73.6,53.1,49378.0,41548.0,31300.0,31300.0,16813.0,14532.0,32.3,http://commons.wikimedia.org/wiki/Special:FilePath/Trevecca%20Nazarene%20University%20Waggoner%20Library.JPG,http://commons.wikimedia.org/wiki/Special:FilePath/Trevecca%20nazarene%20univ%20logo.png,Trevecca Nazarene University
203535,003065,Kenyon College,Gambier,OH,43022,40.374408,-82.397977,https://www.kenyon.edu/,https://www.kenyon.edu/admissions-aid/financial-aid-scholarships/estimate-financial-aid/,private_nonprofit,rural,21,False,False,False,,31.0,considered_not_required,1358.0,1503.0,680.0,743.0,678.0,760.0,1429.0,31.0,33.0,1732.0,9.0,91.6,82.3,71830.0,87590.0,71520.0,71520.0,38512.0,18242.0,9.5,http://commons.wikimedia.org/wiki/Special:FilePath/Kenyon%20College%20Ransom%20Hall%202.jpg,http://commons.wikimedia.org/wiki/Special:FilePath/Kenyon%20logotype%20purple.png,Kenyon College
206589,003037,The College of Wooster,Wooster,OH,44691,40.81046,-81.934674,https://wooster.edu/,https://wooster.edu/admissions/afford/net-price-calculator/,private_nonprofit,town,21,False,False,False,,59.5,considered_not_required,1220.0,1460.0,630.0,740.0,590.0,720.0,1353.0,27.0,33.0,1730.0,10.0,82.1,73.9,59629.0,75656.0,61640.0,61640.0,23458.0,12512.0,20.9,http://commons.wikimedia.org/wiki/Special:FilePath/COWkaukehall.jpg,http://commons.wikimedia.org/wiki/Special:FilePath/WOOSTER%20primary%203c.png,College of Wooster
153384,001868,Grinnell College,Grinnell,IA,50112-1690,41.747952,-92.722094,https://www.grinnell.edu/,https://npc.collegeboard.org/student/app/grinnell,private_nonprofit,town,21,False,False,False,,14.5,considered_not_required,1410.0,1540.0,700.0,750.0,710.0,790.0,1486.0,31.0,34.0,1729.0,9.0,92.6,88.1,62830.0,83440.0,68106.0,68106.0,17648.0,9970.0,17.9,http://commons.wikimedia.org/wiki/Special:FilePath/Grinnell%20002.JPG,,Grinnell College
174075,004069,University of Minnesota-Crookston,Crookston,MN,56716-5001,47.802536,-96.606188,https://crk.umn.edu/,https://www.shoppingsheet.com/shopping/landing/umn-crookston,public,town,22,False,False,False,,87.9,not_considered,,,,,,,,,,1729.0,18.0,80.0,49.8,58056.0,26068.0,13288.0,13288.0,12212.0,5758.0,20.2,http://commons.wikimedia.org/wiki/Special:FilePath/University%20of%20Minnesota%20Crookston%2C%20aerial%20view%202023.jpg,http://commons.wikimedia.org/wiki/Special:FilePath/Minnesota%20crookston%20univ%20wordmark.png,University of Minnesota Crookston
214175,003304,Muhlenberg College,Allentown,PA,18104,40.596416,-75.508502,https://www.muhlenberg.edu/,https://www.muhlenberg.edu/financialaid/prospectivestudents/netpricecalculator/,private_nonprofit,city,21,False,False,False,39.0,72.0,considered_not_required,1250.0,1410.0,640.0,710.0,610.0,700.0,1343.0,29.0,33.0,1727.0,9.0,89.9,82.2,69107.0,77270.0,62805.0,62805.0,28905.0,12302.0,21.2,http://commons.wikimedia.org/wiki/Special:FilePath/HaasCollegeCenterMuhlenbergbd90cfe84482b61f87d98590b454139b.jpg,http://commons.wikimedia.org/wiki/Special:FilePath/Muhlenberg%20college%20full%20logo.png,Muhlenberg College
119173,001243,Mount Saint Mary's University,Los Angeles,CA,90049-1599,34.085315,-118.482879,https://www.msmu.edu/,https://www.msmu.edu/admission--aid/financial-aid/undergraduate-students/net-price-calculator/,private_nonprofit,city,18,False,False,True,30.0,73.1,not_considered,,,,,,,,,,1719.0,8.0,71.1,53.2,72379.0,66726.0,49564.0,49564.0,21413.0,23849.0,57.1,http://commons.wikimedia.org/wiki/Special:FilePath/052607-011-DohenyMansion.jpg,,"Mount Saint Mary's University, Los Angeles"
217873,003424,Claflin University,Orangeburg,SC,29115-4498,33.498444,-80.854319,https://www.claflin.edu/,https://www.claflin.edu/admissions-aid/tuition-and-fees/cost-of-attending-claflin,private_nonprofit,town,21,True,False,False,71.0,64.9,not_considered,,,,,,,,,,1706.0,13.0,75.5,51.6,40304.0,33530.0,18282.0,18282.0,17800.0,16354.0,73.5,http://commons.wikimedia.org/wiki/Special:FilePath/Claflin%20University%20%2839685359505%29.jpg,http://commons.wikimedia.org/wiki/Special:FilePath/Claflin%20univ%20simplelogo.svg,Claflin University
482936,042634,Florida Polytechnic University,Lakeland,FL,33805-8531,28.150149,-81.845995,https://floridapoly.edu/,https://floridapoly.studentaidcalculator.com/survey.aspx,public,rural,22,False,False,False,,57.5,required,1170.0,1340.0,590.0,670.0,580.0,670.0,1268.0,24.0,30.0,1689.0,17.0,74.8,54.9,,21817.0,4940.0,21005.0,11853.0,8819.0,32.6,http://commons.wikimedia.org/wiki/Special:FilePath/Florida%20Polytechnic%20University%20%2825811685378%29.jpg,,Florida Polytechnic University
189705,002681,Canisius University,Buffalo,NY,14208-1098,42.925206,-78.852577,https://www.canisius.edu/,https://canisius.studentaidcalculator.com/welcome.aspx,private_nonprofit,city,18,False,False,False,30.0,72.4,not_considered,,,,,,,,,,1685.0,11.0,72.6,66.4,60681.0,44322.0,34500.0,34500.0,17940.0,12781.0,32.2,http://commons.wikimedia.org/wiki/Special:FilePath/Canisius%20College%20-%20Quad%202.jpg,http://commons.wikimedia.org/wiki/Special:FilePath/Canisius%20College%20Logo2.svg,Canisius University
213507,003288,Lebanon Valley College,Annville,PA,17003-1400,40.330604,-76.514431,https://www.lvc.edu/,https://collegepricecalculator.com/lebanonvalleycollege,private_nonprofit,suburb,20,False,False,False,71.0,83.8,considered_not_required,1140.0,1302.0,580.0,652.0,560.0,650.0,1240.0,,,1684.0,11.0,83.0,65.0,62621.0,66497.0,52080.0,52080.0,26979.0,20788.0,24.9,http://commons.wikimedia.org/wiki/Special:FilePath/LVC%20Peace%20Garden.jpg,http://commons.wikimedia.org/wiki/Special:FilePath/Lebanon%20valley%20college%20penn%20logo.png,Lebanon Valley College
195173,002820,St. Francis College,Brooklyn,NY,11201,40.690233,-73.986559,https://www.sfc.edu/,https://www.sfc.edu/admissions-aid/office-of-financial-aid/net-price-calculator,private_nonprofit,city,22,False,False,False,,,,,,,,,,,,,1684.0,15.0,64.8,54.6,58099.0,38098.0,28775.0,28775.0,18129.0,15700.0,55.7,http://commons.wikimedia.org/wiki/Special:FilePath/St%20Francis%20College%20J41%20jeh.JPG,http://commons.wikimedia.org/wiki/Special:FilePath/St%20francis%20college%20logo%202023.png,St. Francis College
141486,001605,Chaminade University of Honolulu,Honolulu,HI,96816-1578,21.28995,-157.807851,https://www.chaminade.edu/,https://chaminade.studentaidcalculator.com/survey.aspx,private_nonprofit,city,19,False,False,False,30.0,91.4,considered_not_required,970.0,1250.0,490.0,625.0,480.0,625.0,1060.0,,,1672.0,11.0,70.4,55.4,52343.0,45798.0,30874.0,30874.0,28856.0,31589.0,41.3,,http://commons.wikimedia.org/wiki/Special:FilePath/Chaminade%20univ%20text%20logo.png,Chaminade University of Honolulu
214069,003247,Misericordia University,Dallas,PA,18612-1098,41.345277,-75.971541,https://www.misericordia.edu/,https://misericordia.aidcalc.cloud/,private_nonprofit,suburb,17,False,False,False,30.0,70.9,not_considered,,,,,,,,,,1672.0,11.0,77.6,71.7,64313.0,53648.0,40370.0,40370.0,37485.0,36759.0,27.2,http://commons.wikimedia.org/wiki/Special:FilePath/Mercy%20Hall%20Misericordia%20University%20exterior%2006.jpg,http://commons.wikimedia.org/wiki/Special:FilePath/Misericordia%20univ%20textlogo.png,Misericordia University
167783,002208,Simmons University,Boston,MA,02115-5898,42.3393,-71.099967,https://www.simmons.edu/,https://www.simmons.edu/undergraduate/admission-and-financial-aid/tuition-financial-aid,private_nonprofit,city,17,False,False,True,,70.0,considered_not_required,1220.0,1390.0,620.0,700.0,600.0,690.0,1316.0,26.0,34.0,1670.0,9.0,84.8,72.3,63494.0,63460.0,46874.0,46874.0,25265.0,18027.0,33.2,http://commons.wikimedia.org/wiki/Special:FilePath/2018%20Simmons%20University%2C%20Boston.jpg,http://commons.wikimedia.org/wiki/Special:FilePath/Simmons%20University%20Boston%20Word%20mark.png,Simmons University
164562,002118,Assumption University,Worcester,MA,01609-1296,42.294226,-71.828991,https://www.assumption.edu/,https://www.assumption.edu/admissions-financial-aid/undergraduate-admissions-and-financial-aid/undergraduate-tuition-and-fees,private_nonprofit,city,19,False,False,False,30.0,83.0,not_considered,,,,,,,,,,1669.0,11.0,83.9,75.2,74895.0,65551.0,51356.0,51356.0,29498.0,19885.0,22.0,http://commons.wikimedia.org/wiki/Special:FilePath/Assumption%20College%20Pond%20Maison.jpg,http://commons.wikimedia.org/wiki/Special:FilePath/Assumpt%20univ%20textlogo.png,Assumption University
170675,002279,Lawrence Technological University,Southfield,MI,48075-1058,42.474072,-83.25003,https://www.ltu.edu/,https://ltu.studentaidcalculator.com/survey.aspx,private_nonprofit,city,18,False,False,False,,55.9,not_considered,,,,,,,,,,1668.0,11.0,78.4,60.6,69151.0,58166.0,44760.0,44760.0,32918.0,25980.0,15.5,,http://commons.wikimedia.org/wiki/Special:FilePath/Logo%20of%20Lawrence%20Technological%20University.svg,Lawrence Technological University
233684,001459,Strayer University-Virginia,Arlington,VA,22201,38.890995,-77.085294,https://www.strayer.edu/campus-locations/virginia/arlington,https://strayer.aidcalc.cloud/netprice.htm,private_for_profit,city,18,False,False,False,,,,,,,,,,,,,1668.0,47.0,75.0,36.4,40092.0,25158.0,13920.0,13920.0,19578.0,19578.0,59.4,,,Strayer University-Virginia
245953,006942,Mid-America Christian University,Oklahoma City,OK,73170,35.347785,-97.578297,https://www.macu.edu/,https://www.macu.edu/netpricecalculator/,private_nonprofit,city,19,False,False,False,57.0,91.8,considered_not_required,,,,,,,1020.0,17.0,19.0,1666.0,14.0,65.1,44.2,46116.0,31313.0,21294.0,21294.0,16692.0,14517.0,52.9,,,Mid-America Christian University
121345,001173,Pomona College,Claremont,CA,91711-4434,34.099027,-117.714556,https://www.pomona.edu/,https://npc.collegeboard.org/student/app/pomona,private_nonprofit,suburb,21,False,False,False,,7.1,considered_not_required,1490.0,1560.0,740.0,770.0,750.0,790.0,1534.0,33.0,35.0,1666.0,7.0,97.5,93.2,77779.0,85300.0,65420.0,65420.0,19285.0,4841.0,19.5,http://commons.wikimedia.org/wiki/Special:FilePath/Crookshank%20Hall.jpg,http://commons.wikimedia.org/wiki/Special:FilePath/Pomona%20College%20logo.svg,Pomona College
136774,012574,Ringling College of Art and Design,Sarasota,FL,34234-5895,27.360931,-82.547803,https://www.ringling.edu/,https://npc.collegeboard.org/student/app/ringling,private_nonprofit,city,30,False,False,False,,69.7,not_considered,,,,,,,,,,1662.0,11.0,86.4,72.1,43325.0,80276.0,57900.0,57900.0,57742.0,47261.0,21.1,,,Ringling College of Art and Design
239716,003892,Saint Norbert College,De Pere,WI,54115-2099,44.44483,-88.067812,https://www.snc.edu/,https://www.snc.edu/affordability/net-price-calculator.html,private_nonprofit,suburb,21,False,False,False,30.0,85.7,considered_not_required,1033.0,1290.0,525.0,680.0,508.0,610.0,1182.0,21.0,28.0,1662.0,14.0,83.7,71.3,58363.0,59422.0,45580.0,45580.0,26172.0,19721.0,14.7,http://commons.wikimedia.org/wiki/Special:FilePath/St.%20Norbert%20College%20Main%20Hall.jpg,http://commons.wikimedia.org/wiki/Special:FilePath/St%20norbert%20college%20wi%20textlogo.png,St. Norbert College
197197,002899,Wagner College,Staten Island,NY,10301-4495,40.615588,-74.092913,https://www.wagner.edu/,https://wagner.edu/financial-aid/forms/net-price-calculator/,private_nonprofit,city,19,False,False,False,67.0,88.0,considered_not_required,1190.0,1290.0,600.0,660.0,590.0,630.0,1243.0,23.0,28.0,1651.0,11.0,83.4,65.1,74360.0,65574.0,53200.0,53200.0,28241.0,20993.0,23.8,http://commons.wikimedia.org/wiki/Special:FilePath/Wagner%20College%20From%20End%20of%20Parking%20Lot.jpg,http://commons.wikimedia.org/wiki/Special:FilePath/Wagner%20College%20wordmark.png,Wagner College
190725,002808,Daemen University,Amherst,NY,14226-3592,42.965605,-78.788111,https://www.daemen.edu/,https://www.daemen.edu/admissions/tuition-fees,private_nonprofit,suburb,17,False,False,False,,68.3,not_considered,,,,,,,,,,1643.0,12.0,75.7,58.9,61808.0,45192.0,35218.0,35218.0,18693.0,10773.0,46.2,,http://commons.wikimedia.org/wiki/Special:FilePath/DaemenCollege-nameplate.png,Daemen University
233295,003733,Randolph-Macon College,Ashland,VA,23005-5505,37.76043,-77.478416,https://www.rmc.edu/,https://www.rmc.edu/admissions-and-aid/tuition-and-aid/cost-of-attendance/#net-price-calculator,private_nonprofit,suburb,21,False,False,False,71.0,86.6,considered_not_required,980.0,1220.0,500.0,630.0,480.0,590.0,1095.0,21.0,27.0,1639.0,11.0,83.7,70.5,58448.0,63985.0,49466.0,49466.0,27866.0,16601.0,19.9,http://commons.wikimedia.org/wiki/Special:FilePath/RANDOLPH%20MACON%20COLLEGE%20BUILDINGS.jpg,,Randolph–Macon College
170806,002282,Madonna University,Livonia,MI,48150-1176,42.384323,-83.404722,https://www.madonna.edu/,https://ww4.madonna.edu/NetPriceCalc_20/index.html,private_nonprofit,city,19,False,False,False,30.0,63.4,considered_not_required,880.0,1080.0,460.0,540.0,420.0,540.0,980.0,,,1632.0,11.0,71.5,60.0,59058.0,41038.0,28440.0,28440.0,17755.0,14759.0,30.4,http://commons.wikimedia.org/wiki/Special:FilePath/Madonna%20University.jpg,,Madonna University
211981,003252,Delaware Valley University,Doylestown,PA,18901-2697,40.298659,-75.158452,https://www.delval.edu/,https://delval.studentaidcalculator.com/survey.aspx,private_nonprofit,suburb,20,False,False,False,,93.2,considered_not_required,1090.0,1303.0,560.0,663.0,530.0,640.0,1204.0,23.0,30.0,1628.0,14.0,69.3,55.9,55838.0,59933.0,44850.0,44850.0,28278.0,21896.0,29.9,http://commons.wikimedia.org/wiki/Special:FilePath/Delaware%20Valley%20University%20-%20Roth%20Center%20for%20Sustainable%20Agriculture%2C%20Montgomery%20County%2C%20Pennsylvania.jpg,http://commons.wikimedia.org/wiki/Special:FilePath/Delaware%20valley%20univ%20logo.svg,Delaware Valley University
117751,001220,The Master's University and Seminary,Santa Clarita,CA,91321-1200,34.381755,-118.518193,https://www.masters.edu/,https://www.masters.edu/financial-aid/total-cost-calculator,private_nonprofit,suburb,17,False,False,False,42.0,84.0,not_considered,,,,,,,,,,1622.0,13.0,84.7,67.7,57106.0,54845.0,39020.0,39020.0,32647.0,24624.0,21.2,http://commons.wikimedia.org/wiki/Special:FilePath/TMC%20Aerial.jpg,http://commons.wikimedia.org/wiki/Special:FilePath/Tmu%20logo%20navy-gold.png,The Master's University
209065,003198,Linfield University,McMinnville,OR,97128-6894,45.201173,-123.199642,https://www.linfield.edu/,https://www.linfield.edu/financial-aid/net-price-calculator.html,private_nonprofit,town,21,False,False,False,,85.2,not_considered,,,,,,,,,,1621.0,10.0,79.7,70.5,78638.0,65935.0,50850.0,50850.0,26536.0,20059.0,30.3,http://commons.wikimedia.org/wiki/Special:FilePath/RileyCenter%20%28Linfield%20College%29.jpg,http://commons.wikimedia.org/wiki/Special:FilePath/Linfield%20univ%20textlogo.png,Linfield University
175616,002403,Delta State University,Cleveland,MS,38733,33.744745,-90.735365,https://www.deltastate.edu/,https://www.deltastate.edu/financial-aid/net-price-calculator/,public,town,18,False,False,False,,100.0,required,925.0,1210.0,475.0,590.0,450.0,620.0,1050.0,17.0,23.0,1620.0,12.0,66.7,48.1,41991.0,22445.0,8605.0,8605.0,13540.0,12223.0,41.8,http://commons.wikimedia.org/wiki/Special:FilePath/Bologna%20Performing%20Arts%20Center.jpg,http://commons.wikimedia.org/wiki/Special:FilePath/DeltaStateUniversity.png,Delta State University
164270,002109,McDaniel College,Westminster,MD,21157,39.584231,-77.001992,https://www.mcdaniel.edu/,https://www.mcdaniel.edu/admissions-cost/cost-financial-aid/net-price-calculator,private_nonprofit,town,18,False,False,False,,77.9,not_considered,,,,,,,,,,1617.0,13.0,76.0,63.3,60663.0,65294.0,52081.0,52081.0,21916.0,12210.0,36.1,http://commons.wikimedia.org/wiki/Special:FilePath/Mcdanielcollegeview.jpg,http://commons.wikimedia.org/wiki/Special:FilePath/Mcdaniel%20college%20logo.png,McDaniel College
216287,003370,Swarthmore College,Swarthmore,PA,19081,39.905159,-75.354278,https://www.swarthmore.edu/,https://www.swarthmore.edu/financial-aid/net-price-calculator,private_nonprofit,suburb,21,False,False,False,,7.5,considered_not_required,1490.0,1560.0,740.0,770.0,750.0,790.0,1534.0,33.0,35.0,1613.0,7.0,94.0,92.3,80257.0,84103.0,65494.0,65494.0,23149.0,7690.0,19.5,http://commons.wikimedia.org/wiki/Special:FilePath/Parrish%20Hall.jpg,http://commons.wikimedia.org/wiki/Special:FilePath/Swarthmore%20college%20simplelogo.png,Swarthmore College
221519,003534,The University of the South,Sewanee,TN,37383-1000,35.204719,-85.920179,https://www.sewanee.edu/,https://collegepricecalculator.com/sewanee,private_nonprofit,rural,21,False,False,False,73.0,56.9,considered_not_required,1260.0,1390.0,640.0,710.0,620.0,680.0,1344.0,27.0,31.0,1607.0,9.0,88.9,79.8,64911.0,71986.0,56120.0,56120.0,27872.0,10485.0,15.8,http://commons.wikimedia.org/wiki/Special:FilePath/All%20Saints%27%20Chapel%2C%20The%20University%20of%20the%20South.jpg,http://commons.wikimedia.org/wiki/Special:FilePath/Sewanee.png,Sewanee: The University of the South
221971,003528,Union University,Jackson,TN,38305-3697,35.676896,-88.858524,https://www.uu.edu/,https://www.uu.edu/financialaid/undergraduate/npc/,private_nonprofit,city,17,False,False,False,75.0,60.4,considered_not_required,1160.0,1390.0,600.0,710.0,560.0,680.0,1256.0,22.0,30.0,1607.0,9.0,89.0,66.0,53990.0,58363.0,40025.0,40025.0,27171.0,25839.0,24.5,,http://commons.wikimedia.org/wiki/Special:FilePath/Union%20university%20textlogo.png,Union University
176035,002422,Mississippi University for Women,Columbus,MS,39701,33.493305,-88.418601,https://www.muw.edu/,https://app.meadowfi.com/the_w,public,town,20,False,False,False,,90.3,considered_not_required,,,,,,,1090.0,17.0,24.0,1605.0,10.0,67.3,46.8,46128.0,22225.0,8492.0,8492.0,12411.0,10676.0,40.3,http://commons.wikimedia.org/wiki/Special:FilePath/Front%20Campus%20picture%20of%20Mississippi%20University%20for%20Women.jpg,http://commons.wikimedia.org/wiki/Special:FilePath/Mississippi%20univ%20for%20women%20w%20logo.png,Mississippi University for Women
168528,002234,Adrian College,Adrian,MI,49221-2575,41.898591,-84.061481,https://www.adrian.edu/,https://www.adrian.edu/financial-aid/net-price-calculator,private_nonprofit,town,22,False,False,False,71.0,72.5,considered_not_required,873.0,1140.0,443.0,580.0,430.0,560.0,1034.0,21.0,27.0,1604.0,16.0,65.4,48.4,55504.0,56003.0,41684.0,41684.0,25368.0,19542.0,30.8,http://commons.wikimedia.org/wiki/Special:FilePath/Herrick%20Tower%20Adrian%20College.JPG,http://commons.wikimedia.org/wiki/Special:FilePath/Adrian%20college%20logo%20black.png,Adrian College
163912,002095,St. Mary's College of Maryland,St. Mary's City,MD,20686,38.188047,-76.430994,https://www.smcm.edu/,https://collegepricecalculator.com/smcm,public,rural,21,False,False,False,,68.6,considered_not_required,1143.0,1340.0,590.0,690.0,553.0,650.0,1261.0,26.0,31.0,1603.0,10.0,85.8,70.0,60110.0,31865.0,15298.0,31374.0,18441.0,2889.0,21.1,http://commons.wikimedia.org/wiki/Special:FilePath/Calvert%20Hall.jpg,http://commons.wikimedia.org/wiki/Special:FilePath/St%20mary%20college%20md%20logo.png,St. Mary's College of Maryland
107512,001102,Ouachita Baptist University,Arkadelphia,AR,71998-0001,34.126093,-93.052471,https://obu.edu/,https://obu.edu/netpricecalculator,private_nonprofit,town,21,False,False,False,75.0,67.5,considered_not_required,1070.0,1280.0,540.0,650.0,530.0,630.0,1211.0,22.0,28.0,1602.0,14.0,82.5,61.4,51673.0,47321.0,34500.0,34500.0,22409.0,15207.0,23.4,http://commons.wikimedia.org/wiki/Special:FilePath/Ouachita%20Baptist%20University%20011.jpg,http://commons.wikimedia.org/wiki/Special:FilePath/Ouachita%20baptist%20univ%20logo.png,Ouachita Baptist University
153250,001859,Dordt University,Sioux Center,IA,51250-1606,43.082527,-96.166562,https://www.dordt.edu/,https://www.dordt.edu/admissions-and-aid/cost/net-price-calculator,private_nonprofit,town,20,False,False,False,35.0,68.5,considered_not_required,1070.0,1330.0,540.0,670.0,530.0,660.0,1221.0,21.0,29.0,1597.0,14.0,84.7,70.1,52559.0,51733.0,37050.0,37050.0,25807.0,22597.0,20.2,,,Dordt University
236328,003797,University of Puget Sound,Tacoma,WA,98416,47.26308,-122.478982,https://www.pugetsound.edu/,https://collegepricecalculator.com/UniversityofPugetSound,private_nonprofit,city,21,False,False,False,,72.2,considered_not_required,1170.0,1380.0,610.0,710.0,560.0,670.0,1296.0,27.0,31.0,1594.0,10.0,84.0,68.0,69594.0,78378.0,62898.0,62898.0,38394.0,23643.0,17.3,http://commons.wikimedia.org/wiki/Special:FilePath/UPS%20-%20Langdon%2C%20Harrington%2C%20%26%20Schiff%20Halls%2001.jpg,http://commons.wikimedia.org/wiki/Special:FilePath/Puget%20sound%20textlogo.png,University of Puget Sound
210401,003227,Willamette University,Salem,OR,97301,44.935457,-123.030537,https://www.willamette.edu/,https://willamette.edu/cost-aid/financial-aid/cost-calculator,private_nonprofit,city,21,False,False,False,,77.1,considered_not_required,1240.0,1440.0,640.0,730.0,600.0,710.0,1377.0,28.0,33.0,1592.0,13.0,86.5,71.2,56911.0,67501.0,51156.0,51156.0,25121.0,16182.0,23.5,http://commons.wikimedia.org/wiki/Special:FilePath/WillametteUniversityStream.jpg,http://commons.wikimedia.org/wiki/Special:FilePath/Willamette%20univ%20textlogo.png,Willamette University
128391,001372,Western Colorado University,Gunnison,CO,81231,38.549936,-106.919132,https://www.western.edu/,https://western.edu/admissions/financial-services/tuition-and-costs/net-price-calculator/,public,town,19,False,False,False,,99.7,considered_not_required,1163.0,1353.0,608.0,683.0,555.0,670.0,1230.0,22.0,26.0,1586.0,17.0,72.4,50.5,46833.0,25736.0,11318.0,24434.0,16425.0,11490.0,12.0,http://commons.wikimedia.org/wiki/Special:FilePath/State%20Normal%20School%20Building.jpg,http://commons.wikimedia.org/wiki/Special:FilePath/Western%20colorado%20univ%20textlogo.png,Western Colorado University
201548,003023,Capital University,Columbus,OH,43209-2394,39.954875,-82.937867,https://www.capital.edu/,https://www.capital.edu/admission-aid/office-of-financial-aid/,private_nonprofit,suburb,18,False,False,False,39.0,70.2,considered_not_required,910.0,1180.0,450.0,590.0,460.0,590.0,1068.0,18.0,25.0,1585.0,9.0,75.5,60.3,54143.0,57130.0,43234.0,43234.0,22576.0,19062.0,33.9,http://commons.wikimedia.org/wiki/Special:FilePath/Capitol%20University%20Front%20Gate%20640x480.jpg,http://commons.wikimedia.org/wiki/Special:FilePath/Capital%20univ%20logo%20motto.png,Capital University
157216,001972,Lindsey Wilson University,Columbia,KY,42728-1223,37.101502,-85.299997,https://www.lindsey.edu/,https://app.meadowfi.com/lindsey,private_nonprofit,town,18,False,False,False,71.0,,,,,,,,,,,,1585.0,16.0,63.0,44.1,41129.0,40879.0,27808.0,27808.0,15070.0,14745.0,52.4,,,Lindsey Wilson College
145646,001696,Illinois Wesleyan University,Bloomington,IL,61702-2900,40.489901,-88.992014,https://www.iwu.edu/,https://www.iwu.edu/financial-aid/calculators.html,private_nonprofit,city,22,False,False,False,,39.3,considered_not_required,1120.0,1340.0,550.0,670.0,570.0,670.0,1275.0,25.0,30.0,1582.0,12.0,80.0,74.7,70871.0,70700.0,57704.0,57704.0,28199.0,17732.0,26.3,http://commons.wikimedia.org/wiki/Special:FilePath/IWU%20AmesLibrary%201555%202012-10-16.jpg,http://commons.wikimedia.org/wiki/Special:FilePath/Illinois%20wesleyan%20univ%20logo%20horiz.png,Illinois Wesleyan University
179043,002499,Rockhurst University,Kansas City,MO,64110-2561,39.032318,-94.573003,https://www.rockhurst.edu/,https://www.rockhurst.edu/admissions/freshman/net-price-calculator,private_nonprofit,city,18,False,False,False,30.0,69.6,considered_not_required,,,,,,,1120.0,19.0,26.0,1580.0,12.0,79.1,74.6,67102.0,59898.0,44966.0,44966.0,25884.0,22797.0,20.1,http://commons.wikimedia.org/wiki/Special:FilePath/Sedgwick2017.png,http://commons.wikimedia.org/wiki/Special:FilePath/Rockhurst%20University%20logo.png,Rockhurst University
192864,002769,Marymount Manhattan College,New York,NY,10021-4597,40.768787,-73.959767,https://www.mmm.edu/,https://www.mmm.edu/offices/center-for-student-services/net-price-calculator/index.php,private_nonprofit,city,21,False,False,False,,82.6,considered_not_required,1105.0,1323.0,585.0,673.0,520.0,650.0,1214.0,24.0,27.0,1577.0,7.0,70.2,49.0,49131.0,65767.0,41870.0,41870.0,36861.0,30722.0,28.4,http://commons.wikimedia.org/wiki/Special:FilePath/Marymount%20dorm%20door%20231%20E55%20jeh.jpg,,Marymount Manhattan College
232609,003720,University of Lynchburg,Lynchburg,VA,24501-3113,37.399774,-79.181653,https://www.lynchburg.edu/,https://tcc.ruffalonl.com/university of lynchburg/freshmen students,private_nonprofit,city,17,False,False,False,61.0,43.0,considered_not_required,980.0,1230.0,520.0,620.0,460.0,610.0,1125.0,,,1577.0,11.0,70.6,57.4,56380.0,50067.0,36750.0,36750.0,22235.0,20692.0,27.9,http://commons.wikimedia.org/wiki/Special:FilePath/Lynchburg%20College.jpg,http://commons.wikimedia.org/wiki/Special:FilePath/Lynchburg%20univ%20textlogo.png,University of Lynchburg
183910,002598,Caldwell University,Caldwell,NJ,07006-6195,40.832753,-74.272571,https://www.caldwell.edu/,https://www.caldwell.edu/financial-aid/netprice,private_nonprofit,suburb,19,False,False,False,30.0,71.3,considered_not_required,1130.0,1370.0,540.0,630.0,590.0,740.0,1260.0,,,1575.0,12.0,77.3,57.5,53843.0,54073.0,40848.0,40848.0,24691.0,18059.0,48.6,,,Caldwell University
170286,002272,Hillsdale College,Hillsdale,MI,49242,41.933682,-84.633195,https://www.hillsdale.edu/,https://www.hillsdale.edu/admissions-aid/financial-aid/tuition-and-costs/,private_nonprofit,town,21,False,False,False,88.0,20.7,considered_not_required,1320.0,1490.0,680.0,750.0,640.0,740.0,1415.0,30.0,33.0,1573.0,8.0,96.6,89.7,,,33189.0,33189.0,,,0.0,http://commons.wikimedia.org/wiki/Special:FilePath/Hillsdale%20College%20%28Hillsdale%2C%20MI%29.jpg,http://commons.wikimedia.org/wiki/Special:FilePath/Hillsdale%20college%20textlogo.svg,Hillsdale College
220631,003502,Lincoln Memorial University,Harrogate,TN,37752-8231,36.578508,-83.660198,https://www.lmunet.edu/,https://lmunet.clearcostcalculator.com/student/default/netpricecalculator/survey,private_nonprofit,town,17,False,False,False,,62.6,considered_not_required,1000.0,1210.0,510.0,610.0,490.0,600.0,1092.0,18.0,24.0,1572.0,10.0,71.7,49.7,49956.0,41530.0,26938.0,26938.0,20406.0,15644.0,37.1,http://commons.wikimedia.org/wiki/Special:FilePath/J.%20Frank%20White%20Academy.jpg,http://commons.wikimedia.org/wiki/Special:FilePath/Logo%20of%20LMU%202023.svg,Lincoln Memorial University
106263,001109,University of Arkansas for Medical Sciences,Little Rock,AR,72205-7199,34.750152,-92.322348,https://www.uams.edu/,https://studentfinancialservices.uams.edu/tuition-and-fees/,public,city,27,False,False,False,,,,,,,,,,,,,1571.0,16.0,,,73827.0,,,,,,27.8,http://commons.wikimedia.org/wiki/Special:FilePath/UAMS%202.jpg,http://commons.wikimedia.org/wiki/Special:FilePath/UAMS%20LOGO.png,University of Arkansas for Medical Sciences
213400,003285,Lancaster Bible College,Lancaster,PA,17601-5036,40.075347,-76.287761,https://www.lbc.edu/,https://lbc.studentaidcalculator.com/survey.aspx,private_nonprofit,suburb,20,False,False,False,,55.9,considered_not_required,1070.0,1280.0,530.0,665.0,540.0,615.0,1180.0,,,1569.0,19.0,79.4,66.7,44096.0,44066.0,29990.0,29990.0,25480.0,24486.0,35.5,http://commons.wikimedia.org/wiki/Special:FilePath/Lancaster-bible-college-facility.jpg,http://commons.wikimedia.org/wiki/Special:FilePath/Lancaster%20bible%20college%20logo25.png,Lancaster Bible College
152336,001832,University of Saint Francis-Fort Wayne,Fort Wayne,IN,46808-3994,41.087205,-85.177246,https://www.sf.edu/,https://www.sf.edu/netpricecalculator/,private_nonprofit,city,19,False,False,False,30.0,96.0,considered_not_required,870.0,1070.0,440.0,540.0,430.0,530.0,981.0,17.0,24.0,1567.0,11.0,70.7,55.0,55362.0,47223.0,36460.0,36460.0,18196.0,12720.0,43.9,http://commons.wikimedia.org/wiki/Special:FilePath/John%20H.%20Bass%20Mansion.jpg,http://commons.wikimedia.org/wiki/Special:FilePath/University%20of%20Saint%20Francis%2C%20Indiana%20wordmark.svg,University of Saint Francis
215743,003366,Saint Francis University,Loretto,PA,15940,40.506734,-78.63904,https://www.francis.edu/,https://www.francis.edu/financial-aid,private_nonprofit,rural,18,False,False,False,30.0,76.8,considered_not_required,1050.0,1230.0,530.0,620.0,520.0,610.0,1155.0,21.0,27.0,1557.0,16.0,83.0,74.4,62101.0,59815.0,44000.0,44000.0,23526.0,21906.0,17.7,http://commons.wikimedia.org/wiki/Special:FilePath/DeGol%20Field.jpg,,Saint Francis University
101189,001003,Faulkner University,Montgomery,AL,36109-3390,32.384181,-86.21641,https://www.faulkner.edu/,https://www.faulkner.edu/net-price-calculator/,private_nonprofit,city,18,False,False,False,74.0,73.1,considered_not_required,,,,,,,1020.0,18.0,21.0,1549.0,14.0,64.5,37.4,43457.0,37626.0,23920.0,23920.0,22085.0,23385.0,45.6,http://commons.wikimedia.org/wiki/Special:FilePath/Harris%20College%20of%20Business%2C%20Faulkner%20University.jpg,http://commons.wikimedia.org/wiki/Special:FilePath/Faulkner%20univ%20textlogo.png,Faulkner University
219718,003480,Bethel University,McKenzie,TN,38201,36.137848,-88.516762,https://www.bethelu.edu/,https://www.bethelu.edu/admissions/tuition-and-fees/net-price-calculator,private_nonprofit,town,18,False,False,False,60.0,60.2,considered_not_required,830.0,1120.0,410.0,570.0,420.0,550.0,972.0,15.0,21.0,1547.0,15.0,53.9,35.0,47482.0,31203.0,18712.0,18712.0,12595.0,11871.0,31.7,,,Bethel University
114813,001253,Fresno Pacific University,Fresno,CA,93702-4709,36.726831,-119.735199,https://www.fresno.edu/,https://www.fresno.edu/undergraduate/tuition-financial-aid/net-price-calculator,private_nonprofit,city,18,False,False,False,43.0,64.1,not_considered,,,,,,,,,,1544.0,10.0,71.6,50.0,58896.0,44249.0,36660.0,36660.0,13630.0,11133.0,58.4,http://commons.wikimedia.org/wiki/Special:FilePath/FPU-Mc-Donnald-Hall-2.jpg,http://commons.wikimedia.org/wiki/Special:FilePath/Fresno%20pacific%20univ%20simplelogo.png,Fresno Pacific University
180948,002539,Chadron State College,Chadron,NE,69337-2690,42.8199,-103.001615,https://www.csc.edu/,https://www.csc.edu/ir/net-price-calculator/,public,town,19,False,False,False,,,,,,,,,,,,,1540.0,15.0,63.2,50.4,47002.0,21132.0,8290.0,8290.0,12549.0,10047.0,37.6,,http://commons.wikimedia.org/wiki/Special:FilePath/Chadron%20State%20College%20logo.png,Chadron State College
213598,003290,Lincoln University,Lincoln University,PA,19352-0999,39.807723,-75.926458,https://www.lincoln.edu/,https://www.lincoln.edu/departments/financial-aid/net-price-calculator,public,suburb,19,True,False,False,,65.7,considered_not_required,820.0,960.0,420.0,500.0,400.0,460.0,920.0,,,1539.0,12.0,73.4,43.5,43167.0,28505.0,12512.0,19384.0,14977.0,14011.0,68.7,http://commons.wikimedia.org/wiki/Special:FilePath/Amos%20Hall%20Lincoln%20U%20PA.JPG,http://commons.wikimedia.org/wiki/Special:FilePath/Lincoln-university-wordmark-trans.png,Lincoln University
150534,001795,University of Evansville,Evansville,IN,47722,37.971549,-87.531644,https://www.evansville.edu/,https://www.evansville.edu/student-financial-services/net-price-calculator.cfm,private_nonprofit,city,19,False,False,False,71.0,77.6,not_considered,,,,,,,,,,1539.0,10.0,83.3,64.5,53770.0,57451.0,44172.0,44172.0,18499.0,14451.0,24.5,http://commons.wikimedia.org/wiki/Special:FilePath/UE1.JPG,http://commons.wikimedia.org/wiki/Special:FilePath/Evansville%20logo.jpg,University of Evansville
217721,003420,Benedict College,Columbia,SC,29204-1086,34.012941,-81.020403,https://www.benedict.edu/,https://www.collegeraptor.com/shopping/school/benedict-college-sc--217721,private_nonprofit,city,22,True,False,False,54.0,95.7,not_considered,,,,,,,,,,1536.0,13.0,57.3,24.3,31902.0,32000.0,17440.0,17440.0,18250.0,17177.0,62.3,http://commons.wikimedia.org/wiki/Special:FilePath/Columbia%20-%20Benedict%20College%20-%2020231002131157.jpg,http://commons.wikimedia.org/wiki/Special:FilePath/Benedict%20college%20logo.png,Benedict College
112075,020705,Concordia University-Irvine,Irvine,CA,92612-3203,33.653665,-117.812305,https://www.cui.edu/,https://www.cui.edu/studentlife/financial-aid/undergraduate/prospective-students-net-price-calculator,private_nonprofit,city,17,False,False,False,68.0,66.0,not_considered,,,,,,,,,,1536.0,13.0,74.8,58.3,65083.0,58682.0,43480.0,43480.0,28115.0,25431.0,24.2,http://commons.wikimedia.org/wiki/Special:FilePath/060907-001-ConcordiaU-Irvine.jpg,http://commons.wikimedia.org/wiki/Special:FilePath/Concordia%20University%20Irvine%20logo.svg,Concordia University Irvine
128744,001416,University of Bridgeport,Bridgeport,CT,06604-5620,41.164741,-73.190166,https://www.bridgeport.edu/,https://www.bridgeport.edu/cost-financial-aid/net-price-calculator,private_nonprofit,city,17,False,False,False,,83.0,considered_not_required,,,,,,,,,,1534.0,15.0,61.3,41.2,50323.0,52957.0,35760.0,35760.0,27807.0,27238.0,53.5,http://commons.wikimedia.org/wiki/Special:FilePath/University%20of%20Bridgeport%20Bryant%20Hall.jpg,http://commons.wikimedia.org/wiki/Special:FilePath/Bridgeport%20univ%20textlogo.png,University of Bridgeport
184348,002603,Drew University,Madison,NJ,07940,40.761829,-74.424584,https://www.drew.edu/,https://www.drew.edu/financial-aid/cost-calculator/,private_nonprofit,suburb,21,False,False,False,71.0,67.8,considered_not_required,1103.0,1338.0,570.0,688.0,533.0,650.0,1227.0,24.0,30.0,1533.0,11.0,88.4,70.5,63646.0,65301.0,47100.0,47100.0,24280.0,15224.0,28.9,http://commons.wikimedia.org/wiki/Special:FilePath/Asbury%20%26%20embury.jpg,http://commons.wikimedia.org/wiki/Special:FilePath/Drew%20University%20logo.svg,Drew University
214272,003988,Neumann University,Aston,PA,19014-1298,39.874876,-75.440022,https://www.neumann.edu/,https://www.neumann.edu/calculator,private_nonprofit,suburb,19,False,False,False,30.0,81.3,not_considered,,,,,,,,,,1533.0,13.0,72.1,53.7,57817.0,57180.0,39100.0,39100.0,27804.0,24467.0,42.8,http://commons.wikimedia.org/wiki/Special:FilePath/Neumann%20College%20Abessinio%20Building%203000px.jpg,http://commons.wikimedia.org/wiki/Special:FilePath/Neumann%20univ%20logo.png,Neumann University
237057,003803,Whitman College,Walla Walla,WA,99362,46.069815,-118.331546,https://www.whitman.edu/,https://www.whitman.edu/admission-and-aid/financial-aid-and-costs/net-price-calculator,private_nonprofit,city,21,False,False,False,,38.1,considered_not_required,1310.0,1480.0,670.0,740.0,640.0,740.0,1410.0,29.0,33.0,1531.0,10.0,86.7,80.5,67589.0,78092.0,64050.0,64050.0,33313.0,13567.0,16.3,http://commons.wikimedia.org/wiki/Special:FilePath/Memorial%20Building%20Whitman%20College.jpg,http://commons.wikimedia.org/wiki/Special:FilePath/Whitman%20College%20wordmark.png,Whitman College
195304,002813,Sarah Lawrence College,Bronxville,NY,10708,40.9355,-73.843727,https://www.sarahlawrence.edu/,https://npc.collegeboard.org/student/app/sarahlawrence,private_nonprofit,suburb,21,False,False,False,,61.7,considered_not_required,1240.0,1430.0,650.0,740.0,590.0,690.0,1366.0,28.0,31.0,1530.0,10.0,87.4,71.3,53603.0,82467.0,66862.0,66862.0,41437.0,29876.0,11.8,http://commons.wikimedia.org/wiki/Special:FilePath/RGT-SLC-10.2016.jpg,http://commons.wikimedia.org/wiki/Special:FilePath/Sarahlawrence%20college%20logo.png,Sarah Lawrence College
234085,003753,Virginia Military Institute,Lexington,VA,24450-0304,37.7896,-79.437067,https://www.vmi.edu/,https://npc.collegeboard.org/student/app/vmi,public,town,21,False,False,False,,71.2,considered_not_required,1050.0,1270.0,550.0,630.0,500.0,640.0,1244.0,24.0,31.0,1527.0,9.0,81.0,76.2,77369.0,34824.0,21046.0,52638.0,17113.0,12697.0,16.5,http://commons.wikimedia.org/wiki/Special:FilePath/Virginia%20Military%20Institue.jpg,http://commons.wikimedia.org/wiki/Special:FilePath/Virginia%20Military%20Institute%20full%20logo.png,Virginia Military Institute
463056,001417,University of Connecticut-Hartford Campus,Hartford,CT,06103,41.762673,-72.672175,https://hartford.uconn.edu/,https://financialaid.uconn.edu/pricecalc/,public,city,-2,False,False,False,,88.3,required,930.0,1220.0,470.0,610.0,460.0,610.0,1073.0,21.0,27.0,1525.0,26.0,83.7,65.0,73997.0,26946.0,18130.0,40798.0,16403.0,9625.0,45.6,,,University of Connecticut Hartford
243665,003946,University of the Virgin Islands,Charlotte Amalie,VI,00802-9990,18.344193,-64.972866,https://www.uvi.edu/,https://www.uvi.edu/netprice/index.html,public,rural,20,True,False,False,,99.0,considered_not_required,783.0,1030.0,423.0,550.0,360.0,480.0,938.0,19.0,22.0,1518.0,10.0,68.6,28.2,38681.0,17771.0,5957.0,16557.0,7469.0,6578.0,48.7,http://commons.wikimedia.org/wiki/Special:FilePath/Charlotte%20Amalie.jpg,http://commons.wikimedia.org/wiki/Special:FilePath/UVI%20Name.gif,University of the Virgin Islands
204909,003109,Ohio Wesleyan University,Delaware,OH,43015-2370,40.295963,-83.069757,https://www.owu.edu/,https://owu.edu/admission/financial-aid-scholarships-tuition/net-price-calculator-npc,private_nonprofit,suburb,21,False,False,False,71.0,55.6,not_considered,,,,,,,,,,1516.0,12.0,84.7,58.6,55624.0,68424.0,53888.0,53888.0,20897.0,15412.0,28.2,http://commons.wikimedia.org/wiki/Special:FilePath/ElliottHallOWU.jpg,http://commons.wikimedia.org/wiki/Special:FilePath/Owu%20university%20logo.png,Ohio Wesleyan University
209612,003212,Pacific University,Forest Grove,OR,97116,45.521394,-123.108777,https://www.pacificu.edu/,https://www.pacificu.edu/financial-aid-scholarships/net-price-calculator,private_nonprofit,suburb,17,False,False,False,,89.6,considered_not_required,900.0,1240.0,480.0,630.0,420.0,610.0,1090.0,18.0,29.0,1516.0,10.0,79.5,67.0,60583.0,72374.0,56374.0,56374.0,35273.0,23318.0,27.8,http://commons.wikimedia.org/wiki/Special:FilePath/Pacific%20University%20entrance%20sign.JPG,http://commons.wikimedia.org/wiki/Special:FilePath/Pacific%20univ%20oregon%20textlogo.png,Pacific University
207458,003166,Oklahoma City University,Oklahoma City,OK,73106-1402,35.495271,-97.541242,https://www.okcu.edu/,https://www.okcu.edu/paying-for-ocu/net-price-calculator,private_nonprofit,city,17,False,False,False,71.0,77.0,considered_not_required,1050.0,1260.0,540.0,650.0,510.0,610.0,1177.0,21.0,27.0,1514.0,11.0,83.9,64.9,54655.0,47247.0,35648.0,35648.0,22857.0,15187.0,23.9,http://commons.wikimedia.org/wiki/Special:FilePath/Oklahoma%20City%20University%20-%20Administration%20Building.jpg,http://commons.wikimedia.org/wiki/Special:FilePath/Oklahoma%20City%20University%20logo.svg,Oklahoma City University
156295,001955,Berea College,Berea,KY,40404-2182,37.57202,-84.292893,https://www.berea.edu/,https://berea.studentaidcalculator.com/survey.aspx,private_nonprofit,town,21,False,False,False,,19.3,considered_not_required,1156.0,1335.0,588.0,680.0,568.0,655.0,1249.0,23.0,28.0,1513.0,9.0,79.2,58.2,43150.0,60718.0,51658.0,51658.0,6106.0,5428.0,83.7,http://commons.wikimedia.org/wiki/Special:FilePath/20140310%20CampusShots%20CAC%20%284%29%20%2813090607645%29.jpg,http://commons.wikimedia.org/wiki/Special:FilePath/Berea%20college%20full%20logo.png,Berea College
237932,003823,West Liberty University,West Liberty,WV,26074,40.164417,-80.602256,https://www.westliberty.edu/,https://www.westliberty.edu/financial-aid/net-price-calculator/,public,rural,19,False,False,False,,97.3,considered_not_required,890.0,1123.0,470.0,580.0,420.0,543.0,1045.0,18.0,24.0,1511.0,12.0,68.9,59.5,43296.0,23809.0,8893.0,17442.0,15366.0,12714.0,31.9,http://commons.wikimedia.org/wiki/Special:FilePath/Main%20Hall%20and%20Paul%20N%20Elbin%20Library%20at%20WLU.jpg,http://commons.wikimedia.org/wiki/Special:FilePath/West%20Liberty%20University%20Logo.png,West Liberty University
147369,001727,Moody Bible Institute,Chicago,IL,60610-3284,41.897822,-87.633459,https://www.moody.edu/,https://www.moody.edu/siteassets/website_assets/files/financial-aid/net-price-calculator/npcalc-chicago.html,private_nonprofit,city,24,False,False,False,42.0,82.7,not_considered,,,,,,,,,,1510.0,14.0,83.9,62.3,45399.0,34327.0,15786.0,15786.0,22221.0,21293.0,36.3,http://commons.wikimedia.org/wiki/Special:FilePath/MBI%20Arch.jpg,,Moody Bible Institute
237330,003810,Concord University,Athens,WV,24712,37.423723,-81.006696,https://www.concord.edu/,https://concord.studentaidcalculator.com/survey.aspx,public,rural,19,False,False,False,,92.6,considered_not_required,830.0,1090.0,440.0,560.0,390.0,530.0,977.0,17.0,24.0,1504.0,16.0,64.8,39.0,42703.0,20434.0,10664.0,22000.0,9966.0,8021.0,49.5,http://commons.wikimedia.org/wiki/Special:FilePath/Concord%20University%202011%20Marsh%20Hall.jpg,http://commons.wikimedia.org/wiki/Special:FilePath/Concord%20u%20logo%20wmark.png,Concord University
207306,003163,Northwestern Oklahoma State University,Alva,OK,73717-2799,36.796658,-98.667673,https://www.nwosu.edu/,https://www.nwosu.edu/uploads//npc.html,public,town,20,False,False,False,,65.5,required,803.0,1036.0,420.0,518.0,383.0,518.0,1003.0,16.0,21.0,1498.0,15.0,65.1,30.3,44358.0,18672.0,5970.0,11664.0,10104.0,6439.0,41.4,http://commons.wikimedia.org/wiki/Special:FilePath/NWOSU%20building%20in%20Enid.jpg,http://commons.wikimedia.org/wiki/Special:FilePath/Nwosu%20simple%20logo.png,Northwestern Oklahoma State University
172264,002316,Siena Heights University,Adrian,MI,49221,41.905624,-84.018841,https://www.sienaheights.edu/,https://www.sienaheights.edu/financial-aid/,private_nonprofit,town,19,False,False,False,30.0,68.9,considered_not_required,806.0,1073.0,413.0,528.0,393.0,545.0,954.0,16.0,23.0,1495.0,14.0,70.0,38.6,57529.0,44449.0,30778.0,30778.0,17124.0,15624.0,34.2,,,Siena Heights University
215947,003362,Seton Hill University,Greensburg,PA,15601,40.309407,-79.557433,https://www.setonhill.edu/,https://www.setonhill.edu/tuition-financial-aid/financial-aid-process-policies/estimated-costs/,private_nonprofit,suburb,19,False,False,False,30.0,79.5,considered_not_required,1020.0,1240.0,510.0,620.0,510.0,620.0,1117.0,19.0,27.0,1492.0,13.0,80.9,67.4,51748.0,56183.0,42944.0,42944.0,22204.0,15143.0,31.3,http://commons.wikimedia.org/wiki/Special:FilePath/Sullivan%20Hall%20Seton%20Hill.jpg,http://commons.wikimedia.org/wiki/Special:FilePath/Seton%20hill%20univ%20logo.png,Seton Hill University
216524,003385,Ursinus College,Collegeville,PA,19426-1000,40.193023,-75.456505,https://www.ursinus.edu/,https://www.ursinus.edu/offices/student-financial-services/net-price-calculator/,private_nonprofit,suburb,21,False,False,False,,91.8,considered_not_required,1200.0,1385.0,610.0,705.0,590.0,680.0,1310.0,28.0,32.0,1491.0,10.0,86.9,73.3,73721.0,76815.0,61210.0,61210.0,30536.0,20622.0,20.1,http://commons.wikimedia.org/wiki/Special:FilePath/7-3-2019%20Ursinus%20Innovation%20and%20Discovery%20Center%20in%20Collegeville.jpg,http://commons.wikimedia.org/wiki/Special:FilePath/Ursinus%20college%20penn%20logo.png,Ursinus College
178244,007540,Missouri Baptist University,Saint Louis,MO,63141-8698,38.641526,-90.462586,https://www.mobap.edu/,https://www.shoppingsheet.com/shopping/landing/mobap,private_nonprofit,suburb,18,False,False,False,54.0,68.6,considered_not_required,,,,,,,910.0,12.0,18.0,1488.0,15.0,65.3,47.6,46660.0,49257.0,34612.0,34612.0,27006.0,21808.0,11.1,,,Missouri Baptist University
153375,001867,Grand View University,Des Moines,IA,50316,41.620039,-93.600954,https://www.grandview.edu/,https://www.grandview.edu/admissions/financial-aid/net-price-calculator,private_nonprofit,city,20,False,False,False,39.0,99.1,not_considered,,,,,,,,,,1486.0,12.0,70.2,54.0,52824.0,48522.0,34762.0,34762.0,21774.0,18512.0,45.0,,,Grand View University
213321,003282,King's College,Wilkes-Barre,PA,18711-0801,41.250097,-75.879822,https://www.kings.edu/,https://www.kings.edu/cost-aid/business_office/net-price-calculator.html,private_nonprofit,city,19,False,False,False,30.0,93.1,considered_not_required,1070.0,1270.0,540.0,650.0,530.0,620.0,1170.0,,,1484.0,13.0,75.7,59.9,59498.0,57973.0,44100.0,44100.0,23093.0,17283.0,30.4,http://commons.wikimedia.org/wiki/Special:FilePath/Kings%20College%20admin%20Burnham%20WB%20PA.jpg,http://commons.wikimedia.org/wiki/Special:FilePath/Kings%20college%20penn%20textlogo.png,King's College
474863,042788,Los Angeles Pacific University,Glendora,CA,91740,34.110723,-117.827484,https://www.lapu.edu/,https://npc.collegeboard.org/app/lapacificu,private_nonprofit,suburb,19,False,False,False,88.0,,,,,,,,,,,,1483.0,24.0,57.1,21.1,,29884.0,12360.0,12360.0,22677.0,23408.0,51.6,,,
229337,010674,Texas Tech University Health Sciences Center,Lubbock,TX,79430,33.589284,-101.891915,https://www.ttuhsc.edu/,https://www.fiscal.ttuhsc.edu/studentbusserv/tuitionestimates.aspx,public,city,27,False,False,False,,,,,,,,,,,,,1482.0,7.0,,,92348.0,,,,,,26.6,,http://commons.wikimedia.org/wiki/Special:FilePath/Texas%20Tech%20University%20Health%20Sciences%20Center%20wordmark.svg,Texas Tech University Health Sciences Center
180416,002531,Montana Technological University,Butte,MT,59701-8997,46.012868,-112.559511,https://www.mtech.edu/,https://www.mtech.edu/financial-aid/cost/calculator-north-campus/index.html,public,town,20,False,False,False,,91.0,considered_not_required,1040.0,1260.0,510.0,630.0,530.0,630.0,1126.0,19.0,25.0,1480.0,14.0,76.7,58.2,54329.0,22786.0,8340.0,26150.0,16481.0,11914.0,23.8,http://commons.wikimedia.org/wiki/Special:FilePath/MontanaTecGate.jpg,http://commons.wikimedia.org/wiki/Special:FilePath/Montana%20tech%20univ%20logo.png,Montana Technological University
228325,003616,Nelson University,Waxahachie,TX,75165,32.40443,-96.853492,https://www.nelson.edu/,https://connect.nelson.edu/register/?id=a906aa05-ca73-4dca-9db2-875d4df2305b,private_nonprofit,suburb,20,False,False,False,27.0,89.0,required,890.0,1090.0,460.0,550.0,430.0,540.0,980.0,,,1479.0,15.0,75.2,41.6,46238.0,34504.0,25064.0,25064.0,21662.0,17583.0,47.8,,http://commons.wikimedia.org/wiki/Special:FilePath/SAGU%20logo.PNG,Nelson University
218414,003440,Newberry College,Newberry,SC,29108,34.285868,-81.619777,https://www.newberry.edu/,https://www.newberry.edu/admission/financial-aid/net-price-calculator,private_nonprofit,town,22,False,False,False,39.0,89.8,not_considered,,,,,,,,,,1479.0,15.0,69.2,45.1,48040.0,46442.0,31100.0,31100.0,21656.0,19887.0,48.7,http://commons.wikimedia.org/wiki/Special:FilePath/Newberry%20-%20College%20and%20chapel%2001.jpg,http://commons.wikimedia.org/wiki/Special:FilePath/Newberry%20college%20simplelogo.png,Newberry College
175421,002397,Belhaven University,Jackson,MS,39202,32.318415,-90.169228,https://www.belhaven.edu/,https://www.belhaven.edu/admission/financial-aid/net-price-calculator.html,private_nonprofit,city,17,False,False,False,66.0,49.8,considered_not_required,1010.0,1298.0,490.0,668.0,520.0,630.0,1124.0,19.0,24.0,1471.0,12.0,67.8,48.5,46440.0,39793.0,30250.0,30250.0,15676.0,10551.0,48.6,,http://commons.wikimedia.org/wiki/Special:FilePath/Belhaven%20University%20Main%20Logo.png,Belhaven University
107141,001100,John Brown University,Siloam Springs,AR,72761,36.189812,-94.560283,https://www.jbu.edu/,https://admissions.jbu.edu/register/net-price-calculator,private_nonprofit,town,19,False,False,False,,76.1,considered_not_required,1070.0,1340.0,550.0,690.0,520.0,650.0,1195.0,21.0,28.0,1471.0,15.0,81.5,71.8,53907.0,44710.0,31756.0,31756.0,20397.0,17484.0,23.7,http://commons.wikimedia.org/wiki/Special:FilePath/John%20Brown%20University%20Sign.jpg,,John Brown University
226231,003584,LeTourneau University,Longview,TX,75602,32.46632,-94.726394,https://www.letu.edu/,https://www.letu.edu/offices/administration-finance/financial-aid/cost-calculator.html#contentblock-1-1,private_nonprofit,city,19,False,False,False,42.0,38.0,considered_not_required,990.0,1330.0,500.0,660.0,490.0,670.0,1208.0,21.0,30.0,1468.0,11.0,80.8,58.6,57103.0,51124.0,37160.0,37160.0,28185.0,22785.0,13.3,http://commons.wikimedia.org/wiki/Special:FilePath/Letourneauuniversity-belltower-eliotlandrum.jpg,,LeTourneau University
454829,040803,Aspen University,Phoenix,AZ,85040,33.412164,-111.981317,https://aspen.edu/,https://www.aspen.edu/net-price-calculator,private_for_profit,city,26,False,False,False,,,,,,,,,,,,,1466.0,3.0,,27.3,,,6870.0,6870.0,,,9.8,,,Aspen University
150677,001800,Grace College and Theological Seminary,Winona Lake,IN,46590-1274,41.22595,-85.814228,https://www.grace.edu/,https://www.grace.edu/admissions/undergraduate-admissions/financial-aid-scholarships/net-price-calculator/,private_nonprofit,town,19,False,False,False,28.0,82.2,considered_not_required,1000.0,1200.0,510.0,610.0,490.0,590.0,1119.0,21.0,27.0,1464.0,23.0,77.4,68.8,45411.0,41838.0,31200.0,31200.0,19932.0,10998.0,29.1,,,Grace College & Seminary
152390,001836,Saint Mary's College,Notre Dame,IN,46556,41.707274,-86.256947,https://www.saintmarys.edu/,https://www.saintmarys.edu/financial-aid/tools/net-price-calculator,private_nonprofit,suburb,21,False,False,True,30.0,76.0,considered_not_required,1130.0,1325.0,580.0,680.0,550.0,645.0,1246.0,26.0,30.0,1458.0,9.0,88.1,69.3,59354.0,66478.0,53230.0,53230.0,25292.0,16760.0,23.9,http://commons.wikimedia.org/wiki/Special:FilePath/Le%20Mans%20Hall.jpg,http://commons.wikimedia.org/wiki/Special:FilePath/SMC%20Logo%20CMYK.svg,Saint Mary's College
107071,001098,Henderson State University,Arkadelphia,AR,71999-0001,34.128155,-93.059703,https://www.hsu.edu/,https://www.hsu.edu/pages/future-students/financial-aid/net-price-calculator/,public,town,19,False,False,False,,,,,,,,,,,,,1456.0,14.0,61.7,37.3,43459.0,27385.0,8244.0,10620.0,23405.0,23386.0,46.2,http://commons.wikimedia.org/wiki/Special:FilePath/Henderson%20State%20University%20005.jpg,http://commons.wikimedia.org/wiki/Special:FilePath/Henderson%20state%20univ%20logo.png,Henderson State University
206862,003149,Southern Nazarene University,Bethany,OK,73008,35.513295,-97.629504,https://www.snu.edu/,https://www.snu.edu/net-price-calculator,private_nonprofit,suburb,18,False,False,False,59.0,,,,,,,,,,,,1455.0,15.0,72.9,50.5,54951.0,46465.0,31190.0,31190.0,22084.0,18931.0,47.0,http://commons.wikimedia.org/wiki/Special:FilePath/Centennial%20Plaza%2C%20Southern%20Nazarene%20University%20%282007%29.jpg,http://commons.wikimedia.org/wiki/Special:FilePath/Southern%20nazarene%20univ%20logo.png,Southern Nazarene University
181446,002555,Nebraska Wesleyan University,Lincoln,NE,68504-2794,40.839098,-96.64831,https://www.nebrwesleyan.edu/,https://www.nebrwesleyan.edu/net_price_calculator/index.html,private_nonprofit,city,20,False,False,False,71.0,79.8,considered_not_required,1020.0,1290.0,490.0,660.0,530.0,630.0,1189.0,22.0,27.0,1453.0,12.0,75.0,66.1,56405.0,53569.0,43572.0,43572.0,18327.0,14925.0,33.6,http://commons.wikimedia.org/wiki/Special:FilePath/Nw%20old%20main.jpg,http://commons.wikimedia.org/wiki/Special:FilePath/Nwu%20textlogo.png,Nebraska Wesleyan University
154527,001896,Wartburg College,Waverly,IA,50677-0903,42.7277,-92.483387,https://www.wartburg.edu/,https://vip.wartburg.edu/finaid/npc.html,private_nonprofit,town,21,False,False,False,39.0,75.8,considered_not_required,930.0,1200.0,470.0,620.0,460.0,580.0,1136.0,21.0,27.0,1452.0,13.0,75.7,64.3,56201.0,64359.0,26250.0,26250.0,32908.0,21688.0,22.1,http://commons.wikimedia.org/wiki/Special:FilePath/Wartburg%20College.jpg,http://commons.wikimedia.org/wiki/Special:FilePath/Wartburg%20college%20logo.png,Wartburg College
241216,025054,Atlantic University,Guaynabo,PR,00970,18.357395,-66.111714,https://www.atlanticu.edu/,https://atlanticu.edu/net-price-calculator/,private_nonprofit,city,20,False,False,False,,,,,,,,,,,,,1451.0,23.0,81.8,39.4,25272.0,12986.0,8280.0,8280.0,6425.0,5705.0,84.5,,,Atlantic University College
187897,002653,New Mexico Highlands University,Las Vegas,NM,87701,35.596233,-105.219197,https://www.nmhu.edu/,https://www.nmhu.edu/netprice/,public,town,18,False,False,False,,,,,,,,,,,,,1451.0,10.0,49.8,26.2,45937.0,20868.0,7416.0,12336.0,14838.0,13511.0,45.1,http://commons.wikimedia.org/wiki/Special:FilePath/Rogers%20Administration%20Building%2C%20NMHU%2C%20Las%20Vegas%20NM.jpg,http://commons.wikimedia.org/wiki/Special:FilePath/Newmexico%20highlands%20univ%20logo.png,New Mexico Highlands University
189228,007394,Berkeley College-New York,New York,NY,10017,40.753986,-73.979458,https://berkeleycollege.edu/,https://berkeleycollege.studentaidcalculator.com/welcome.aspx,private_for_profit,city,22,False,False,False,,,,,,,,,,,,,1449.0,21.0,55.2,44.0,45884.0,45041.0,29800.0,29800.0,34124.0,33638.0,52.3,,,Berkeley College-New York
198969,002946,Methodist University,Fayetteville,NC,28311-1420,35.135058,-78.874426,https://www.methodist.edu/,https://methodist.studentaidcalculator.com/survey.aspx,private_nonprofit,city,20,False,False,False,71.0,75.1,considered_not_required,1080.0,1250.0,550.0,630.0,530.0,620.0,1182.0,22.0,27.0,1448.0,11.0,65.1,43.5,48050.0,55796.0,41250.0,41250.0,24704.0,20371.0,41.3,http://commons.wikimedia.org/wiki/Special:FilePath/Methodist%20college%20nc%20postcard%201961.jpg,http://commons.wikimedia.org/wiki/Special:FilePath/Methodist%20University%20png%20logo.png,Methodist University
178697,002500,College of the Ozarks,Point Lookout,MO,65726-0017,36.616019,-93.238174,https://www.cofo.edu/,https://www.cofo.edu/npc,private_nonprofit,town,22,False,False,False,102.0,12.0,required,1050.0,1220.0,540.0,630.0,510.0,590.0,1118.0,20.0,25.0,1444.0,14.0,90.2,63.7,41592.0,33734.0,22320.0,22320.0,6100.0,6381.0,49.2,,,College of the Ozarks
178369,002489,Missouri Valley College,Marshall,MO,65340,39.108522,-93.190654,https://www.moval.edu/,https://npc.collegeboard.org/app/moval,private_nonprofit,town,22,False,False,False,108.0,69.2,considered_not_required,895.0,1115.0,405.0,540.0,490.0,575.0,974.0,16.0,20.0,1443.0,18.0,53.0,22.4,43221.0,37899.0,23700.0,23700.0,18086.0,16132.0,32.0,http://commons.wikimedia.org/wiki/Special:FilePath/Marhsall-college1.jpg,,Missouri Valley College
174491,002371,University of Northwestern-St Paul,Saint Paul,MN,55113-1598,45.033703,-93.167822,https://www.unwsp.edu/,https://unwsp.edu/admissions/financial-aid/unw-net-price-calculator/,private_nonprofit,suburb,20,False,False,False,79.0,93.5,considered_not_required,868.0,1271.0,430.0,608.0,438.0,663.0,1173.0,20.0,28.0,1442.0,16.0,82.9,68.1,50755.0,51325.0,37920.0,37920.0,27705.0,26696.0,15.7,,http://commons.wikimedia.org/wiki/Special:FilePath/Northwestern%20univ%20stpaul%20logo.svg,University of Northwestern – St. Paul
151290,001805,Indiana Institute of Technology,Fort Wayne,IN,46803-1228,41.078365,-85.116479,https://www.indianatech.edu/,https://financialservices.indianatech.edu/costs/net-price-calculators/,private_nonprofit,city,18,False,False,False,,70.4,not_considered,,,,,,,,,,1441.0,16.0,59.4,47.8,47327.0,45879.0,31361.0,31361.0,23206.0,19524.0,35.2,,http://commons.wikimedia.org/wiki/Special:FilePath/Indiana%20Institute%20of%20Technology%20logo.svg,Indiana Institute of Technology
228343,003620,Southwestern University,Georgetown,TX,78626,30.634341,-97.665738,https://www.southwestern.edu/,https://www.southwestern.edu/scholarships-financial-aid/grants-loans/net-price-calculator/,private_nonprofit,city,21,False,False,False,71.0,43.0,considered_not_required,1130.0,1300.0,580.0,670.0,550.0,630.0,1241.0,26.0,30.0,1440.0,11.0,80.6,72.8,56878.0,67493.0,53813.0,53813.0,29224.0,22478.0,25.3,http://commons.wikimedia.org/wiki/Special:FilePath/Rutlo%203772831372%20Southwestern.jpg,http://commons.wikimedia.org/wiki/Special:FilePath/Southwestern%20univ%20textlogohoriz.png,Southwestern University
153278,001891,University of Dubuque,Dubuque,IA,52001,42.49726,-90.693428,https://www.dbq.edu/,https://www.dbq.edu/admissionaid/financialaid/netpricecalculator/netpricecalculator.html,private_nonprofit,city,19,False,False,False,66.0,88.6,considered_not_required,980.0,1220.0,490.0,610.0,490.0,610.0,1110.0,18.0,24.0,1440.0,10.0,76.6,40.1,51190.0,53806.0,42095.0,42095.0,23386.0,18106.0,39.8,http://commons.wikimedia.org/wiki/Special:FilePath/UnivDubuque1.JPG,,University of Dubuque
176044,002424,Mississippi Valley State University,Itta Bena,MS,38941-1400,33.514142,-90.341274,https://www.mvsu.edu/,https://www.collegeraptor.com/Shopping/School/Mississippi-Valley-State-University-MS-176044,public,rural,20,True,False,False,,92.4,considered_not_required,,,,,,,870.0,13.0,17.0,1439.0,13.0,69.8,26.8,31919.0,21154.0,7692.0,7692.0,9686.0,9073.0,56.4,http://commons.wikimedia.org/wiki/Special:FilePath/Mvsusign.jpg,http://commons.wikimedia.org/wiki/Special:FilePath/MVSU%20primary%20wordmark.svg,Mississippi Valley State University
212911,003274,Haverford College,Haverford,PA,19041-1392,40.007452,-75.305207,https://www.haverford.edu/,https://www.haverford.edu/admission/tuition-and-aid,private_nonprofit,suburb,21,False,False,False,,12.4,considered_not_required,1460.0,1550.0,720.0,770.0,740.0,780.0,1513.0,33.0,35.0,1430.0,8.0,93.8,89.6,79966.0,90382.0,70688.0,70688.0,25314.0,7531.0,15.4,http://commons.wikimedia.org/wiki/Special:FilePath/Haverfordfounders.jpg,http://commons.wikimedia.org/wiki/Special:FilePath/Haverford%20college%20wordmark.png,Haverford College
188641,002668,Alfred University,Alfred,NY,14802-1205,42.254476,-77.788106,https://www.alfred.edu/,https://www.alfred.edu/admissions/affording-alfred/net-price-calculator.cfm,private_nonprofit,rural,18,False,False,False,,73.8,considered_not_required,1095.0,1310.0,555.0,660.0,540.0,650.0,1279.0,24.0,29.0,1423.0,9.0,77.5,57.0,54897.0,57445.0,41500.0,41500.0,25620.0,16512.0,38.5,http://commons.wikimedia.org/wiki/Special:FilePath/Alfred%20University%20Powell%20Campus%20Center.jpg,http://commons.wikimedia.org/wiki/Special:FilePath/Alfred%20univ%20textlogo.png,Alfred University
156213,001952,Asbury University,Wilmore,KY,40390-1198,37.862029,-84.662606,https://www.asbury.edu/,https://www.asbury.edu/net-price-calculator,private_nonprofit,town,20,False,False,False,,63.4,not_considered,,,,,,,,,,1420.0,13.0,83.3,65.0,42368.0,47459.0,33640.0,33640.0,21401.0,18455.0,27.7,http://commons.wikimedia.org/wiki/Special:FilePath/Hager%20Administration%20Building%2C%20northeastern%20angle%20distant.jpg,,Asbury University
131876,001460,Trinity Washington University,Washington,DC,20017-1094,38.927398,-77.004261,https://www2.trinitydc.edu/,https://www.trinitydc.edu/enrollment/net-price-calculator/,private_nonprofit,city,19,False,False,True,30.0,99.5,not_considered,,,,,,,,,,1414.0,9.0,69.2,49.3,53804.0,33903.0,26610.0,26610.0,9302.0,7928.0,54.5,http://commons.wikimedia.org/wiki/Special:FilePath/Trinity%20Main%20and%20Chapel.jpg,,Trinity Washington University
224323,003651,University of Dallas,Irving,TX,75062-4736,32.846221,-96.919512,https://udallas.edu/,https://udallas.edu/admissions/calculator/,private_nonprofit,city,18,False,False,False,30.0,53.4,considered_not_required,1120.0,1370.0,580.0,700.0,540.0,670.0,1227.0,22.0,29.0,1403.0,11.0,77.2,73.1,58285.0,68583.0,53930.0,53930.0,22610.0,12711.0,25.9,http://commons.wikimedia.org/wiki/Special:FilePath/University%20of%20Dallas%201.jpg,http://commons.wikimedia.org/wiki/Special:FilePath/Dallas%20univ%20logo.png,University of Dallas
231581,003704,Bridgewater College,Bridgewater,VA,22812-1599,38.378484,-78.969007,https://www.bridgewater.edu/,https://www.bridgewater.edu/admissions-aid/tuition-and-financial-aid/tuition-and-costs/net-price-calculator/,private_nonprofit,suburb,21,False,False,False,58.0,91.7,considered_not_required,1020.0,1360.0,550.0,680.0,470.0,680.0,1180.0,,,1400.0,13.0,75.3,53.0,53453.0,58702.0,16090.0,16090.0,17800.0,13283.0,29.8,http://commons.wikimedia.org/wiki/Special:FilePath/Bridgewater%20College%20-%20panoramio%20-%20Idawriter.jpg,http://commons.wikimedia.org/wiki/Special:FilePath/Bridgewater%20college%20logo.png,Bridgewater College
156408,001961,Centre College,Danville,KY,40422-1394,37.645709,-84.779392,https://www.centre.edu/,https://centre.studentaidcalculator.com/survey.aspx,private_nonprofit,town,21,False,False,False,,54.4,considered_not_required,1160.0,1450.0,590.0,720.0,570.0,730.0,1352.0,25.0,32.0,1400.0,10.0,87.5,80.7,66240.0,67787.0,52820.0,52820.0,20781.0,11364.0,22.6,http://commons.wikimedia.org/wiki/Special:FilePath/Old%20Centre%2C%20Centre%20College%2C%20Walnut%20Street%2C%20Danville%2C%20KY%20-%2051972948225.jpg,http://commons.wikimedia.org/wiki/Special:FilePath/Centre%20college%20textlogo.png,Centre College
239017,003856,Lawrence University,Appleton,WI,54911,44.261323,-88.397822,https://www.lawrence.edu/,https://collegepricecalculator.com/lawrenceuniversity,private_nonprofit,city,21,False,False,False,,63.9,considered_not_required,1200.0,1420.0,610.0,710.0,590.0,710.0,1350.0,24.0,31.0,1396.0,7.0,86.6,76.8,55789.0,69849.0,56982.0,56982.0,23401.0,10419.0,22.0,http://commons.wikimedia.org/wiki/Special:FilePath/Main%20Hall%20at%20Lawrence%20University.jpg,http://commons.wikimedia.org/wiki/Special:FilePath/Lawrence%20univ%20textlogo.svg,Lawrence University
228501,003625,Sul Ross State University,Alpine,TX,79832,30.363139,-103.651469,https://www.sulross.edu/,https://www.highered.texas.gov/apps/npc/?fice=003625,public,town,18,False,False,False,,98.7,considered_not_required,930.0,1110.0,470.0,550.0,460.0,560.0,1024.0,15.0,24.0,1396.0,11.0,44.9,29.9,41871.0,24529.0,7592.0,17672.0,13286.0,11110.0,57.7,http://commons.wikimedia.org/wiki/Special:FilePath/Sul%20Ross%20State%20University%20Alpine%20Texas%20DSC%205570%20ad.JPG,http://commons.wikimedia.org/wiki/Special:FilePath/Sul%20Ross%20State%20University%20wordmark.png,Sul Ross State University
166692,002181,Massachusetts Maritime Academy,Buzzards Bay,MA,02532-1803,41.739072,-70.624084,https://www.maritime.edu/,https://www.maritime.edu/netprice/,public,suburb,20,False,False,False,,94.7,not_considered,,,,,,,,,,1395.0,13.0,86.8,74.1,82392.0,31367.0,11420.0,23722.0,21582.0,8757.0,19.0,,http://commons.wikimedia.org/wiki/Special:FilePath/Massachusetts%20Maritime%20Academy%20logo.svg,Massachusetts Maritime Academy
174792,002379,Saint Johns University,Collegeville,MN,56321,45.580075,-94.393621,https://csbsju.edu/,https://csbsju.edu/admission/cost-aid-scholarships/net-price-calculators/sju-net-price-calculator,private_nonprofit,rural,21,False,True,False,30.0,90.6,considered_not_required,941.0,1228.0,503.0,635.0,438.0,593.0,1183.0,21.0,27.0,1395.0,12.0,85.8,75.4,76786.0,68521.0,55816.0,55816.0,25672.0,10354.0,18.0,,,
177940,002479,Lincoln University,Jefferson City,MO,65101,38.564431,-92.166724,https://www.lincolnu.edu/,https://www.lincolnu.edu/admissions/financial-aid/net-price-calculator.html,public,city,22,True,False,False,,,,,,,,,,,,,1392.0,11.0,59.9,20.8,39463.0,23704.0,9796.0,17692.0,19092.0,20070.0,48.7,http://commons.wikimedia.org/wiki/Special:FilePath/Young%20Hall%2C%20Lincoln%20University%20of%20Missouri.jpg,http://commons.wikimedia.org/wiki/Special:FilePath/Lincoln%20University%20of%20Missouri%20%28old%29%20logo.svg,Lincoln University
206437,003135,Walsh University,North Canton,OH,44720-3396,40.873908,-81.369931,https://www.walsh.edu/,https://www.walsh.edu/net-price-calculator.html,private_nonprofit,suburb,17,False,False,False,30.0,70.7,considered_not_required,1040.0,1280.0,510.0,630.0,530.0,650.0,1193.0,20.0,27.0,1390.0,14.0,72.4,58.5,59764.0,47575.0,35745.0,35745.0,20493.0,20458.0,27.4,http://commons.wikimedia.org/wiki/Special:FilePath/Walsh%20Entrance.jpg,,Walsh University
112260,001170,Claremont McKenna College,Claremont,CA,91711-6400,34.102154,-117.711188,https://www.cmc.edu/,https://npc.collegeboard.org/student/app/claremontmckenna,private_nonprofit,suburb,21,False,False,False,,9.6,considered_not_required,1470.0,1560.0,720.0,770.0,750.0,790.0,1527.0,33.0,35.0,1388.0,8.0,98.1,91.4,104736.0,86500.0,67980.0,67980.0,28849.0,15308.0,18.1,http://commons.wikimedia.org/wiki/Special:FilePath/Claremont%20Mckenna%20College%20campus.jpg,http://commons.wikimedia.org/wiki/Special:FilePath/Claremont%20McKenna%20College%20wordmark.svg,Claremont McKenna College
219806,003481,Carson-Newman University,Jefferson City,TN,37760,36.122934,-83.491709,https://www.cn.edu/,https://www.cn.edu/netpricecalculator/,private_nonprofit,suburb,17,False,False,False,54.0,90.5,considered_not_required,955.0,1215.0,500.0,645.0,455.0,570.0,1117.0,19.0,25.0,1387.0,12.0,74.2,53.2,48382.0,49024.0,34700.0,34700.0,20251.0,16672.0,33.4,http://commons.wikimedia.org/wiki/Special:FilePath/Stephens-Burnett%20Memorial%20Library%202.jpg,http://commons.wikimedia.org/wiki/Special:FilePath/Carson%E2%80%93Newman%20logo.png,Carson Newman University
144005,001694,Chicago State University,Chicago,IL,60628-1598,41.718446,-87.609384,https://www.csu.edu/,https://www.csu.edu/financialaid/netpricecalculator.htm,public,city,18,False,False,False,,43.3,not_considered,,,,,,,,,,1384.0,9.0,57.3,15.5,42778.0,29764.0,12754.0,12754.0,12335.0,9073.0,57.9,http://commons.wikimedia.org/wiki/Special:FilePath/Chicago%20State%20U%20P9190040.JPG,http://commons.wikimedia.org/wiki/Special:FilePath/Chicago%20st%20univ%20textlogo.png,Chicago State University
177214,002461,Drury University,Springfield,MO,65802-3791,37.219681,-93.286192,https://www.drury.edu/,https://www.collegeraptor.com/shopping/school/drury-university-mo--177214,private_nonprofit,city,20,False,False,False,61.0,57.6,considered_not_required,1130.0,1290.0,570.0,670.0,560.0,620.0,1218.0,22.0,29.0,1383.0,14.0,79.2,61.8,40694.0,48846.0,36745.0,36745.0,20831.0,18759.0,25.6,,http://commons.wikimedia.org/wiki/Special:FilePath/Drury%20University%20logo.svg,Drury University
147244,001724,Millikin University,Decatur,IL,62522-2084,39.842612,-88.976298,https://millikin.edu/,https://tcc.ruffalonl.com/Millikin University/First-Year-Students,private_nonprofit,city,22,False,False,False,,66.7,considered_not_required,860.0,1130.0,440.0,570.0,420.0,560.0,1034.0,18.0,25.0,1382.0,10.0,75.0,54.9,51262.0,57475.0,26892.0,26892.0,21989.0,18659.0,37.6,,http://commons.wikimedia.org/wiki/Special:FilePath/Millikin%20University%20wordmark.png,Millikin University
153834,001874,Luther College,Decorah,IA,52101-1045,43.312304,-91.802809,https://www.luther.edu/,https://luther.edu/admission-aid/cost-financial-aid/net-price-calculator,private_nonprofit,town,21,False,False,False,39.0,71.5,considered_not_required,1078.0,1406.0,550.0,668.0,528.0,738.0,1218.0,22.0,29.0,1379.0,9.0,77.0,71.1,59850.0,65461.0,52120.0,52120.0,23097.0,12517.0,20.4,http://commons.wikimedia.org/wiki/Special:FilePath/2009-0528-MN-IA12-Luther-CampusHouse.jpg,http://commons.wikimedia.org/wiki/Special:FilePath/Luther%20college%20logo.png,Luther College
204264,003084,Muskingum University,New Concord,OH,43762-1837,39.996585,-81.737127,https://www.muskingum.edu/,https://www.muskingum.edu/financial-aid/cost-calculator,private_nonprofit,rural,20,False,False,False,66.0,81.8,considered_not_required,910.0,1105.0,460.0,560.0,450.0,545.0,1017.0,17.0,22.0,1376.0,14.0,73.5,56.4,48440.0,44658.0,32665.0,32665.0,19532.0,14684.0,39.1,http://commons.wikimedia.org/wiki/Special:FilePath/JohnsonHallSide.jpg,http://commons.wikimedia.org/wiki/Special:FilePath/Muskingum%20univ%20logo.png,Muskingum University
174747,002341,College of Saint Benedict,Saint Joseph,MN,56374,45.561792,-94.319888,https://csbsju.edu/,https://csbsju.edu/admission/cost-aid-scholarships/net-price-calculators/csb-net-price-calculator,private_nonprofit,suburb,21,False,False,True,30.0,91.5,considered_not_required,1048.0,1233.0,565.0,643.0,483.0,590.0,1151.0,20.0,27.0,1370.0,11.0,86.3,77.1,63260.0,68453.0,55756.0,55756.0,26640.0,12981.0,19.9,http://commons.wikimedia.org/wiki/Special:FilePath/Saint%20John%27s%20University%203316.jpg,http://commons.wikimedia.org/wiki/Special:FilePath/St%20benedict%20and%20st%20john%20univ%20logo.png,College of Saint Benedict and Saint John's University
153001,001847,Buena Vista University,Storm Lake,IA,50588,42.642255,-95.208529,https://www.bvu.edu/,https://www.bvu.edu/admissions/financial-assistance/calculator,private_nonprofit,town,19,False,False,False,66.0,77.6,considered_not_required,,,,,,,1120.0,19.0,26.0,1366.0,13.0,76.0,61.7,49156.0,54222.0,41798.0,41798.0,18846.0,12901.0,43.8,http://commons.wikimedia.org/wiki/Special:FilePath/BVU-campus-aerial.jpg,http://commons.wikimedia.org/wiki/Special:FilePath/Buena%20vista%20univ%20simplelogo.png,Buena Vista University
192749,002760,Manhattanville University,Purchase,NY,10577,41.032187,-73.715645,https://www.mville.edu/,https://www.mville.edu/admissions-and-aid/financial-aid/net-price-calculator.php,private_nonprofit,suburb,18,False,False,False,,87.3,not_considered,,,,,,,,,,1362.0,12.0,73.9,58.4,58832.0,53499.0,44604.0,44604.0,20991.0,13548.0,35.1,http://commons.wikimedia.org/wiki/Special:FilePath/Reid%20Hall%2C%20Manhattanville%20College.jpg,http://commons.wikimedia.org/wiki/Special:FilePath/Manhattanville%20college%20textlogo.svg,Manhattanville University
133872,031155,AdventHealth University,Orlando,FL,32803,28.576142,-81.367687,https://www.ahu.edu/,https://npc.rewiretech.com/app/ahu,private_nonprofit,city,26,False,False,False,95.0,,,,,,,,,,,,1361.0,6.0,64.0,38.9,72282.0,38408.0,21420.0,21420.0,30135.0,28845.0,36.8,,,AdventHealth University
211273,003237,Bryn Mawr College,Bryn Mawr,PA,19010,40.02736,-75.313223,https://www.brynmawr.edu/,https://npc.collegeboard.org/student/app/brynmawr,private_nonprofit,suburb,21,False,False,True,,29.4,considered_not_required,1280.0,1510.0,660.0,750.0,620.0,760.0,1396.0,29.0,33.0,1359.0,8.0,92.2,81.8,75217.0,83250.0,65920.0,65920.0,31759.0,11017.0,14.8,http://commons.wikimedia.org/wiki/Special:FilePath/Entrance%20Bryn%20Mawr.JPG,http://commons.wikimedia.org/wiki/Special:FilePath/Bryn%20Mawr%20College%20logo.svg,Bryn Mawr College
198835,002941,Lenoir-Rhyne University,Hickory,NC,28601,35.739968,-81.327598,https://www.lr.edu/,https://lr.studentaidcalculator.com/survey.aspx,private_nonprofit,city,18,False,False,False,39.0,84.6,not_considered,,,,,,,,,,1359.0,15.0,75.5,47.8,45543.0,44621.0,31900.0,31900.0,20689.0,18669.0,39.2,http://commons.wikimedia.org/wiki/Special:FilePath/Lenoir%20building2.jpg,http://commons.wikimedia.org/wiki/Special:FilePath/Lenoir-Rhyne%20University%20logo.png,Lenoir–Rhyne University
204194,007085,Mount Vernon Nazarene University,Mount Vernon,OH,43050-9500,40.372901,-82.471074,https://mvnu.edu/,https://calculator.mvnu.edu/,private_nonprofit,town,19,False,False,False,59.0,84.2,considered_not_required,1046.0,1315.0,528.0,645.0,518.0,670.0,1131.0,18.0,25.0,1358.0,13.0,79.4,68.1,49555.0,49858.0,37158.0,37158.0,22421.0,22358.0,30.3,http://commons.wikimedia.org/wiki/Special:FilePath/MVNUAthletics.jpg,,Mount Vernon Nazarene University
224527,003564,East Texas Baptist University,Marshall,TX,75670-1498,32.557847,-94.374488,https://www.etbu.edu/,https://intranet.etbu.edu/npc/,private_nonprofit,town,20,False,False,False,54.0,57.8,not_considered,,,,,,,,,,1352.0,14.0,70.8,47.1,52788.0,44211.0,30680.0,30680.0,23911.0,20420.0,32.2,http://commons.wikimedia.org/wiki/Special:FilePath/East%20Texas%20Baptist%20University%20October%202016%2043%20%28H.%20D.%20Bruce%20Hall%29.jpg,http://commons.wikimedia.org/wiki/Special:FilePath/Etbu%20logo.png,East Texas Baptist University
140696,001586,Oglethorpe University,Atlanta,GA,30319-2797,33.875441,-84.333687,https://oglethorpe.edu/,https://oglethorpe.edu/admission/cost-calculator/,private_nonprofit,suburb,21,False,False,False,,88.4,considered_not_required,1090.0,1310.0,550.0,660.0,540.0,650.0,1227.0,22.0,31.0,1352.0,13.0,73.3,54.1,55232.0,60581.0,47590.0,47590.0,19509.0,16207.0,36.0,http://commons.wikimedia.org/wiki/Special:FilePath/Lowry%20Hall%20at%20Oglethorpe%20University%2C%20September%202015.jpg,http://commons.wikimedia.org/wiki/Special:FilePath/Oglethorpe%20univ%20textlogo.png,Oglethorpe University
211431,003303,Carlow University,Pittsburgh,PA,15213-3165,40.439293,-79.963448,https://www.carlow.edu/,https://www.carlow.edu/admissions-aid/tuition-financial-aid/net-price-calculators/,private_nonprofit,city,18,False,False,False,30.0,87.0,considered_not_required,960.0,1168.0,500.0,598.0,460.0,570.0,1080.0,,,1348.0,12.0,84.4,59.9,51051.0,49327.0,35874.0,35874.0,20786.0,17901.0,43.0,http://commons.wikimedia.org/wiki/Special:FilePath/McAuley%20Hall%20-%20Carlow%20University%20-%20IMG%201441.JPG,http://commons.wikimedia.org/wiki/Special:FilePath/Carlow%20univ%20logo.png,Carlow University
217934,003430,Columbia College,Columbia,SC,29203,34.045581,-81.029967,https://www.columbiasc.edu/,https://npc.collegeboard.org/app/columbiasc,private_nonprofit,city,20,False,False,False,71.0,93.9,not_considered,,,,,,,,,,1343.0,12.0,60.4,36.9,41338.0,35258.0,22214.0,22214.0,18408.0,17541.0,54.0,,,Columbia College
179326,002502,Southwest Baptist University,Bolivar,MO,65613-2596,37.602425,-93.407056,https://www.sbuniv.edu/,https://www.sbuniv.edu/admissions/financial-aid/estimator.php,private_nonprofit,town,18,False,False,False,75.0,68.4,considered_not_required,810.0,1210.0,430.0,610.0,380.0,600.0,1088.0,17.0,26.0,1341.0,10.0,64.8,55.3,43112.0,40301.0,30566.0,30566.0,21677.0,21978.0,36.3,,http://commons.wikimedia.org/wiki/Special:FilePath/South%20baptist%20univ%20logo.png,Southwest Baptist University
170639,002293,Lake Superior State University,Sault Ste Marie,MI,49783,46.492849,-84.365573,https://www.lssu.edu/,https://lssu.clearcostcalculator.com/student/default/netpricecalculator/survey,public,town,22,False,False,False,,,,,,,,,,,,,1325.0,13.0,78.8,51.0,49045.0,27154.0,14890.0,14890.0,12822.0,3516.0,26.5,http://commons.wikimedia.org/wiki/Special:FilePath/2009-0618-LSSU-SouthHall.jpg,http://commons.wikimedia.org/wiki/Special:FilePath/Lssu%20univ%20logo%20blue.png,Lake Superior State University
144351,001666,Concordia University-Chicago,River Forest,IL,60305-1499,41.898696,-87.809482,https://www.cuchicago.edu/,https://www.cuchicago.edu/admission-aid/undergraduate-admission-aid/net-price-calculator/,private_nonprofit,suburb,18,False,False,False,68.0,92.8,not_considered,,,,,,,,,,1323.0,13.0,60.5,36.5,54089.0,45383.0,37488.0,37488.0,18436.0,16795.0,45.7,,http://commons.wikimedia.org/wiki/Special:FilePath/Concordia%20univ%20chicago%20textlogo.png,Concordia University Chicago
237899,003826,West Virginia State University,Institute,WV,25112-1000,38.380541,-81.765034,https://www.wvstateu.edu/,https://wvstateu.studentaidcalculator.com/survey.aspx,public,suburb,20,True,False,False,,96.0,considered_not_required,760.0,1040.0,410.0,550.0,350.0,490.0,955.0,15.0,20.0,1321.0,13.0,56.7,39.2,40492.0,19772.0,9570.0,14990.0,11139.0,9457.0,20.1,http://commons.wikimedia.org/wiki/Special:FilePath/Canty%20House.jpg,http://commons.wikimedia.org/wiki/Special:FilePath/Wvsu%20simple%20logo.png,West Virginia State University
213011,003276,Immaculata University,Immaculata,PA,19345,40.027981,-75.570711,https://www.immaculata.edu/,https://www.immaculata.edu/admissions/tuition-fees/undergraduate-tuition/net-price-calculator/,private_nonprofit,suburb,17,False,False,False,30.0,85.8,considered_not_required,1156.0,1323.0,578.0,660.0,578.0,663.0,1260.0,,,1320.0,11.0,83.0,71.0,75701.0,43979.0,29330.0,29330.0,24258.0,20539.0,22.8,http://commons.wikimedia.org/wiki/Special:FilePath/Immaculata%20U%20Chesco%20PA.JPG,,Immaculata University
209922,003217,Reed College,Portland,OR,97202-8199,45.480959,-122.630348,https://www.reed.edu/,https://npc.collegeboard.org/app/reed,private_nonprofit,city,21,False,False,False,,24.6,considered_not_required,1290.0,1520.0,680.0,750.0,610.0,770.0,1437.0,30.0,34.0,1320.0,9.0,87.6,71.5,62927.0,86376.0,69350.0,69350.0,33013.0,12674.0,14.6,http://commons.wikimedia.org/wiki/Special:FilePath/EliotHallReedCollege.jpg,http://commons.wikimedia.org/wiki/Special:FilePath/Reed%20College%20Wordmark.png,Reed College
176628,002449,Avila University,Kansas City,MO,64145-1698,38.91339,-94.591758,https://www.avila.edu/,https://www.avila.edu/npclightbackground.html,private_nonprofit,city,19,False,False,False,30.0,87.8,considered_not_required,800.0,960.0,430.0,500.0,370.0,460.0,972.0,16.0,21.0,1312.0,19.0,70.5,52.4,52773.0,50096.0,42000.0,42000.0,16053.0,15694.0,56.4,http://commons.wikimedia.org/wiki/Special:FilePath/Thompson%20hall%20avila%20univ%20missouri.jpg,http://commons.wikimedia.org/wiki/Special:FilePath/Avila%20University%20logo.svg,Avila University
157058,001968,Kentucky State University,Frankfort,KY,40601-2355,38.201427,-84.855402,https://www.kysu.edu/,https://kysu.studentaidcalculator.com/survey.aspx,public,town,22,True,False,False,,96.1,considered_not_required,,,,,,,870.0,14.0,17.0,1309.0,10.0,63.7,31.9,36382.0,21727.0,9387.0,13658.0,8040.0,10225.0,58.3,http://commons.wikimedia.org/wiki/Special:FilePath/Kentucky%20State%20University%202020.jpg,http://commons.wikimedia.org/wiki/Special:FilePath/Kentuckystate%20univ%20textlogo.png,Kentucky State University
207403,003164,Oklahoma Baptist University,Shawnee,OK,74804,35.360492,-96.932459,https://www.okbu.edu/,https://www.okbu.edu/financial-aid/net-price-calculator.html,private_nonprofit,town,20,False,False,False,54.0,49.4,considered_not_required,1070.0,1240.0,540.0,630.0,530.0,610.0,1024.0,17.0,19.0,1308.0,16.0,71.7,52.4,48434.0,48695.0,35570.0,35570.0,20958.0,17562.0,17.4,http://commons.wikimedia.org/wiki/Special:FilePath/Bailey%20Business%20Center%2C%20Oklahoma%20Baptist%20University.jpg,http://commons.wikimedia.org/wiki/Special:FilePath/Obu%20simple%20logo.png,Oklahoma Baptist University
101693,001029,University of Mobile,Mobile,AL,36613-2842,30.793247,-88.128934,https://umobile.edu/,https://umobile.edu/financial-aid/cost-calculator/,private_nonprofit,rural,20,False,False,False,75.0,77.9,considered_not_required,,,,,,,1220.0,22.0,28.0,1307.0,14.0,74.0,56.9,43611.0,41115.0,26910.0,26910.0,22382.0,17550.0,25.7,,,University of Mobile
215275,003379,University of Pittsburgh-Greensburg,Greensburg,PA,15601-5860,40.276447,-79.532676,https://www.greensburg.pitt.edu/,https://pitt.studentaidcalculator.com/survey.aspx,public,suburb,21,False,False,False,,95.2,considered_not_required,1055.0,1253.0,545.0,633.0,510.0,620.0,1160.0,17.0,26.0,1305.0,14.0,69.1,39.7,66125.0,30141.0,14710.0,26584.0,17945.0,9514.0,37.7,http://commons.wikimedia.org/wiki/Special:FilePath/UPGbridge%20%281%29.jpg,http://commons.wikimedia.org/wiki/Special:FilePath/Pittsburgh%20greensburgh%20text%20logo.svg,University of Pittsburgh at Greensburg
228981,003641,Texas Lutheran University,Seguin,TX,78155-5999,29.573261,-97.982669,https://www.tlu.edu/,https://www.tlu.edu/costs?rc=0,private_nonprofit,town,22,False,False,False,22.0,95.7,not_considered,,,,,,,,,,1304.0,11.0,61.8,53.8,53863.0,50002.0,36230.0,36230.0,24654.0,20512.0,34.6,http://commons.wikimedia.org/wiki/Special:FilePath/Langner%20Memorial%20Hall%2C%20TLU%2C%20Seguin%20IMG%208138.JPG,http://commons.wikimedia.org/wiki/Special:FilePath/Texas%20lutheran%20tlu%20mark.png,Texas Lutheran University
125727,001341,Westmont College,Santa Barbara,CA,93108-1089,34.450151,-119.662517,https://www.westmont.edu/,https://www.westmont.edu/a/net-price-calculator.html,private_nonprofit,suburb,21,False,False,False,108.0,77.0,considered_not_required,1240.0,1450.0,630.0,750.0,610.0,700.0,1328.0,25.0,32.0,1302.0,10.0,85.0,70.3,64778.0,71150.0,53584.0,53584.0,29053.0,20899.0,20.0,,http://commons.wikimedia.org/wiki/Special:FilePath/Westmont%20college%20textlogo.png,Westmont College
154590,001900,William Penn University,Oskaloosa,IA,52577,41.310111,-92.647095,https://www.wmpenn.edu/,https://www.wmpenn.edu/admissions-aid/net-price-calculator/,private_nonprofit,town,22,False,False,False,65.0,51.9,considered_not_required,880.0,1110.0,450.0,570.0,430.0,540.0,984.0,16.0,22.0,1301.0,15.0,58.2,32.6,48936.0,42874.0,29750.0,29750.0,22601.0,20608.0,47.3,http://commons.wikimedia.org/wiki/Special:FilePath/The%20Spencer%20Chapel.jpeg,http://commons.wikimedia.org/wiki/Special:FilePath/William%20Penn%20University%20wordmark%202024.svg,William Penn University
168546,002235,Albion College,Albion,MI,49224,42.245049,-84.745639,https://www.albion.edu/,https://collegepricecalculator.com/albioncollege,private_nonprofit,town,21,False,False,False,,80.7,not_considered,,,,,,,,,,1300.0,11.0,70.8,61.6,58799.0,69986.0,56950.0,56950.0,14301.0,10036.0,47.5,http://commons.wikimedia.org/wiki/Special:FilePath/Honors%20Outside.jpg,http://commons.wikimedia.org/wiki/Special:FilePath/Albiion%20college%20full%20logo.png,Albion College
179964,002525,William Woods University,Fulton,MO,65251-2388,38.860287,-91.950416,https://www.williamwoods.edu/,https://www.williamwoods.edu/cost-and-aid/tuition-and-fees/,private_nonprofit,town,17,False,False,False,61.0,71.0,considered_not_required,,,,,,,,,,1300.0,16.0,58.0,46.8,42401.0,49094.0,30340.0,30340.0,26569.0,24014.0,34.8,,,William Woods University
446048,039413,Ave Maria University,Ave Maria,FL,34142-9505,26.335983,-81.438945,https://www.avemaria.edu/,https://netprice.avemaria.edu/,private_nonprofit,rural,21,False,False,False,30.0,41.4,not_considered,,,,,,,,,,1298.0,17.0,78.9,53.9,49520.0,46129.0,30198.0,30198.0,24860.0,18761.0,21.0,http://commons.wikimedia.org/wiki/Special:FilePath/Ave%20Maria%20Oratory%20facade%201.jpg,http://commons.wikimedia.org/wiki/Special:FilePath/Ave%20maria%20univ%20logo.svg,Ave Maria University
170037,002266,Cornerstone University,Grand Rapids,MI,49525-5897,42.979966,-85.595328,https://www.cornerstone.edu/,https://www.cornerstone.edu/undergraduate/costs-aid/financial-aid/net-price-calculator/,private_nonprofit,city,18,False,False,False,42.0,77.8,not_considered,,,,,,,,,,1298.0,15.0,78.3,61.9,47314.0,42043.0,23000.0,23000.0,20301.0,20177.0,32.8,http://commons.wikimedia.org/wiki/Special:FilePath/Cornerstone%20University.jpg,http://commons.wikimedia.org/wiki/Special:FilePath/Welch%20Clock%20Tower.jpg,Cornerstone University
216667,003389,Washington & Jefferson College,Washington,PA,15301,40.170622,-80.24049,https://www.washjeff.edu/,https://www.washjeff.edu/future-students/tuition-fees/net-price-calculator/,private_nonprofit,suburb,21,False,False,False,,80.6,not_considered,,,,,,,,,,1295.0,11.0,81.2,69.5,67918.0,42972.0,29392.0,29392.0,25002.0,15265.0,31.1,http://commons.wikimedia.org/wiki/Special:FilePath/WandJCollege-OldMain.JPG,http://commons.wikimedia.org/wiki/Special:FilePath/WandJseal.png,Washington & Jefferson College
122728,001281,William Jessup University,Rocklin,CA,95765-3707,38.819728,-121.292312,https://www.jessup.edu/,https://app.meadowfi.com/jessup,private_nonprofit,suburb,19,False,False,False,79.0,93.3,considered_not_required,1041.0,1228.0,553.0,638.0,488.0,590.0,1150.0,,,1294.0,10.0,76.9,56.0,56257.0,53703.0,37150.0,37150.0,28062.0,23123.0,31.7,,http://commons.wikimedia.org/wiki/Special:FilePath/Jessup%20univ%20full%20logo.png,William Jessup University
157809,002001,Thomas More University,Crestview Hills,KY,41017-3495,39.022963,-84.568923,https://www.thomasmore.edu/,https://www2.thomasmore.edu/financial_aid/netprice_introduction.cfm,private_nonprofit,suburb,20,False,False,False,30.0,90.3,considered_not_required,1030.0,1230.0,510.0,610.0,520.0,620.0,1180.0,21.0,27.0,1293.0,14.0,66.8,40.5,59384.0,49452.0,39800.0,39800.0,21835.0,15841.0,23.1,,,Thomas More University
196291,002853,SUNY Maritime College,Throggs Neck,NY,10465-4198,40.807217,-73.795309,https://www.sunymaritime.edu/,https://www.suny.edu/howmuch/netpricecalculator.xhtml?bgColor=87CEFA&embed=N&headerUrl=www.sunymaritime.edu/upload/Maritime_HEADER.gif&id=25,public,city,20,False,False,False,,72.4,considered_not_required,1123.0,1288.0,570.0,640.0,553.0,648.0,1214.0,22.0,28.0,1285.0,15.0,83.5,64.4,95951.0,29786.0,8589.0,19159.0,22367.0,11726.0,22.1,http://commons.wikimedia.org/wiki/Special:FilePath/SUNY%20Maritime%20College%20from%20the%20water.jpg,http://commons.wikimedia.org/wiki/Special:FilePath/Maritime%20college%20ny%20textlogo.svg,State University of New York Maritime College
180984,002541,Concordia University-Nebraska,Seward,NE,68434-1556,40.914853,-97.089054,https://www.cune.edu/,https://www.cune.edu/costs-and-aid/undergraduate/net-price-calculator,private_nonprofit,town,18,False,False,False,68.0,85.7,considered_not_required,,,,,,,,,,1283.0,14.0,79.5,64.9,52415.0,53292.0,40640.0,40640.0,23965.0,19107.0,11.4,,,"Concordia University, Nebraska"
225247,003571,Hardin-Simmons University,Abilene,TX,79698-0001,32.476434,-99.73564,https://www.hsutx.edu/,https://www.hsutx.edu/tuition-aid/affording-hsu/net-price-calculator/,private_nonprofit,city,17,False,False,False,54.0,90.0,considered_not_required,1010.0,1190.0,510.0,600.0,500.0,590.0,1108.0,19.0,26.0,1283.0,15.0,64.9,46.0,54771.0,45904.0,32960.0,32960.0,19555.0,13822.0,40.1,http://commons.wikimedia.org/wiki/Special:FilePath/Johnson%20Building%2C%20HSU%2C%20Abilene%2C%20TX%20IMG%206333.JPG,http://commons.wikimedia.org/wiki/Special:FilePath/Hardin%20simmons%20univ%20textlogo.png,Hardin–Simmons University
165936,002153,Gordon College,Wenham,MA,01984,42.590567,-70.82151,https://www.gordon.edu/,https://www.gordon.edu/netpricecalculator,private_nonprofit,rural,21,False,False,False,42.0,69.2,considered_not_required,1130.0,1355.0,580.0,695.0,550.0,660.0,1265.0,25.0,31.0,1278.0,10.0,84.4,68.5,52119.0,42446.0,30700.0,30700.0,24883.0,21829.0,20.8,http://commons.wikimedia.org/wiki/Special:FilePath/A.%20J.%20Gordon%20Memorial%20Chapel%20-%20Gordon%20College%20-%20DSC02712.JPG,,Gordon College
197984,002910,Belmont Abbey College,Belmont,NC,28012-1802,35.260651,-81.041315,https://www.belmontabbeycollege.edu/,https://npc.collegeboard.org/app/belmontabbey,private_nonprofit,suburb,22,False,False,False,30.0,74.7,considered_not_required,960.0,1200.0,490.0,610.0,470.0,590.0,1099.0,18.0,26.0,1276.0,12.0,70.4,46.7,47937.0,34788.0,19500.0,19500.0,24639.0,20610.0,24.2,http://commons.wikimedia.org/wiki/Special:FilePath/DJI%200068-May-2016-100.jpg,http://commons.wikimedia.org/wiki/Special:FilePath/Belmont%20abbey%20textlogo.png,Belmont Abbey College
219259,003466,Northern State University,Aberdeen,SD,57401-7198,45.450829,-98.484728,https://northern.edu/,https://northern.edu/sites/default/files/net-price-calculator/index.html,public,town,20,False,False,False,,93.0,considered_not_required,980.0,1160.0,490.0,590.0,490.0,570.0,1089.0,18.0,24.0,1273.0,19.0,77.0,48.9,47618.0,22077.0,8845.0,11947.0,15812.0,10762.0,12.4,,http://commons.wikimedia.org/wiki/Special:FilePath/Northern%20st%20univ%20full%20logo.png,Northern State University
157377,001975,Midway University,Midway,KY,40347-1120,38.146126,-84.678142,https://www.midway.edu/,https://www.midway.edu/admissions-aid/cost-aid/net-price-calculator/,private_nonprofit,rural,20,False,False,False,61.0,95.1,considered_not_required,1100.0,1170.0,570.0,590.0,530.0,580.0,1122.0,20.0,25.0,1262.0,15.0,67.6,40.7,44246.0,48805.0,27220.0,27220.0,29579.0,27206.0,31.9,,,Midway University
215798,003368,Saint Vincent College,Latrobe,PA,15650-2690,40.29265,-79.403762,https://www.stvincent.edu/,https://www.shoppingsheet.com/Shopping/Landing/stvincent,private_nonprofit,suburb,21,False,False,False,30.0,61.7,considered_not_required,1020.0,1230.0,510.0,620.0,510.0,610.0,1116.0,20.0,27.0,1259.0,11.0,82.2,68.6,59982.0,56752.0,42396.0,42396.0,23510.0,17249.0,26.7,http://commons.wikimedia.org/wiki/Special:FilePath/Saint%20Vincent%20College%20and%20Basilica.jpg,http://commons.wikimedia.org/wiki/Special:FilePath/St%20vincent%20college%20textlogo.png,Saint Vincent College
190716,002712,D'Youville  University,Buffalo,NY,14201-1084,42.902636,-78.890868,https://www.dyu.edu/,https://www.dyu.edu/cost-aid,private_nonprofit,city,17,False,False,False,,81.4,considered_not_required,995.0,1220.0,510.0,610.0,485.0,610.0,1130.0,,,1258.0,14.0,73.4,67.5,66942.0,48539.0,34940.0,34940.0,20433.0,16259.0,39.2,,http://commons.wikimedia.org/wiki/Special:FilePath/Dyouville%20university%20logo.png,D'Youville University
234173,003767,Virginia Wesleyan University,Virginia Beach,VA,23455,36.868417,-76.18606,https://www.vwu.edu/,https://tcc.ruffalonl.com/virginia wesleyan university/firstyearstudents,private_nonprofit,city,21,False,False,False,71.0,72.9,considered_not_required,,,,,,,,,,1256.0,15.0,74.2,41.6,50074.0,51255.0,37500.0,37500.0,19676.0,14080.0,27.1,http://commons.wikimedia.org/wiki/Special:FilePath/Greer%20Environmental%20Sciences%20Center.jpg,http://commons.wikimedia.org/wiki/Special:FilePath/Virginia%20wesleyan%20univ%20textlogo.png,Virginia Wesleyan University
226383,003586,Lubbock Christian University,Lubbock,TX,79407-2099,33.575973,-101.934426,https://lcu.edu/,https://tcc.ruffalonl.com/lubbock christian university/freshman-students,private_nonprofit,city,19,False,False,False,74.0,73.1,considered_not_required,950.0,1190.0,500.0,610.0,450.0,580.0,1100.0,19.0,27.0,1252.0,11.0,70.3,51.4,53787.0,41944.0,28540.0,28540.0,24456.0,23018.0,34.3,,http://commons.wikimedia.org/wiki/Special:FilePath/Lubbock%20Christian%20University%20logo.svg,Lubbock Christian University
236896,003799,Walla Walla University,College Place,WA,99324-1198,46.048088,-118.389555,https://www.wallawalla.edu/,https://npc.wallawalla.edu/,private_nonprofit,suburb,20,False,False,False,95.0,,,,,,,,,,,,1252.0,14.0,84.9,59.9,61885.0,45903.0,34227.0,34227.0,23329.0,18675.0,26.0,http://commons.wikimedia.org/wiki/Special:FilePath/WWUsign.jpg,,Walla Walla University
126182,001345,Adams State University,Alamosa,CO,81101,37.473636,-105.879642,https://www.adams.edu/,https://www.adams.edu/financial-aid/cost-tuition-to-attend/,public,town,18,False,False,False,,,,,,,,,,,,,1250.0,14.0,50.7,39.4,44372.0,24352.0,9824.0,21944.0,12980.0,9947.0,37.8,http://commons.wikimedia.org/wiki/Special:FilePath/The%20President%27s%20House%20at%20Adams%20State%20University%2C%20founded%20in%201921%20as%20a%20%22normal%20school%22%20%28or%20teachers%27%20college%29%20in%20Alamosa%2C%20Colorado%20LCCN2015632582.tif,http://commons.wikimedia.org/wiki/Special:FilePath/Adams%20state%20univ%20simplelogo.png,Adams State University
240107,003911,Viterbo University,La Crosse,WI,54601-8804,43.803133,-91.244297,https://www.viterbo.edu/,https://www.viterbo.edu/financial-aid/first-year-student-net-price-calculator,private_nonprofit,city,18,False,False,False,30.0,72.4,considered_not_required,,,,,,,1190.0,22.0,26.0,1249.0,10.0,76.2,68.4,55660.0,45558.0,34250.0,34250.0,21260.0,13657.0,26.3,http://commons.wikimedia.org/wiki/Special:FilePath/Viterbo%20University.jpg,http://commons.wikimedia.org/wiki/Special:FilePath/ViterboUniversityFineArtsBuilding.jpg,Viterbo University
198756,002936,Johnson C Smith University,Charlotte,NC,28216-5398,35.243033,-80.857251,https://www.jcsu.edu/,https://www.jcsu.edu/admissions/tuition-and-financial-aid/net-price-calculator,private_nonprofit,city,21,True,False,False,,45.2,not_considered,,,,,,,,,,1244.0,12.0,71.3,34.3,42680.0,34923.0,21300.0,21300.0,20894.0,19940.0,69.5,http://commons.wikimedia.org/wiki/Special:FilePath/Skyline%20view%20of%20Johnson%20C.%20Smith%20University.jpg,http://commons.wikimedia.org/wiki/Special:FilePath/Johnson%20c%20smith%20univ%20simplelogo.png,Johnson C. Smith University
195128,002810,Russell Sage College,Troy,NY,12180,42.72822,-73.693711,https://sage.edu/,https://sage.edu/admission/financial-aid/loan-fee-calculator/,private_nonprofit,city,17,False,False,False,,53.3,not_considered,,,,,,,,,,1244.0,10.0,77.9,56.1,58316.0,50607.0,38164.0,38164.0,22917.0,6662.0,42.0,http://commons.wikimedia.org/wiki/Special:FilePath/Gurley%20Memorial%20Hall%2C%20Russell%20Sage%20College%2C%20Troy%2C%20New%20York.jpg,http://commons.wikimedia.org/wiki/Special:FilePath/Russell%20sage%20college%20logo.png,Russell Sage College
198215,002914,Catawba College,Salisbury,NC,28144,35.691443,-80.482751,https://www.catawba.edu/,https://www.catawba.edu/calculator,private_nonprofit,suburb,22,False,False,False,,75.2,considered_not_required,1030.0,1300.0,520.0,650.0,510.0,650.0,1096.0,17.0,25.0,1235.0,13.0,77.3,47.3,48793.0,49516.0,34300.0,34300.0,17879.0,13618.0,41.0,,http://commons.wikimedia.org/wiki/Special:FilePath/Catawba%20College%20logo.jpg,Catawba College
211556,003244,Chatham University,Pittsburgh,PA,15232,40.448432,-79.926083,https://www.chatham.edu/,https://tcc.ruffalonl.com/chatham university/first-year students,private_nonprofit,city,17,False,False,False,,62.0,considered_not_required,1070.0,1295.0,550.0,670.0,520.0,625.0,1198.0,21.0,30.0,1232.0,10.0,77.8,63.1,52410.0,61261.0,44626.0,44626.0,29954.0,22675.0,21.8,http://commons.wikimedia.org/wiki/Special:FilePath/Chatham%20University%20-%20IMG%207665.JPG,http://commons.wikimedia.org/wiki/Special:FilePath/Chatham%20univ%20purplelogo.png,Chatham University
231420,003702,Averett University,Danville,VA,24541,36.577287,-79.413203,https://www.averett.edu/,https://www.averett.edu/financial-aid/netprice-calculator/,private_nonprofit,town,19,False,False,False,54.0,56.6,considered_not_required,926.0,1143.0,448.0,583.0,478.0,560.0,1135.0,15.0,28.0,1231.0,16.0,65.2,48.1,51516.0,53460.0,38550.0,38550.0,22925.0,23064.0,41.1,http://commons.wikimedia.org/wiki/Special:FilePath/Averett%20college%20va%20postcard.jpg,http://commons.wikimedia.org/wiki/Special:FilePath/Averett%20univ%20textlogo.png,Averett University
183211,002586,Rivier University,Nashua,NH,03060,42.738676,-71.45626,https://www.rivier.edu/,https://www.rivier.edu/financial-aid/net-price-calculator/,private_nonprofit,city,19,False,False,False,30.0,82.6,considered_not_required,1055.0,1175.0,545.0,590.0,510.0,585.0,1070.0,,,1231.0,14.0,75.7,51.7,52248.0,53499.0,39488.0,39488.0,28082.0,23321.0,28.3,http://commons.wikimedia.org/wiki/Special:FilePath/Rivier%20College.jpg,http://commons.wikimedia.org/wiki/Special:FilePath/Rivier%20univ%20logo.png,Rivier University
169442,006771,College for Creative Studies,Detroit,MI,48202,42.361839,-83.062352,https://www.ccsdetroit.edu/,https://www.ccsdetroit.edu/admissions/scholarships-aid/undergraduate/net-price-calculator/,private_nonprofit,city,30,False,False,False,,91.9,not_considered,,,,,,,,,,1230.0,10.0,82.2,70.6,44860.0,66014.0,53350.0,53350.0,34617.0,30267.0,30.0,http://commons.wikimedia.org/wiki/Special:FilePath/CCS%20LOGO.png,,Q5146598
495457,031150,Arizona College of Nursing-Phoenix,Phoenix,AZ,85053-4058,33.635804,-112.117327,https://www.arizonacollege.edu/,https://www.arizonacollege.edu/admissions/financial-aid/net-price-calculator/,private_for_profit,city,-2,False,False,False,,100.0,not_considered,,,,,,,,,,1229.0,20.0,67.9,,34657.0,42097.0,26041.0,26041.0,36660.0,34997.0,59.6,,,
177339,002463,Evangel University,Springfield,MO,65802-2125,37.220956,-93.262614,https://www.evangel.edu/,https://www.evangel.edu/financial-aid-and-scholarships/net-price-calculator/,private_nonprofit,city,19,False,False,False,27.0,71.6,considered_not_required,1040.0,1260.0,540.0,640.0,500.0,620.0,1188.0,21.0,27.0,1229.0,15.0,76.4,65.0,46573.0,39956.0,28548.0,28548.0,18669.0,16198.0,31.2,http://commons.wikimedia.org/wiki/Special:FilePath/Evangel%20college%20library%20postcard.jpg,http://commons.wikimedia.org/wiki/Special:FilePath/Evangel%20University%20logo.svg,Evangel University
121257,001172,Pitzer College,Claremont,CA,91711-6101,34.104107,-117.706675,https://www.pitzer.edu/,https://npc.collegeboard.org/app/pitzer,private_nonprofit,suburb,21,False,False,False,,25.2,not_considered,,,,,,,,,,1227.0,10.0,93.8,83.4,69512.0,86466.0,65192.0,65192.0,34191.0,14535.0,10.5,http://commons.wikimedia.org/wiki/Special:FilePath/Pitzer-college-phase-II-2.jpg,http://commons.wikimedia.org/wiki/Special:FilePath/Pitzer%20college%20textlogo.svg,Pitzer College
154350,001887,Simpson College,Indianola,IA,50125,41.365503,-93.563471,https://simpson.edu/,https://simpson.edu/financial-aid/net-price-calculator/,private_nonprofit,town,22,False,False,False,71.0,86.2,considered_not_required,,,,,,,1440.0,31.0,33.0,1227.0,12.0,81.3,63.3,59274.0,61227.0,47656.0,47656.0,21936.0,17941.0,34.6,http://commons.wikimedia.org/wiki/Special:FilePath/This%20is%20College%20Hall%20located%20on%20Simpson%20College%27s%20campus%20in%20Indianola%2C%20Iowa.jpg,http://commons.wikimedia.org/wiki/Special:FilePath/Simpson%20college%20logo.png,Simpson College
486956,006385,Chamberlain University-New Jersey,North Brunswick,NJ,08902,40.465934,-74.438877,https://www.chamberlain.edu/,https://www.chamberlain.edu/admissions/financial-aid-scholarships/calculator,private_for_profit,suburb,26,False,False,False,,100.0,considered_not_required,,,,,,,,,,1226.0,12.0,80.0,33.3,92405.0,38904.0,20785.0,20785.0,37984.0,38904.0,38.7,,,
166391,002158,Lasell University,Newton,MA,02466,42.342148,-71.24347,https://www.lasell.edu/,https://lasell.clearcostcalculator.com/student/default/netpricecalculator/survey,private_nonprofit,city,18,False,False,False,,81.2,considered_not_required,1030.0,1158.0,530.0,598.0,500.0,560.0,1100.0,,,1226.0,12.0,70.4,58.6,49705.0,42434.0,27040.0,27040.0,27511.0,18334.0,31.3,http://commons.wikimedia.org/wiki/Special:FilePath/East%20Hall%2C%20Lasell%20College%2C%20Auburndale%20MA.jpg,,Lasell University
443784,001459,Strayer University-Pennsylvania,Philadelphia,PA,19102,40.13955,-74.962991,https://www.strayer.edu/campus-locations/pennsylvania/lower-bucks-county,https://strayer.aidcalc.cloud/netprice.htm,private_for_profit,suburb,20,False,False,False,,,,,,,,,,,,,1226.0,47.0,,0.0,40092.0,,13920.0,13920.0,,,72.6,,,Strayer University-Pennsylvania
168740,002238,Andrews University,Berrien Springs,MI,49104,41.963859,-86.355815,https://www.andrews.edu/,https://andrews.studentaidcalculator.com/,private_nonprofit,town,17,False,False,False,95.0,81.8,considered_not_required,990.0,1290.0,520.0,660.0,470.0,630.0,1150.0,20.0,26.0,1224.0,10.0,83.2,71.5,53187.0,45218.0,35056.0,35056.0,12547.0,13406.0,24.7,http://commons.wikimedia.org/wiki/Special:FilePath/Andrews%20University%20Welcome%20Center.jpg,,Andrews University
120403,001251,Otis College of Art and Design,Los Angeles,CA,90045-3505,33.956607,-118.416615,https://www.otis.edu/,https://www.otis.edu/admissions-aid/tuition-aid/financial-calculator.html,private_nonprofit,city,30,False,False,False,,81.8,considered_not_required,1265.0,1395.0,665.0,720.0,600.0,675.0,1310.0,,,1223.0,9.0,74.5,66.3,58152.0,75861.0,56488.0,56488.0,51248.0,44731.0,33.6,http://commons.wikimedia.org/wiki/Special:FilePath/Otiscollege.jpg,,Otis College of Art and Design
214731,003329,Pennsylvania State University-Penn State Brandywine,Media,PA,19063-5522,39.927123,-75.449704,https://brandywine.psu.edu/,https://tuition.psu.edu/student-tuition-calculators,public,suburb,-2,False,False,False,,98.1,considered_not_required,1080.0,1310.0,550.0,650.0,530.0,660.0,1200.0,,,1223.0,15.0,72.6,26.0,63435.0,31088.0,15208.0,25392.0,22585.0,15904.0,33.7,http://commons.wikimedia.org/wiki/Special:FilePath/Penn%20State%20Brandywine%20Classroom.jpg,http://commons.wikimedia.org/wiki/Special:FilePath/Penn%20state%20brandywine%20textlogo.svg,Penn State Brandywine
148584,001664,University of St Francis,Joliet,IL,60435-6188,41.532225,-88.096057,https://www.stfrancis.edu/,https://www.stfrancis.edu/admissions-aid/financial-aid-services/net-price-calculator/,private_nonprofit,suburb,17,False,False,False,30.0,65.3,considered_not_required,1030.0,1220.0,520.0,610.0,510.0,610.0,1141.0,20.0,32.0,1223.0,15.0,78.8,66.8,63926.0,46239.0,38110.0,38110.0,13006.0,8547.0,39.3,http://commons.wikimedia.org/wiki/Special:FilePath/U%20of%20St%20Fran%20Joliet.JPG,,University of St. Francis
487375,031150,Arizona College of Nursing-Las Vegas,Las Vegas,NV,89113,36.067353,-115.274149,https://www.arizonacollege.edu/,https://www.arizonacollege.edu/admissions/financial-aid/net-price-calculator/,private_for_profit,suburb,26,False,False,False,,100.0,not_considered,,,,,,,,,,1222.0,20.0,76.9,81.8,34657.0,35587.0,23531.0,23531.0,30921.0,27962.0,53.4,,,
497037,003537,Abilene Christian University-Undergraduate Online,Addison,TX,75001,32.977065,-96.826833,https://www.acu.edu/academics/online/undergraduate,https://www.highered.texas.gov/apps/NPC/?Fice=003537,private_nonprofit,suburb,-2,False,False,False,74.0,100.0,not_considered,,,,,,,,,,1219.0,25.0,47.6,,55736.0,30295.0,14520.0,14520.0,23698.0,24283.0,70.9,,,
219383,003469,University of Sioux Falls,Sioux Falls,SD,57105-1699,43.531574,-96.738229,https://www.usiouxfalls.edu/,https://apps.usiouxfalls.edu/npc?ref=fa,private_nonprofit,city,19,False,False,False,52.0,82.9,not_considered,,,,,,,,,,1218.0,18.0,74.5,62.9,54521.0,34274.0,21750.0,21750.0,21383.0,18145.0,28.8,,http://commons.wikimedia.org/wiki/Special:FilePath/Usf%20sioux%20falls%20full%20logo.png,University of Sioux Falls
210571,003229,Albright College,Reading,PA,19604,40.361351,-75.909742,https://www.albright.edu/home/,https://albright.studentaidcalculator.com/survey.aspx,private_nonprofit,city,21,False,False,False,71.0,76.3,not_considered,,,,,,,,,,1217.0,11.0,61.7,50.7,58700.0,43711.0,29082.0,29082.0,20024.0,16345.0,50.0,http://commons.wikimedia.org/wiki/Special:FilePath/Albright%20college%20admin%20postcard%201947.jpg,http://commons.wikimedia.org/wiki/Special:FilePath/Albright%20college%20penn%20logo.png,Albright College
206525,003143,Wittenberg University,Springfield,OH,45504,39.934029,-83.815445,https://www.wittenberg.edu/,https://www.wittenberg.edu/admission/net-price-calculator,private_nonprofit,city,21,False,False,False,39.0,72.4,considered_not_required,980.0,1275.0,500.0,650.0,480.0,625.0,1179.0,21.0,28.0,1215.0,12.0,63.4,52.7,54947.0,57799.0,45940.0,45940.0,18649.0,17609.0,34.9,http://commons.wikimedia.org/wiki/Special:FilePath/Wittenberg%20College%2C%20Carnegie%20Hall%20of%20Science%20and%20Recreation%20Hall%2C%20Springfield%2C%20Ohio%20%281911%20Postcard%29.jpg,,Wittenberg University
199209,002951,North Carolina Wesleyan University,Rocky Mount,NC,27804,36.019665,-77.773982,https://www.ncwu.edu/,https://ncwu.edu/npcalc.html,private_nonprofit,city,22,False,False,False,71.0,80.2,not_considered,,,,,,,,,,1214.0,13.0,58.5,42.0,45873.0,49974.0,35736.0,35736.0,17432.0,16114.0,49.8,http://commons.wikimedia.org/wiki/Special:FilePath/Nc%20wesleyan%20univ%20aerial.jpg,http://commons.wikimedia.org/wiki/Special:FilePath/Nc%20wesleyan%20univ%20logo.png,North Carolina Wesleyan University
207342,003184,University of Oklahoma-Health Sciences Center,Oklahoma City,OK,73117-1221,35.47928,-97.496289,https://ouhsc.edu/,https://financialservices.ouhsc.edu/departments/student-financial-aid/ouhsc-estimated-costs/costs,public,city,27,False,False,False,,,,,,,,,,,,,1214.0,8.0,,,63126.0,,,,,,28.6,,,University of Oklahoma Health Sciences Center
220215,003492,Freed-Hardeman University,Henderson,TN,38340-2399,35.440611,-88.637964,https://www.fhu.edu/,https://www.fhu.edu/npc,private_nonprofit,town,19,False,False,False,74.0,59.7,considered_not_required,952.0,1087.0,481.0,549.0,471.0,538.0,1109.0,19.0,26.0,1212.0,10.0,85.9,70.8,47485.0,38315.0,25620.0,25620.0,21574.0,20988.0,18.0,http://commons.wikimedia.org/wiki/Special:FilePath/National%20Teacher%27s%20Normal%20and%20Business%20College%20Administration%20Building.JPG,,Freed–Hardeman University
238980,003854,Lakeland University,Plymouth,WI,53073,43.841573,-87.883414,https://www.lakeland.edu/,https://lakeland.edu/traditional-undergraduate-financial-aid/net-price-calculator,private_nonprofit,rural,18,False,False,False,76.0,86.3,not_considered,,,,,,,,,,1212.0,12.0,63.3,42.4,55961.0,48840.0,33396.0,33396.0,24212.0,22453.0,25.1,http://commons.wikimedia.org/wiki/Special:FilePath/LakelandCollegeOldMainHall.jpg,,Lakeland University
199412,002957,Queens University of Charlotte,Charlotte,NC,28274,35.189051,-80.833509,https://www.queens.edu/,https://tcc.ruffalonl.com/Queens University of Charlotte/Freshman Students,private_nonprofit,city,18,False,False,False,66.0,62.1,considered_not_required,1140.0,1340.0,560.0,670.0,580.0,670.0,1206.0,20.0,27.0,1211.0,9.0,74.1,61.3,57673.0,65742.0,45846.0,45846.0,30857.0,22792.0,24.0,,http://commons.wikimedia.org/wiki/Special:FilePath/Queens%20University%20of%20Charlotte%20wordmark%20blue.svg,Queens University of Charlotte
169983,002262,Kettering University,Flint,MI,48504-6214,43.012468,-83.71282,https://www.kettering.edu/,https://kettering.studentaidcalculator.com/survey.aspx,private_nonprofit,city,19,False,False,False,,78.7,considered_not_required,1160.0,1330.0,580.0,660.0,580.0,670.0,1251.0,26.0,30.0,1205.0,11.0,94.3,70.8,94823.0,61250.0,48470.0,48470.0,34660.0,24910.0,17.0,,http://commons.wikimedia.org/wiki/Special:FilePath/KetteringWordmark.png,Kettering University
234164,003766,Virginia Union University,Richmond,VA,23220,37.562405,-77.450903,https://www.vuu.edu/,https://www.vuu.edu/financial-aid/net-price-calculator,private_nonprofit,city,21,True,False,False,54.0,98.0,considered_not_required,850.0,885.0,450.0,475.0,400.0,410.0,850.0,,,1203.0,16.0,66.6,34.2,38275.0,29075.0,17450.0,17450.0,13235.0,11424.0,68.7,http://commons.wikimedia.org/wiki/Special:FilePath/Pickford%20Hall%2C%20Virginia%20Union%20University.JPG,http://commons.wikimedia.org/wiki/Special:FilePath/Virginia%20union%20univ%20full%20logo.png,Virginia Union University
421708,031150,Arizona College of Nursing-Tempe,Tempe,AZ,85282-1840,33.403079,-111.965808,https://www.arizonacollege.edu/,https://www.arizonacollege.edu/admissions/financial-aid/net-price-calculator/,private_for_profit,city,10,False,False,False,,100.0,not_considered,,,,,,,,,,1202.0,20.0,71.4,88.9,34657.0,38153.0,26091.0,26091.0,31681.0,27061.0,46.9,,,
180692,002537,The University of Montana-Western,Dillon,MT,59725-3598,45.208306,-112.639264,https://umwestern.edu/,https://app.meadowfi.com/umwestern,public,town,22,False,False,False,,99.8,not_considered,,,,,,,,,,1198.0,16.0,78.6,51.2,43229.0,21403.0,6670.0,20130.0,16558.0,14822.0,35.2,http://commons.wikimedia.org/wiki/Special:FilePath/The%20University%20of%20Montana%20Western%20campus.jpg,,University of Montana Western
450377,001459,Strayer University-Alabama,Birmingham,AL,35203,33.513375,-86.80574,https://www.strayer.edu/campus-locations/alabama/birmingham,https://strayer.aidcalc.cloud/netprice.htm,private_for_profit,city,20,False,False,False,,,,,,,,,,,,,1196.0,47.0,,0.0,40092.0,,13920.0,13920.0,,,85.2,,,
184773,002608,Georgian Court University,Lakewood,NJ,08701-2697,40.099617,-74.228186,https://georgian.edu/,https://npc.collegeboard.org/app/gcu,private_nonprofit,city,18,False,False,False,30.0,78.8,considered_not_required,,,,,,,,,,1195.0,11.0,76.1,53.6,53096.0,50671.0,37260.0,37260.0,19285.0,12683.0,33.1,http://commons.wikimedia.org/wiki/Special:FilePath/Georgian%20Court%2C%20Lakewood%2C%20NJ%20-%20Mansion%2C%20north%20view.jpg,http://commons.wikimedia.org/wiki/Special:FilePath/Georgian%20court%20univ%20logo.png,Georgian Court University
162760,002076,Hood College,Frederick,MD,21701,39.420631,-77.419049,https://www.hood.edu/,https://www.hood.edu/net-price-calculator,private_nonprofit,city,18,False,False,False,,77.8,not_considered,,,,,,,,,,1194.0,10.0,68.0,56.9,57089.0,61219.0,47700.0,47700.0,20873.0,12424.0,37.1,http://commons.wikimedia.org/wiki/Special:FilePath/Alumnae%20Hall%20Hood%20College%20MD1.jpg,http://commons.wikimedia.org/wiki/Special:FilePath/Hood%20college%20md%20logo.png,Hood College
213251,003279,Juniata College,Huntingdon,PA,16652-2196,40.500523,-78.017292,https://www.juniata.edu/,https://more.juniata.edu/admission/aid-calculator/index.php,private_nonprofit,town,21,False,False,False,,78.9,considered_not_required,1130.0,1320.0,570.0,670.0,560.0,650.0,1227.0,22.0,30.0,1191.0,11.0,83.3,73.5,56918.0,71850.0,58580.0,58580.0,23988.0,18729.0,29.0,http://commons.wikimedia.org/wiki/Special:FilePath/Carnegie%20museum.jpg,http://commons.wikimedia.org/wiki/Special:FilePath/Juniata%20college%20textlogo.svg,Juniata College
163295,002080,Maryland Institute College of Art,Baltimore,MD,21217-4134,39.308792,-76.621033,https://www.mica.edu/,https://www.mica.edu/admissions/financial-aid/undergraduate-financial-aid/net-price-calculator/,private_nonprofit,city,30,False,False,False,,76.8,considered_not_required,1078.0,1305.0,570.0,670.0,508.0,635.0,1258.0,25.0,33.0,1189.0,9.0,83.4,72.2,45212.0,76860.0,56800.0,56800.0,42729.0,32389.0,23.1,http://commons.wikimedia.org/wiki/Special:FilePath/MICA%20Gateway.JPG,,Maryland Institute College of Art
198950,002945,Meredith College,Raleigh,NC,27607-5298,35.799351,-78.689995,https://www.meredith.edu/,https://tcc.ruffalonl.com/meredith college/net-price-calculator,private_nonprofit,city,21,False,False,True,,74.2,considered_not_required,1098.0,1348.0,588.0,668.0,510.0,680.0,1204.0,23.0,29.0,1188.0,10.0,79.4,70.1,51539.0,57313.0,45630.0,45630.0,22488.0,17207.0,35.9,http://commons.wikimedia.org/wiki/Special:FilePath/Meredith%20College.JPG,http://commons.wikimedia.org/wiki/Special:FilePath/Meredith%20college%20nc%20logo.png,Meredith College
192271,007466,LIM College,New York,NY,10017-0000,40.754991,-73.979413,https://www.limcollege.edu/,https://tcc.ruffalonl.com/lim college/freshman-students,private_for_profit,city,29,False,False,False,,95.9,considered_not_required,960.0,1138.0,500.0,580.0,460.0,558.0,1035.0,19.0,25.0,1187.0,20.0,73.3,50.9,58956.0,53064.0,33504.0,33504.0,38667.0,34978.0,37.7,,,LIM College
224004,003557,Concordia University Texas,Austin,TX,78726,30.420232,-97.835703,https://www.concordia.edu/,https://tcc.ruffalonl.com/concordia university - texas/freshman-students,private_nonprofit,city,18,False,False,False,68.0,91.2,not_considered,,,,,,,,,,1185.0,16.0,58.3,44.6,60883.0,53020.0,23500.0,23500.0,23131.0,18764.0,41.4,http://commons.wikimedia.org/wiki/Special:FilePath/ConcordiaUniversityAustinOffice.JPG,http://commons.wikimedia.org/wiki/Special:FilePath/Concordia%20univ%20texas%20textlogo.png,Concordia University Texas
133979,001486,Florida Memorial University,Miami Gardens,FL,33054-6199,25.918278,-80.270753,https://www.fmuniv.edu/,https://www.fmuniv.edu/admissions/financial-aid/tuition-and-fees/,private_nonprofit,suburb,22,True,False,False,54.0,85.3,not_considered,,,,,,,,,,1183.0,17.0,49.5,31.1,36624.0,35809.0,20174.0,20174.0,23238.0,21882.0,69.1,http://commons.wikimedia.org/wiki/Special:FilePath/FloridaMemorialU-4%20-%2052273368773.jpg,http://commons.wikimedia.org/wiki/Special:FilePath/Florida%20memorial%20univ%20textlogo.png,Florida Memorial University
226587,003591,McMurry University,Abilene,TX,79697,32.429776,-99.748682,https://mcm.edu/,https://mcm.edu/tuition-financial-aid-scholarships/,private_nonprofit,city,22,False,False,False,71.0,57.0,considered_not_required,950.0,1160.0,490.0,590.0,460.0,570.0,1043.0,18.0,24.0,1176.0,16.0,63.5,44.3,48779.0,43778.0,32340.0,32340.0,19581.0,15946.0,23.8,http://commons.wikimedia.org/wiki/Special:FilePath/McMurry%20University%20Administration%20Building.jpg,http://commons.wikimedia.org/wiki/Special:FilePath/McMurry%20University%20logo.png,McMurry University
154101,001883,Northwestern College,Orange City,IA,51041,42.999007,-96.058772,https://www.nwciowa.edu/,https://www.nwciowa.edu/aid-calculator,private_nonprofit,town,19,False,False,False,49.0,80.4,not_considered,,,,,,,,,,1175.0,15.0,73.5,66.0,49802.0,49783.0,36710.0,36710.0,25907.0,27059.0,24.7,http://commons.wikimedia.org/wiki/Special:FilePath/Zwemer%20Hall.jpg,http://commons.wikimedia.org/wiki/Special:FilePath/Northwestern%20college%20iowa%20logo.png,Northwestern College
217961,003431,Converse University,Spartanburg,SC,29302-0006,34.955534,-81.917881,https://www.converse.edu/,https://www.converse.edu/admissions/financial-aid-and-tuition/undergraduate-freshmen-and-transfer-students/net-cost-calculator-for-freshman/,private_nonprofit,city,20,False,False,False,,67.7,considered_not_required,1010.0,1250.0,510.0,630.0,500.0,620.0,1138.0,19.0,26.0,1173.0,12.0,79.6,61.5,40867.0,38838.0,25240.0,25240.0,23283.0,14137.0,39.8,http://commons.wikimedia.org/wiki/Special:FilePath/Wilson%20Hall%20at%20Converse%20College.jpg,,Converse University
165802,002150,Fisher College,Boston,MA,02116,42.355253,-71.074125,https://www.fisher.edu/,https://www.fisher.edu/admissions-aid/net-price-calculator,private_nonprofit,city,22,False,False,False,,70.7,not_considered,,,,,,,,,,1167.0,14.0,54.6,27.8,49669.0,53921.0,35689.0,35689.0,26649.0,25071.0,39.7,,,Fisher College
105899,007113,Arizona Christian University,Glendale,AZ,85306-3216,33.622952,-112.181776,https://arizonachristian.edu/,https://www.arizonachristian.edu/financial-aid/calculator/,private_nonprofit,suburb,22,False,False,False,88.0,70.6,not_considered,,,,,,,,,,1165.0,16.0,53.7,39.9,51612.0,54792.0,35098.0,35098.0,32839.0,30522.0,33.9,,http://commons.wikimedia.org/wiki/Special:FilePath/Arizona%20christian%20univ%20logo.png,Arizona Christian University
222983,003543,Austin College,Sherman,TX,75090-4400,33.646345,-96.596331,https://www.austincollege.edu/,https://www.austincollege.edu/net-price-calculator,private_nonprofit,city,21,False,False,False,66.0,47.6,considered_not_required,1100.0,1310.0,550.0,660.0,550.0,650.0,1212.0,23.0,29.0,1165.0,11.0,79.4,67.0,61296.0,61607.0,48680.0,48680.0,21107.0,16528.0,30.9,http://commons.wikimedia.org/wiki/Special:FilePath/AdminAC.JPG,,Austin College
153144,001854,Coe College,Cedar Rapids,IA,52402-5092,41.988263,-91.658192,https://www.coe.edu/,https://www.coe.edu/admission/financial-aid-scholarships/resources/net-price-calculator,private_nonprofit,city,21,False,False,False,66.0,64.0,considered_not_required,1070.0,1290.0,540.0,640.0,530.0,650.0,1223.0,23.0,29.0,1164.0,11.0,72.7,65.9,57125.0,67372.0,54666.0,54666.0,18745.0,11479.0,35.8,http://commons.wikimedia.org/wiki/Special:FilePath/2012-0610-CoeCollege.jpg,http://commons.wikimedia.org/wiki/Special:FilePath/Coe%20college%20textlogo.png,Coe College
154004,001879,Morningside University,Sioux City,IA,51106-1751,42.473891,-96.359464,https://www.morningside.edu/,https://www.morningside.edu/about-morningside/consumer-information/,private_nonprofit,city,18,False,False,False,71.0,71.0,considered_not_required,,,,,,,,,,1163.0,12.0,74.2,50.1,55494.0,52577.0,39660.0,39660.0,31320.0,33738.0,33.9,http://commons.wikimedia.org/wiki/Special:FilePath/MORNINGSIDE%20COLLEGE%20HISTORIC%20DISTRICT%2C%20WOODBURY%20COUNTY%2C%20IA.jpg,,Morningside University
167260,002197,Nichols College,Dudley,MA,01571-5000,42.044033,-71.930283,https://www.nichols.edu/,https://nichols.studentaidcalculator.com/survey.aspx,private_nonprofit,suburb,19,False,False,False,,80.8,considered_not_required,1028.0,1236.0,528.0,623.0,500.0,613.0,1140.0,,,1163.0,15.0,72.5,62.6,58063.0,58310.0,42705.0,42705.0,33036.0,22054.0,25.5,http://commons.wikimedia.org/wiki/Special:FilePath/Nichols%20College%2C%20Dudley%2C%20MA.jpg,,Nichols College
181330,002553,Midland University,Fremont,NE,68025,41.43674,-96.488008,https://www.midlandu.edu/,https://www.midlandu.edu/net-price-calculator/,private_nonprofit,town,20,False,False,False,39.0,66.1,considered_not_required,963.0,1170.0,490.0,590.0,473.0,580.0,1086.0,17.0,23.0,1159.0,14.0,69.3,42.1,52163.0,55719.0,42050.0,42050.0,26267.0,21086.0,28.1,http://commons.wikimedia.org/wiki/Special:FilePath/Midland%20Lutheran%20Fountain.JPG,,Midland University
197735,013027,Yeshivath Viznitz,Monsey,NY,10952,41.114682,-74.070243,https://yeshivathviznitz.com/,https://yeshivathviznitz.com/?page_id=10,private_nonprofit,suburb,24,False,True,False,,,,,,,,,,,,,1159.0,10.0,95.9,69.3,,20397.0,12000.0,12000.0,8929.0,7589.0,92.8,,,
236452,003794,Saint Martin's University,Lacey,WA,98503-7500,47.041068,-122.816354,https://www.stmartin.edu/,https://app.meadowfi.com/stmartin,private_nonprofit,city,20,False,False,False,30.0,89.8,considered_not_required,1025.0,1230.0,510.0,610.0,515.0,620.0,1093.0,16.0,20.0,1158.0,11.0,64.6,51.9,62092.0,62449.0,45510.0,45510.0,28119.0,22810.0,41.9,http://commons.wikimedia.org/wiki/Special:FilePath/St.%20Martin%27s%20Abbey.jpg,http://commons.wikimedia.org/wiki/Special:FilePath/St%20martin%20univ%20washington%20textlogo.png,Saint Martin's University
183257,002589,University of New Hampshire College of Professional Studies Online,Manchester,NH,03101,42.987209,-71.468755,https://cps.unh.edu/online,https://app.meadowfi.com/unh,public,city,20,False,False,False,,,,,,,,,,,,,1157.0,10.0,62.5,29.5,66479.0,15451.0,7724.0,9284.0,10864.0,4587.0,31.8,,,Granite State College
210669,003230,Allegheny College,Meadville,PA,16335-3902,41.64869,-80.147168,https://allegheny.edu/,https://allegheny.edu/npc,private_nonprofit,town,21,False,False,False,71.0,54.6,considered_not_required,1173.0,1358.0,610.0,690.0,563.0,668.0,1275.0,25.0,30.0,1156.0,8.0,77.9,72.5,62069.0,71348.0,56550.0,56550.0,22940.0,18495.0,28.5,http://commons.wikimedia.org/wiki/Special:FilePath/Ruter%20Hall%2C%20Allegheny%20College.jpg,http://commons.wikimedia.org/wiki/Special:FilePath/Allegheny%20college%20textlogo.png,Allegheny College
101675,001028,Miles College,Fairfield,AL,35064-2621,33.482442,-86.908751,https://www.miles.edu/,https://miles.clearcostcalculator.com/student/default/netpricecalculator/survey,private_nonprofit,suburb,22,True,False,False,55.0,,,,,,,,,,,,1155.0,12.0,56.2,15.8,32627.0,21154.0,13314.0,13314.0,14271.0,13907.0,71.9,http://commons.wikimedia.org/wiki/Special:FilePath/Miles%20College%20Brown%20Hall.jpg,http://commons.wikimedia.org/wiki/Special:FilePath/Miles%20college%20horiz%20logo.png,Miles College
101912,001033,Oakwood University,Huntsville,AL,35896,34.756344,-86.652705,https://www2.oakwood.edu/,https://oakwood.studentaidcalculator.com/,private_nonprofit,city,21,True,False,False,95.0,45.2,not_considered,,,,,,,,,,1153.0,14.0,71.1,44.6,42488.0,40176.0,22512.0,22512.0,25669.0,23999.0,44.4,http://commons.wikimedia.org/wiki/Special:FilePath/Oakwood%20University.jpg,http://commons.wikimedia.org/wiki/Special:FilePath/2017acornlogo%20copy.png,Oakwood University
170532,002275,Kalamazoo College,Kalamazoo,MI,49006-3295,42.290789,-85.601857,https://www.kzoo.edu/,https://admission.kzoo.edu/cost-value/net-price-calculator/,private_nonprofit,city,21,False,False,False,,75.3,considered_not_required,1170.0,1380.0,590.0,700.0,580.0,680.0,1280.0,20.0,29.0,1149.0,10.0,84.5,76.0,65590.0,74208.0,61050.0,61050.0,19072.0,12019.0,25.8,http://commons.wikimedia.org/wiki/Special:FilePath/Kalamazoo%20College%20Fieldhouse%20%28October%202016%29.jpg,http://commons.wikimedia.org/wiki/Special:FilePath/Kalamazoo%20college%20logo%20stackleft.png,Kalamazoo College
194958,002805,Roberts Wesleyan University,Rochester,NY,14624,43.125755,-77.798498,https://www.roberts.edu/,https://www.roberts.edu/admissions/financial-aid/undergraduate-tuition-and-aid/net-price-calculator/,private_nonprofit,suburb,18,False,False,False,64.0,70.6,considered_not_required,990.0,1305.0,505.0,670.0,485.0,635.0,1170.0,,,1149.0,7.0,83.6,66.7,55031.0,52919.0,38826.0,38826.0,23130.0,22922.0,35.4,http://commons.wikimedia.org/wiki/Special:FilePath/Chesbrough%20seminary%20ny%201910.jpg,,Roberts Wesleyan University
168591,002236,Alma College,Alma,MI,48801-1599,43.38004,-84.672053,https://www.alma.edu/,https://www.alma.edu/financial-aid/net-price-calculator/,private_nonprofit,town,22,False,False,False,66.0,57.0,not_considered,,,,,,,,,,1148.0,14.0,85.0,62.9,54742.0,63650.0,49552.0,49552.0,20694.0,17162.0,27.0,http://commons.wikimedia.org/wiki/Special:FilePath/McIntyre%20Mall.JPG,http://commons.wikimedia.org/wiki/Special:FilePath/Alma%20college%20textlogo.png,Alma College
193353,002778,Mount Saint Mary College,Newburgh,NY,12550,41.513872,-74.012655,https://www.msmc.edu/,https://npc.collegeboard.org/app/msmc,private_nonprofit,city,19,False,False,False,30.0,88.9,considered_not_required,,,,,,,1150.0,19.0,28.0,1148.0,12.0,73.6,65.5,67705.0,55014.0,43450.0,43450.0,25522.0,18747.0,22.2,http://commons.wikimedia.org/wiki/Special:FilePath/Mount%20St%20Mary%27s%20Motherhouse%2C%20Newburgh%2C%20NY.jpg,,Mount Saint Mary College
161226,002040,University of Maine at Farmington,Farmington,ME,04938-9978,44.666911,-70.147121,https://www.umf.maine.edu/,https://www.umf.maine.edu/admissions-aid/umf-net-price-calculator/,public,rural,22,False,False,False,,96.7,considered_not_required,995.0,1245.0,485.0,605.0,510.0,640.0,1130.0,,,1140.0,13.0,72.8,51.5,44433.0,25822.0,11308.0,23878.0,16857.0,13301.0,30.2,http://commons.wikimedia.org/wiki/Special:FilePath/UMFsign.jpg,http://commons.wikimedia.org/wiki/Special:FilePath/Umf%20maine%20farmington.png,University of Maine at Farmington
234915,013022,City University of Seattle,Seattle,WA,98121,47.617381,-122.344594,https://www.cityu.edu/,https://npc.collegeboard.org/app/cityu?iframe=false,private_nonprofit,city,17,False,False,False,,,,,,,,,,,,,1137.0,5.0,,,69460.0,,,,,,10.7,,,City University of Seattle
157535,001980,University of Pikeville,Pikeville,KY,41501,37.479232,-82.521063,https://www.upike.edu/,https://www.upike.edu/undergraduate/financial-aid/net-price-calculator/,private_nonprofit,town,17,False,False,False,66.0,,,,,,,,,,,,1135.0,14.0,68.7,41.7,48231.0,33420.0,24850.0,24850.0,20311.0,13115.0,38.0,http://commons.wikimedia.org/wiki/Special:FilePath/University%20of%20Pikeville%20pedestrian%20entrance.jpg,http://commons.wikimedia.org/wiki/Special:FilePath/Upike%20univ%20logo.png,University of Pikeville
161873,002102,University of Baltimore,Baltimore,MD,21201-5720,39.305834,-76.616591,https://www.ubalt.edu/,https://www.ubalt.edu/admission-and-aid/financial-aid/policies/net-price.cfm,public,city,18,False,False,False,,78.7,considered_not_required,740.0,1330.0,370.0,650.0,370.0,680.0,940.0,,,1133.0,10.0,60.0,38.2,61335.0,26406.0,9992.0,23984.0,13868.0,11680.0,44.9,http://commons.wikimedia.org/wiki/Special:FilePath/EAPoeStatue.jpg,http://commons.wikimedia.org/wiki/Special:FilePath/UBalt%20logo.png,University of Baltimore
204200,003033,Mount St. Joseph University,Cincinnati,OH,45233-1670,39.095893,-84.639453,https://www.msj.edu/,https://www.msj.edu/tuition-aid/financial-aid-grants-loans-scholarships/net-price-calculator/index.html,private_nonprofit,suburb,17,False,False,False,30.0,59.1,considered_not_required,930.0,1140.0,470.0,580.0,460.0,560.0,1183.0,20.0,28.0,1129.0,12.0,68.7,56.3,51509.0,46719.0,38150.0,38150.0,16530.0,11689.0,30.3,http://commons.wikimedia.org/wiki/Special:FilePath/Mount%20Saint%20Joseph.jpg,,Mount St. Joseph University
146427,001704,Knox College,Galesburg,IL,61401,40.943064,-90.373165,https://www.knox.edu/,https://www.knox.edu/admission/cost-and-financial-aid/scholarship-and-cost-estimator,private_nonprofit,town,21,False,False,False,,70.8,considered_not_required,1180.0,1440.0,600.0,680.0,580.0,760.0,1326.0,21.0,32.0,1127.0,11.0,83.1,67.7,54820.0,68134.0,57903.0,57903.0,24595.0,17134.0,30.9,http://commons.wikimedia.org/wiki/Special:FilePath/Knox%20College%20Seymour%20Library%202007.jpg,http://commons.wikimedia.org/wiki/Special:FilePath/Knox%20college%20textlogo.png,Knox College
166452,002160,Lesley University,Cambridge,MA,02138-2790,42.38012,-71.117303,https://www.lesley.edu/,https://lesley.aidcalc.cloud/,private_nonprofit,city,17,False,False,False,,96.9,not_considered,,,,,,,,,,1122.0,10.0,72.3,58.0,51173.0,51538.0,34256.0,34256.0,31152.0,24799.0,30.6,http://commons.wikimedia.org/wiki/Special:FilePath/Lesley%20College%20Admissions%20Building%20-%20IMG%201339.jpg,http://commons.wikimedia.org/wiki/Special:FilePath/Lesley%20University%20logo.svg,Lesley University
140818,001588,Piedmont University,Demorest,GA,30535-0010,34.566042,-83.542126,https://www.piedmont.edu/,https://www.piedmont.edu/admission-aid/financial-aid/net-price-calculator,private_nonprofit,town,18,False,False,False,76.0,93.3,considered_not_required,1038.0,1245.0,528.0,625.0,510.0,620.0,1129.0,18.0,25.0,1117.0,12.0,69.8,47.4,49130.0,46801.0,31700.0,31700.0,20599.0,15416.0,42.4,http://commons.wikimedia.org/wiki/Special:FilePath/Piedmont-daniel.jpg,http://commons.wikimedia.org/wiki/Special:FilePath/Piedmont%20univ%20textlogo.png,Piedmont University
117627,001215,La Sierra University,Riverside,CA,92505-8247,33.910704,-117.500054,https://lasierra.edu/,https://lasierra.edu/sfs/scholarships/,private_nonprofit,city,19,False,False,False,95.0,91.5,not_considered,,,,,,,,,,1116.0,12.0,77.3,59.7,61824.0,51459.0,37710.0,37710.0,45566.0,44988.0,47.2,http://commons.wikimedia.org/wiki/Special:FilePath/La%20Sierra%20University%20Zapara%20School%20of%20Business%202023-1.jpg,,La Sierra University
113698,001196,Dominican University of California,San Rafael,CA,94901-2298,37.981279,-122.512051,https://www.dominican.edu/,https://www.shoppingsheet.com/Shopping/Landing/dominican,private_nonprofit,city,19,False,False,False,,83.5,considered_not_required,1210.0,1300.0,620.0,660.0,590.0,640.0,1290.0,,,1114.0,8.0,85.5,78.0,84713.0,71751.0,52161.0,52161.0,35333.0,24572.0,31.9,http://commons.wikimedia.org/wiki/Special:FilePath/Dominican%20U%20Meadowlands%203606.jpg,http://commons.wikimedia.org/wiki/Special:FilePath/Dominican%20univ%20california%20logo.png,Dominican University of California
123165,001174,Scripps College,Claremont,CA,91711,34.104147,-117.711294,https://www.scrippscollege.edu/,https://npc.collegeboard.org/student/app/scrippscollege,private_nonprofit,suburb,21,False,False,True,,38.3,considered_not_required,1440.0,1540.0,720.0,770.0,720.0,770.0,1492.0,31.0,34.0,1113.0,10.0,93.8,82.5,77539.0,87564.0,65950.0,65950.0,36294.0,6948.0,11.0,http://commons.wikimedia.org/wiki/Special:FilePath/Scripps%20College%20for%20Women-9.jpg,http://commons.wikimedia.org/wiki/Special:FilePath/Scripps%20College%20logo.svg,Scripps College
164632,002122,Bay Path University,Longmeadow,MA,01106,42.055088,-72.583382,https://www.baypath.edu/,https://www.baypath.edu/undergraduate-experience/financial-aid/net-price-calculator,private_nonprofit,suburb,18,False,False,True,,85.2,considered_not_required,1010.0,1210.0,490.0,610.0,520.0,600.0,1120.0,,,1108.0,8.0,72.8,43.9,55383.0,47308.0,38302.0,38302.0,14271.0,11948.0,63.8,http://commons.wikimedia.org/wiki/Special:FilePath/Leary%20Hall%2C%20Bay%20Path%20University%2C%20Longmeadow%20MA.jpg,,Bay Path University
130624,001415,United States Coast Guard Academy,New London,CT,06320,41.375823,-72.101583,https://www.uscga.edu/,https://www.uscga.edu/cost-and-tuition/,public,city,22,False,False,False,,22.4,considered_not_required,1240.0,1400.0,620.0,700.0,620.0,700.0,1339.0,27.0,32.0,1108.0,7.0,98.6,92.7,,,,,,,,http://commons.wikimedia.org/wiki/Special:FilePath/Uscga%20front%20view.jpg,http://commons.wikimedia.org/wiki/Special:FilePath/Us%20cga%20logo.svg,United States Coast Guard Academy
238661,003848,Edgewood University,Madison,WI,53711-1997,43.057059,-89.422884,https://www.edgewood.edu/,https://edgewood.aidcalculator.com/,private_nonprofit,city,17,False,False,False,30.0,75.7,not_considered,,,,,,,,,,1107.0,15.0,73.2,60.2,59728.0,50903.0,35860.0,35860.0,26113.0,22291.0,25.8,http://commons.wikimedia.org/wiki/Special:FilePath/Oscar%20Rennebohm%20Library%20-%20panoramio.jpg,http://commons.wikimedia.org/wiki/Special:FilePath/Edgewood%20college%20wi%20logo.png,Edgewood College
154013,001880,Mount Mercy University,Cedar Rapids,IA,52402-4797,42.001931,-91.650991,https://www.mtmercy.edu/,https://www.mtmercy.edu/admissions-aid/financial-aid/net-price-calculator,private_nonprofit,city,19,False,False,False,30.0,82.5,considered_not_required,,,,,,,,,,1107.0,14.0,72.8,57.7,60787.0,55054.0,40878.0,40878.0,20168.0,17070.0,26.7,http://commons.wikimedia.org/wiki/Special:FilePath/2012-0610-MtMercyCollege02.jpg,,Mount Mercy University
449038,001459,Strayer University-Florida,Tampa,FL,33610,27.997442,-82.35991,https://www.strayer.edu/campus-locations/florida/tampa-east,https://strayer.aidcalc.cloud/netprice.htm,private_for_profit,suburb,19,False,False,False,,,,,,,,,,,,,1107.0,47.0,66.7,100.0,40092.0,25158.0,13920.0,13920.0,16064.0,,78.7,,,
190761,002713,Dominican University New York,Orangeburg,NY,10962-1210,41.047419,-73.950555,https://www.duny.edu/,https://www.duny.edu/admissions/financial-aid-2/net-price-calculator/,private_nonprofit,suburb,17,False,False,False,,63.3,not_considered,,,,,,,,,,1105.0,13.0,66.4,52.5,61171.0,47802.0,34220.0,34220.0,41832.0,40695.0,48.4,http://commons.wikimedia.org/wiki/Special:FilePath/Dominican%20College%20NY.JPG,http://commons.wikimedia.org/wiki/Special:FilePath/Dominican%20univ%20ny%20textlogo.png,Dominican University of New York
233897,003747,University of Virginia's College at Wise,Wise,VA,24293-4400,36.970602,-82.559656,https://www.uvawise.edu/,https://www.uvawise.edu/affordability/scholarships-aid/net-price-calculator,public,town,21,False,False,False,,28.5,considered_not_required,945.0,1120.0,520.0,580.0,425.0,540.0,1050.0,18.0,22.0,1101.0,14.0,71.6,47.1,45325.0,26593.0,11780.0,28010.0,9210.0,8891.0,39.8,http://commons.wikimedia.org/wiki/Special:FilePath/UVA-Wise%202020%20-%2050602040573.jpg,http://commons.wikimedia.org/wiki/Special:FilePath/Uva%20wise%20textlogo.png,University of Virginia's College at Wise
154688,001903,Baker University,Baldwin City,KS,66006-0065,38.778712,-95.187346,https://www.bakeru.edu/,https://www.bakeru.edu/fa-calculator/npcalc.htm,private_nonprofit,rural,17,False,False,False,71.0,94.2,considered_not_required,,,,,,,,,,1100.0,13.0,65.8,57.8,63855.0,50918.0,35300.0,35300.0,25301.0,21057.0,25.7,,http://commons.wikimedia.org/wiki/Special:FilePath/Baker%20University%20wordmark.png,Baker University
107080,001099,Hendrix College,Conway,AR,72032-3080,35.101565,-92.443256,https://www.hendrix.edu/,https://app.meadowfi.com/hendrix,private_nonprofit,city,21,False,False,False,71.0,55.6,considered_not_required,1123.0,1348.0,560.0,668.0,563.0,680.0,1282.0,23.0,31.0,1100.0,11.0,79.6,72.4,60376.0,55013.0,38200.0,38200.0,24149.0,15951.0,23.2,http://commons.wikimedia.org/wiki/Special:FilePath/President%27s%20House%2C%20Hendrix%20College.JPG,http://commons.wikimedia.org/wiki/Special:FilePath/Hendrix%20college%20arkansas%20logo.svg,Hendrix College
156745,001964,Georgetown College,Georgetown,KY,40324-1696,38.207615,-84.553767,https://www.georgetowncollege.edu/,https://admissions.georgetowncollege.edu/register/npc,private_nonprofit,town,21,False,False,False,42.0,91.1,considered_not_required,960.0,1160.0,500.0,590.0,460.0,570.0,1138.0,20.0,25.0,1097.0,13.0,69.1,48.9,52074.0,56886.0,42840.0,42840.0,14095.0,9777.0,35.3,http://commons.wikimedia.org/wiki/Special:FilePath/Georgetown%20College%20Conference%20Center.JPG,http://commons.wikimedia.org/wiki/Special:FilePath/Georgetown%20college%20ky%20logo.png,Georgetown College
212656,003267,Geneva College,Beaver Falls,PA,15010-3599,40.772518,-80.321826,https://www.geneva.edu/,https://www.geneva.edu/financial-aid/calculators,private_nonprofit,suburb,20,False,False,False,81.0,,,,,,,,,,,,1096.0,15.0,78.5,61.0,50004.0,45407.0,33450.0,33450.0,25890.0,20283.0,31.2,http://commons.wikimedia.org/wiki/Special:FilePath/Beaver%20Falls%2C%20Pennsylvania%20%288480753766%29.jpg,http://commons.wikimedia.org/wiki/Special:FilePath/Geneva%20college%20textlogo.png,Geneva College
237385,003813,Glenville State University,Glenville,WV,26351-1292,38.93547,-80.834295,https://www.glenville.edu/,https://glenville.clearcostcalculator.com/student/default/netpricecalculator/survey,public,rural,22,False,False,False,,,,,,,,,,,,,1096.0,13.0,55.4,33.9,39315.0,23591.0,9578.0,11354.0,14006.0,10884.0,39.1,,,Glenville State University
214166,003302,Mount Aloysius College,Cresson,PA,16630-1999,40.459679,-78.600898,https://www.mtaloy.edu/,https://tcc.ruffalonl.com/Mount Aloysius College/Freshman-Students,private_nonprofit,town,22,False,False,False,30.0,82.0,considered_not_required,918.0,1168.0,473.0,598.0,445.0,570.0,1070.0,,,1094.0,11.0,56.1,56.9,46165.0,40435.0,27072.0,27072.0,22344.0,21530.0,15.4,http://commons.wikimedia.org/wiki/Special:FilePath/Mount%20Aloysius%20College%20Aerial.jpg,http://commons.wikimedia.org/wiki/Special:FilePath/Mount%20aloysius%20college%20logo.png,Mount Aloysius College
180106,002526,Carroll College,Helena,MT,59625-0002,46.600771,-112.040285,https://www.carroll.edu/,https://www.carroll.edu/admission-aid/tuition-costs/net-price-calculator,private_nonprofit,city,22,False,False,False,30.0,70.9,considered_not_required,1050.0,1300.0,540.0,660.0,510.0,640.0,1200.0,21.0,27.0,1092.0,12.0,82.0,69.3,61772.0,55626.0,41484.0,41484.0,23960.0,17072.0,20.2,http://commons.wikimedia.org/wiki/Special:FilePath/Carroll%20College%20Helena%2C%20Montana.jpg,http://commons.wikimedia.org/wiki/Special:FilePath/Carroll%20college%20montana%20textlogo.png,Carroll College
181534,002559,Peru State College,Peru,NE,68421-0010,40.474689,-95.732731,https://www.peru.edu/,https://www.peru.edu/net-price/,public,rural,19,False,False,False,,,,,,,,,,,,,1092.0,17.0,64.5,37.6,47071.0,22240.0,8640.0,8640.0,11632.0,9986.0,36.9,http://commons.wikimedia.org/wiki/Special:FilePath/Peru%20State%20College%2C%20central.JPG,http://commons.wikimedia.org/wiki/Special:FilePath/Peru%20State%20College%20wordmark.svg,Peru State College
231059,003694,Saint Michael's College,Colchester,VT,05439,44.494558,-73.167069,https://www.smcvt.edu/,https://www.smcvt.edu/admission-aid/financial-aid/net-price-calculator/,private_nonprofit,suburb,21,False,False,False,30.0,84.5,considered_not_required,1120.0,1280.0,570.0,660.0,550.0,620.0,1245.0,26.0,31.0,1092.0,10.0,79.9,72.8,61317.0,69079.0,51450.0,51450.0,25239.0,12825.0,23.7,http://commons.wikimedia.org/wiki/Special:FilePath/Aerial%20shot%20of%20Saint%20Michael%27s%20College.jpg,http://commons.wikimedia.org/wiki/Special:FilePath/St%20michaels%20college%20logo.png,Saint Michael's College
200059,002989,Dickinson State University,Dickinson,ND,58601-4896,46.882917,-102.799679,https://www.dickinsonstate.edu/,https://www.dickinsonstate.edu/Assets/uploads/files/financial-aid/netpricecalculator/npcalc.htm,public,town,22,False,False,False,,37.0,not_considered,,,,,,,,,,1090.0,16.0,67.4,50.6,50720.0,20567.0,9118.0,9118.0,14092.0,10479.0,21.5,,http://commons.wikimedia.org/wiki/Special:FilePath/Logo-Vertical-FULL-COLOR.png,Dickinson State University
232672,003723,Mary Baldwin University,Staunton,VA,24401,38.153884,-79.069273,https://www.marybaldwin.edu/,https://marybaldwin.edu/financial-aid/net-price-calculator/,private_nonprofit,city,17,False,False,False,66.0,,,,,,,,,,,,1090.0,15.0,66.8,39.3,44427.0,45935.0,34152.0,34152.0,12756.0,12717.0,55.3,http://commons.wikimedia.org/wiki/Special:FilePath/Mary%20Baldwin%20College%20Staunton%20VA%20Main.JPG,http://commons.wikimedia.org/wiki/Special:FilePath/Mary%20baldwin%20univ%20logo.png,Mary Baldwin University
165574,002144,Dean College,Franklin,MA,02038-1941,42.085634,-71.397813,https://www.dean.edu/,https://www.dean.edu/net-price-calculator.aspx,private_nonprofit,suburb,22,False,False,False,,73.7,not_considered,,,,,,,,,,1089.0,15.0,68.3,53.6,38109.0,64889.0,46526.0,46526.0,30684.0,26996.0,33.7,http://commons.wikimedia.org/wiki/Special:FilePath/Ray%20Mansion%2C%20Dean%20College%20Admissions%20Building%2C%20Franklin%20MA.jpg,http://commons.wikimedia.org/wiki/Special:FilePath/Dean%20college%20logo.jpg,Dean College
133526,001478,Edward Waters University,Jacksonville,FL,32209,30.34479,-81.684879,https://www.ew.edu/,https://www.ew.edu/financial-aid/,private_nonprofit,city,22,True,False,False,51.0,85.0,not_considered,,,,,,,,,,1087.0,14.0,53.8,28.2,34782.0,26617.0,16366.0,16366.0,13649.0,12380.0,75.4,http://commons.wikimedia.org/wiki/Special:FilePath/Jax%20FL%20Waters%20College%20Admin%20Bldg02.jpg,,Edward Waters University
191533,002729,Hartwick College,Oneonta,NY,13820-4020,42.457599,-75.071994,https://www.hartwick.edu/,https://www.hartwick.edu/admissions/net-price-calculator/,private_nonprofit,town,21,False,False,False,,69.6,considered_not_required,1070.0,1290.0,540.0,670.0,530.0,620.0,1200.0,,,1087.0,10.0,74.4,53.3,61107.0,68614.0,54962.0,54962.0,31320.0,22584.0,35.6,http://commons.wikimedia.org/wiki/Special:FilePath/Dewar-2.jpg,,Hartwick College
153162,001856,Cornell College,Mount Vernon,IA,52314,41.924554,-91.423741,https://www.cornellcollege.edu/,https://www.cornellcollege.edu/financial-assistance/net-price-calculator/index.shtml,private_nonprofit,town,21,False,False,False,71.0,79.9,considered_not_required,1120.0,1285.0,575.0,655.0,545.0,630.0,1234.0,23.0,30.0,1086.0,14.0,79.5,61.8,53460.0,66249.0,52660.0,52660.0,23634.0,16409.0,32.1,http://commons.wikimedia.org/wiki/Special:FilePath/Cornell-College-Mount-Vernon-Historic-District-2.jpg,http://commons.wikimedia.org/wiki/Special:FilePath/Cornell%20college%20textlogo.png,Cornell College
168786,002239,Aquinas College,Grand Rapids,MI,49506-1801,42.96019,-85.628785,https://www.aquinas.edu/,https://app.meadowfi.com/aquinas,private_nonprofit,city,21,False,False,False,30.0,89.9,considered_not_required,910.0,1140.0,470.0,590.0,440.0,550.0,1025.0,20.0,26.0,1083.0,10.0,78.3,65.4,49584.0,51652.0,40218.0,40218.0,16626.0,10725.0,23.9,http://commons.wikimedia.org/wiki/Special:FilePath/Aquinas%20College%20%281%29.jpg,,Aquinas College
153825,001873,Loras College,Dubuque,IA,52004-0178,42.503908,-90.679023,https://www.loras.edu/,https://www.loras.edu/financial-aid/netpricecalculator,private_nonprofit,city,22,False,False,False,30.0,99.9,not_considered,,,,,,,,,,1083.0,12.0,82.3,67.6,58289.0,50537.0,39824.0,39824.0,20716.0,20479.0,23.4,http://commons.wikimedia.org/wiki/Special:FilePath/LorasCollegeKeaneHall.jpg,http://commons.wikimedia.org/wiki/Special:FilePath/Loras%20College%20wordmark.svg,Loras College
150941,001803,Huntington University,Huntington,IN,46750,40.898152,-85.497317,https://www.huntington.edu/,https://www.huntington.edu/financial-aid,private_nonprofit,town,20,False,False,False,84.0,75.6,considered_not_required,930.0,1150.0,470.0,580.0,460.0,570.0,1052.0,18.0,26.0,1082.0,11.0,83.8,63.6,46672.0,42157.0,31870.0,31870.0,19310.0,10796.0,27.4,,,Huntington University
232025,003709,Emory & Henry University,Emory,VA,24327-0947,36.772857,-81.829142,https://www.emoryhenry.edu/,https://www.emoryhenry.edu/net-price-calculator/,private_nonprofit,rural,19,False,False,False,71.0,83.7,considered_not_required,1051.0,1223.0,548.0,640.0,503.0,583.0,1135.0,20.0,26.0,1078.0,12.0,66.3,56.3,47385.0,52854.0,39000.0,39000.0,19061.0,14246.0,38.5,http://commons.wikimedia.org/wiki/Special:FilePath/The%20Emory%20%26%20Henry%20College%20Alumni%20Plaza.jpg,http://commons.wikimedia.org/wiki/Special:FilePath/Emory%20and%20henry%20univ%20logo.png,Emory & Henry University
174817,002380,Saint Mary's University of Minnesota,Winona,MN,55987-1399,44.044736,-91.695449,https://www.smumn.edu/,https://www.smumn.edu/admission/undergraduate/financial-aid-saint-marys-university-of-minnesota/net-price-calculator/,private_nonprofit,town,17,False,False,False,30.0,92.8,not_considered,,,,,,,,,,1073.0,18.0,74.6,66.0,58170.0,57380.0,45080.0,45080.0,11704.0,16182.0,24.5,http://commons.wikimedia.org/wiki/Special:FilePath/St.%20Mary%27s%20University%20of%20Winona.jpg,http://commons.wikimedia.org/wiki/Special:FilePath/St%20mary%20univ%20minnesota%20logo.png,Saint Mary's University of Minnesota
242680,022828,Inter American University of Puerto Rico-Fajardo,Fajardo,PR,00738-7003,18.329222,-65.648052,https://fajardo.inter.edu/,https://www.inter.edu/NetPrice/Fajardo/index.html,private_nonprofit,suburb,22,False,False,False,,26.5,not_considered,,,,,,,,,,1072.0,22.0,76.3,37.7,23132.0,16190.0,5780.0,5780.0,9230.0,9062.0,82.7,,,
153108,001850,Central College,Pella,IA,50219,41.401539,-92.922199,https://www.central.edu/,https://www.central.edu/financial-aid/net-price-calculator/,private_nonprofit,town,21,False,False,False,49.0,86.2,considered_not_required,1056.0,1120.0,528.0,560.0,528.0,560.0,1147.0,20.0,26.0,1070.0,11.0,79.9,66.2,54317.0,37773.0,20988.0,20988.0,23377.0,16231.0,22.3,http://commons.wikimedia.org/wiki/Special:FilePath/Jordan%20Hall%20at%20Central%20College.jpg,http://commons.wikimedia.org/wiki/Special:FilePath/Central%20Logo%20%28registered%20TM%29.png,Central College
212832,003270,Gwynedd Mercy University,Gwynedd Valley,PA,19437-0901,40.19774,-75.237224,https://www.gmercyu.edu/,https://www.gmercyu.edu/admissions-aid/financial-aid-tuition/net-price-calculator,private_nonprofit,suburb,17,False,False,False,30.0,89.6,considered_not_required,1023.0,1186.0,530.0,598.0,493.0,588.0,1090.0,,,1067.0,12.0,77.5,56.9,67145.0,55786.0,40122.0,40122.0,27483.0,21995.0,24.9,,,Gwynedd Mercy University
227331,003598,Our Lady of the Lake University,San Antonio,TX,78207-4689,29.426194,-98.54365,https://www.ollusa.edu/,https://www.ollusa.edu/netpricecalculator,private_nonprofit,city,17,False,False,False,30.0,,,,,,,,,,,,1066.0,11.0,62.8,46.1,48675.0,42865.0,32106.0,32106.0,16442.0,16236.0,57.2,http://commons.wikimedia.org/wiki/Special:FilePath/OLLU1.JPG,,Our Lady of the Lake University
140872,001589,Reinhardt University,Waleska,GA,30183-2981,34.319756,-84.554264,https://www.reinhardt.edu/,https://www.reinhardt.edu/admissions-aid/tuition-and-fees/net-price-calculator/,private_nonprofit,rural,22,False,False,False,71.0,61.5,considered_not_required,,,,,,,,,,1066.0,11.0,62.2,43.6,46541.0,46386.0,30074.0,30074.0,24425.0,21877.0,39.8,http://commons.wikimedia.org/wiki/Special:FilePath/Paul%20Jones%20Hall.jpg,http://commons.wikimedia.org/wiki/Special:FilePath/Reinhardt%20univ%20horizlogo.png,Reinhardt University
158802,002004,Dillard University,New Orleans,LA,70122,29.996587,-90.06464,https://www.dillard.edu/,https://dillard.edu/netpricecalc/,private_nonprofit,city,21,True,False,False,71.0,41.9,considered_not_required,968.0,1202.0,480.0,640.0,488.0,562.0,1050.0,18.0,22.0,1063.0,14.0,78.0,43.3,39196.0,39202.0,23918.0,23918.0,22094.0,19819.0,69.7,http://commons.wikimedia.org/wiki/Special:FilePath/DillardFrontJan06.jpg,,Dillard University
150066,001785,Anderson University,Anderson,IN,46012-3495,40.112768,-85.664315,https://anderson.edu/,https://anderson.edu/admissions/financial-aid/net-calculator/,private_nonprofit,city,20,False,False,False,57.0,79.3,considered_not_required,900.0,1150.0,450.0,580.0,450.0,570.0,1035.0,17.0,24.0,1057.0,10.0,59.9,53.8,48899.0,51585.0,37240.0,37240.0,25021.0,23119.0,36.3,http://commons.wikimedia.org/wiki/Special:FilePath/Anderson%20University%20Campus.jpg,http://commons.wikimedia.org/wiki/Special:FilePath/Anderson%20univ%20indiana%20logo.png,Anderson University
160630,002026,Southern University at New Orleans,New Orleans,LA,70126,30.026162,-90.044912,https://www.suno.edu/,https://www.suno.edu/page/net-price-calculator,public,city,19,True,False,False,,78.9,considered_not_required,820.0,1050.0,410.0,540.0,410.0,510.0,944.0,15.0,20.0,1055.0,13.0,52.0,13.1,34042.0,23905.0,8054.0,16954.0,14810.0,14771.0,41.7,http://commons.wikimedia.org/wiki/Special:FilePath/FEMA%20-%2021725%20-%20Photograph%20by%20Marvin%20Nauman%20taken%20on%2001-23-2006%20in%20Louisiana.jpg,http://commons.wikimedia.org/wiki/Special:FilePath/Southern%20University%20at%20New%20Orleans%20Logo.jpg,Southern University at New Orleans
228042,003610,Schreiner University,Kerrville,TX,78028-5697,30.031458,-99.130586,https://schreiner.edu/,https://schreiner.edu/admissions/financial-services/costs-calculators/net-price-calculator/,private_nonprofit,town,20,False,False,False,66.0,88.2,not_considered,,,,,,,,,,1053.0,13.0,66.8,43.2,52228.0,48004.0,39266.0,39266.0,21507.0,17863.0,43.8,http://commons.wikimedia.org/wiki/Special:FilePath/Kerr%20IMG%200927.JPG,http://commons.wikimedia.org/wiki/Special:FilePath/Schreiner%20univ%20textlogo.png,Schreiner University
155089,001918,Friends University,Wichita,KS,67213,37.678459,-97.367048,https://www.friends.edu/,https://app.meadowfi.com/friends,private_nonprofit,city,18,False,False,False,,55.2,considered_not_required,960.0,1090.0,500.0,530.0,460.0,560.0,1080.0,15.0,28.0,1048.0,12.0,65.5,43.4,52113.0,50482.0,34192.0,34192.0,27715.0,21714.0,30.2,http://commons.wikimedia.org/wiki/Special:FilePath/University%20Hall%2C%20Friends%20University.jpg,http://commons.wikimedia.org/wiki/Special:FilePath/Friends%20univ%20textlogo.png,Friends University
198899,002944,Mars Hill University,Mars Hill,NC,28754,35.82752,-82.551827,https://www.mhu.edu/,https://www.mhu.edu/future-students/traditional-undergraduate/financial-aid/tuition-fees-financial-aid-traditional/,private_nonprofit,rural,22,False,False,False,,67.9,not_considered,,,,,,,,,,1044.0,11.0,69.3,44.9,44781.0,50099.0,37736.0,37736.0,19910.0,17021.0,46.2,http://commons.wikimedia.org/wiki/Special:FilePath/McConnell%20Hall%2C%20Mars%20Hill%20University%2C%20Mars%20Hill%2C%20NC%20%2832806509998%29.jpg,http://commons.wikimedia.org/wiki/Special:FilePath/Mars%20hill%20univ%20wordmark.png,Mars Hill University
440828,003210,Oregon State University-Cascades Campus,Bend,OR,97702,44.042795,-121.333703,https://osucascades.edu/,https://financialaid.oregonstate.edu/net-price-calculator,public,city,-2,False,False,False,,63.1,considered_not_required,1143.0,1318.0,605.0,670.0,538.0,648.0,1255.0,,,1044.0,9.0,75.0,55.6,64010.0,29798.0,13566.0,37356.0,18048.0,11497.0,27.4,,,Oregon State University Cascades
430184,001459,Strayer University-Maryland,Baltimore,MD,21230,38.827438,-76.918039,https://www.strayer.edu/campus-locations/maryland/prince-georges,https://strayer.aidcalc.cloud/netprice.htm,private_for_profit,suburb,29,False,False,False,,,,,,,,,,,,,1043.0,47.0,100.0,37.5,40092.0,,13920.0,13920.0,,,62.7,,,
237215,003809,Bluefield State University,Bluefield,WV,24701-2198,37.265732,-81.239037,https://bluefieldstate.edu/,https://bluefieldstate.clearcostcalculator.com/student/default/netpricecalculator/survey,public,town,22,True,False,False,,97.2,considered_not_required,870.0,1080.0,440.0,540.0,430.0,540.0,989.0,17.0,22.0,1042.0,13.0,54.8,37.0,38217.0,21839.0,10648.0,18376.0,13684.0,11810.0,44.4,,http://commons.wikimedia.org/wiki/Special:FilePath/BStateLogo.png,Bluefield State University
142294,001617,The College of Idaho,Caldwell,ID,83605-4432,43.652284,-116.677992,https://www.collegeofidaho.edu/,https://www.collegeofidaho.edu/admission-aid/cost/net-price-calculator,private_nonprofit,suburb,22,False,False,False,,49.1,considered_not_required,1070.0,1280.0,540.0,650.0,530.0,630.0,1180.0,23.0,31.0,1041.0,10.0,81.8,62.5,48473.0,50542.0,37845.0,37845.0,19481.0,14026.0,25.2,http://commons.wikimedia.org/wiki/Special:FilePath/Centennial%20Amphitheater%2C%20College%20of%20Idaho.jpg,http://commons.wikimedia.org/wiki/Special:FilePath/Idaho%20college%20logo.png,College of Idaho
200156,002990,University of Jamestown,Jamestown,ND,58405,46.914302,-98.698416,https://www.uj.edu/,https://app.meadowfi.com/uj,private_nonprofit,town,20,False,False,False,66.0,88.1,not_considered,,,,,,,,,,1041.0,13.0,67.3,49.0,56621.0,38013.0,24990.0,24990.0,19567.0,14788.0,25.5,http://commons.wikimedia.org/wiki/Special:FilePath/UnruhSheldon.jpg,,University of Jamestown
216807,003392,Westminster College,New Wilmington,PA,16172,41.119272,-80.331017,https://www.westminster.edu/,https://www.westminster.edu/admissions/financial-aid/101.cfm,private_nonprofit,rural,21,False,False,False,66.0,92.6,not_considered,,,,,,,,,,1041.0,12.0,81.0,64.5,53861.0,53003.0,40290.0,40290.0,19859.0,15226.0,26.8,http://commons.wikimedia.org/wiki/Special:FilePath/S.R.%20Thompson%20House.jpg,,Westminster College
176947,002453,Central Methodist University-College of Liberal Arts and Sciences,Fayette,MO,65248-1198,39.150497,-92.685253,https://www.centralmethodist.edu/,https://www.centralmethodist.edu/admissions/financial-aid/calculator/npcalc.htm,private_nonprofit,rural,22,False,False,False,71.0,56.9,considered_not_required,960.0,1045.0,440.0,490.0,520.0,555.0,1048.0,17.0,23.0,1040.0,12.0,61.8,51.2,48991.0,43635.0,28260.0,28260.0,22766.0,20260.0,40.3,http://commons.wikimedia.org/wiki/Special:FilePath/T.%20Berry%20Smith%20Hall%20-%20Central%20Methodist%20University%20-%20panoramio.jpg,,Central Methodist University
220181,003490,Fisk University,Nashville,TN,37208-4501,36.167087,-86.804805,https://www.fisk.edu/,https://nces.ed.gov/ipeds/netpricecalculator/#/step-3-1,private_nonprofit,city,21,True,False,False,,37.4,considered_not_required,1140.0,1510.0,570.0,720.0,570.0,790.0,1200.0,19.0,24.0,1035.0,12.0,73.8,29.9,45454.0,39450.0,25858.0,25858.0,32020.0,27647.0,51.8,http://commons.wikimedia.org/wiki/Special:FilePath/WTN%20EVula%20184.jpg,,Fisk University
150756,001801,Hanover College,Hanover,IN,47243,38.715642,-85.460051,https://www.hanover.edu/,https://bigfuture.collegeboard.org/pay-for-college/get-started/net-price-calculator,private_nonprofit,town,21,False,False,False,66.0,83.7,considered_not_required,1110.0,1280.0,560.0,650.0,550.0,630.0,1201.0,23.0,29.0,1031.0,11.0,81.8,67.1,53957.0,58821.0,44638.0,44638.0,21829.0,16832.0,25.8,http://commons.wikimedia.org/wiki/Special:FilePath/Hendricks%20Hall.jpg,http://commons.wikimedia.org/wiki/Special:FilePath/Hanover%20college%20indiana%20logo.svg,Hanover College
139199,001556,Brenau University,Gainesville,GA,30501-3668,34.303117,-83.821513,https://www.brenau.edu/,https://tcc.ruffalonl.com/brenau university/freshman-students,private_nonprofit,city,17,False,False,True,,87.8,considered_not_required,930.0,1200.0,500.0,620.0,430.0,580.0,1079.0,18.0,22.0,1029.0,11.0,65.0,32.9,54003.0,46010.0,34027.0,34027.0,18924.0,19481.0,45.9,http://commons.wikimedia.org/wiki/Special:FilePath/BRENAU%20COLLEGE%20DISTRICT%2C%20GAINESVILLE%2C%20HALL%20COUNTY%2C%20GA.jpg,,Brenau University
140988,001591,Shorter University,Rome,GA,30165,34.257543,-85.196529,https://www.shorter.edu/,https://www.shoppingsheet.com/Shopping/Landing/shorter,private_nonprofit,city,20,False,False,False,54.0,96.5,considered_not_required,1040.0,1200.0,530.0,620.0,510.0,580.0,1115.0,18.0,25.0,1028.0,14.0,60.5,37.7,44604.0,35726.0,24630.0,24630.0,16646.0,15929.0,37.5,http://commons.wikimedia.org/wiki/Special:FilePath/Shorter%20University%20School%20of%20Education%20-%20panoramio.jpg,,Shorter University
142461,001624,Northwest Nazarene University,Nampa,ID,83686-5897,43.562411,-116.565783,https://www.nnu.edu/,https://tcc.ruffalonl.com/northwest nazarene university/freshman students,private_nonprofit,suburb,18,False,False,False,59.0,64.7,considered_not_required,1005.0,1240.0,515.0,630.0,490.0,610.0,1130.0,22.0,27.0,1024.0,14.0,77.4,70.8,51719.0,55163.0,40794.0,40794.0,29580.0,28732.0,29.8,,http://commons.wikimedia.org/wiki/Special:FilePath/Northwest%20nazarene%20univ%20logo.png,Northwest Nazarene University
182980,002579,New England College,Henniker,NH,03242,43.176403,-71.822282,https://www.nec.edu/,https://nec.studentaidcalculator.com/survey.aspx,private_nonprofit,rural,18,False,False,False,,92.1,not_considered,,,,,,,,,,1022.0,8.0,61.3,34.5,42092.0,59350.0,41938.0,41938.0,26972.0,25598.0,36.0,http://commons.wikimedia.org/wiki/Special:FilePath/John%20Lyons%20Academic%20Center%20on%20the%20New%20England%20College%20campus.jpg,http://commons.wikimedia.org/wiki/Special:FilePath/Newengland%20colelge%20full%20logo.png,New England College
164447,002114,American International College,Springfield,MA,01109,42.112346,-72.558338,https://www.aic.edu/,https://www.aic.edu/admissions/tuition-and-financial-aid/net-price-calculator/,private_nonprofit,city,17,False,False,False,,99.6,not_considered,,,,,,,,,,1017.0,16.0,56.7,45.9,53124.0,59270.0,44230.0,44230.0,23274.0,24437.0,44.8,http://commons.wikimedia.org/wiki/Special:FilePath/American%20International%20College%2C%20Springfield%2C%20Mass%20%2878032%29.jpg,,American International College
239080,003861,Marian University,Fond Du Lac,WI,54935-4699,43.777411,-88.420638,https://www.marianuniversity.edu/,https://www.marianuniversity.edu/admission-financial-aid/financial-aid/net-price-calculator/,private_nonprofit,city,19,False,False,False,30.0,75.0,considered_not_required,,,,,,,,,,1010.0,11.0,67.5,44.2,53501.0,44450.0,35178.0,35178.0,21937.0,17449.0,32.6,http://commons.wikimedia.org/wiki/Special:FilePath/MarianCollegeFDLAdmin.jpg,http://commons.wikimedia.org/wiki/Special:FilePath/Marian%20univ%20wisconsin%20logo.png,Marian University
148131,001745,Quincy University,Quincy,IL,62301-2699,39.938898,-91.385975,https://www.quincy.edu/,https://www.quincy.edu/admissions/net-price-calculator/,private_nonprofit,town,22,False,False,False,30.0,50.9,considered_not_required,1000.0,1200.0,490.0,600.0,510.0,600.0,1098.0,20.0,25.0,1010.0,12.0,70.0,45.0,50369.0,50091.0,37140.0,37140.0,20359.0,16502.0,29.7,http://commons.wikimedia.org/wiki/Special:FilePath/QuincyUniversityFrancisHall.jpg,http://commons.wikimedia.org/wiki/Special:FilePath/Quince%20univ%20logo%20text.png,Quincy University
172334,002318,Spring Arbor University,Spring Arbor,MI,49283-9799,42.206568,-84.556074,https://springarbor.edu/,https://springarbor.edu/admissions-and-aid/financial-aid/net-price-calculator.php,private_nonprofit,rural,18,False,False,False,64.0,51.5,considered_not_required,1010.0,1240.0,540.0,630.0,470.0,610.0,1170.0,,,1010.0,12.0,77.1,63.5,51732.0,44703.0,34014.0,34014.0,19353.0,14530.0,28.7,,,Spring Arbor University
216694,003391,Waynesburg University,Waynesburg,PA,15370-1257,39.899871,-80.186205,https://www.waynesburg.edu/,https://www.waynesburg.edu/admissions/financial-aid/net-price-calculator,private_nonprofit,town,19,False,False,False,66.0,89.8,considered_not_required,930.0,1250.0,470.0,630.0,460.0,620.0,1090.0,19.0,23.0,1009.0,12.0,71.6,65.5,58537.0,44397.0,30480.0,30480.0,18235.0,12916.0,38.2,http://commons.wikimedia.org/wiki/Special:FilePath/Hanna%20and%20Miller%20Halls%2C%20Waynesburg%20University.jpg,http://commons.wikimedia.org/wiki/Special:FilePath/Waynesburg%20univ%20textlogo.png,Waynesburg University
150145,001787,Bethel University,Mishawaka,IN,46545-5591,41.678399,-86.194686,https://betheluniversity.edu/,https://betheluniversity.edu/admissions-aid/scholarships-and-aid/net-price-calculator/,private_nonprofit,city,20,False,False,False,87.0,97.7,considered_not_required,900.0,1150.0,460.0,580.0,440.0,570.0,1014.0,16.0,24.0,1008.0,12.0,72.4,53.2,48860.0,43885.0,34600.0,34600.0,18610.0,17580.0,33.5,,,Bethel University
206507,003142,Wilmington College,Wilmington,OH,45177,39.444744,-83.818342,https://www.wilmington.edu/,https://www.wilmington.edu/financial-aid/calculate-tuition-costs/,private_nonprofit,town,22,False,False,False,65.0,92.4,considered_not_required,850.0,1220.0,450.0,610.0,400.0,610.0,1029.0,16.0,23.0,1006.0,12.0,72.0,47.3,48491.0,43431.0,32082.0,32082.0,24153.0,19820.0,38.9,http://commons.wikimedia.org/wiki/Special:FilePath/College%20Hall%20Summer.jpg,http://commons.wikimedia.org/wiki/Special:FilePath/Wilmington%20college%20of%20ohio%20logo.svg,Wilmington College
225575,003577,Huston-Tillotson University,Austin,TX,78702-2795,30.264667,-97.721691,https://www.htu.edu/,https://htu.edu/npcalc.htm,private_nonprofit,city,22,True,False,False,78.0,39.1,considered_not_required,800.0,1160.0,430.0,590.0,370.0,570.0,1014.0,16.0,28.0,1005.0,14.0,58.2,33.9,42937.0,25384.0,26709.0,26709.0,19719.0,19219.0,61.2,http://commons.wikimedia.org/wiki/Special:FilePath/AgardLovinggood.JPG,http://commons.wikimedia.org/wiki/Special:FilePath/Huston%20tillotson%20univ%20textlogo.png,Huston–Tillotson University
220710,003505,Maryville College,Maryville,TN,37804-5907,35.751505,-83.964223,https://www.maryvillecollege.edu/,https://www.maryvillecollege.edu/admissions/finaid/net-price-calculator/,private_nonprofit,suburb,21,False,False,False,66.0,60.9,not_considered,,,,,,,,,,1005.0,12.0,71.3,50.0,49279.0,54622.0,39284.0,39284.0,19360.0,15094.0,37.7,http://commons.wikimedia.org/wiki/Special:FilePath/Bartlett-hall-mc-tn1.jpg,http://commons.wikimedia.org/wiki/Special:FilePath/Maryville%20college%20textlogo.png,Maryville College
157818,001987,Transylvania University,Lexington,KY,40508-1797,38.052983,-84.493202,https://www.transy.edu/,https://tcc.ruffalonl.com/Transylvania University/Freshmen Students,private_nonprofit,city,21,False,False,False,61.0,86.6,considered_not_required,1120.0,1380.0,580.0,690.0,540.0,690.0,1287.0,24.0,30.0,1005.0,10.0,87.1,71.5,54705.0,60993.0,46870.0,46870.0,21913.0,14551.0,26.2,http://commons.wikimedia.org/wiki/Special:FilePath/Transylvania%20Campus.JPG,http://commons.wikimedia.org/wiki/Special:FilePath/Transylvania%20University%20Logo.svg,Transylvania University
198613,002931,Guilford College,Greensboro,NC,27410-4108,36.094233,-79.887737,https://www.guilford.edu/,https://npc.collegeboard.org/student/app/guilford,private_nonprofit,city,21,False,False,False,65.0,80.0,considered_not_required,1120.0,1260.0,550.0,650.0,570.0,610.0,1105.0,18.0,24.0,1001.0,12.0,64.9,45.8,47590.0,55689.0,41362.0,41362.0,22270.0,18367.0,43.7,http://commons.wikimedia.org/wiki/Special:FilePath/Guilfordcollegewalkway.jpg,http://commons.wikimedia.org/wiki/Special:FilePath/Guilford%20college%20logo.png,Guilford College
141167,001555,Thomas University,Thomasville,GA,31792,30.815576,-83.963587,https://www.thomasu.edu/,https://www.thomasu.edu/,private_nonprofit,town,19,False,False,False,,38.3,considered_not_required,990.0,1220.0,500.0,620.0,490.0,600.0,1072.0,20.0,24.0,998.0,12.0,49.2,27.5,49716.0,23079.0,11640.0,11640.0,18499.0,15640.0,55.4,,,Thomas University
213668,003293,Lycoming College,Williamsport,PA,17701-5192,41.24666,-77.0,https://www.lycoming.edu/,https://www.lycoming.edu/financial-aid/net-price-calculator.aspx,private_nonprofit,city,21,False,False,False,71.0,74.1,considered_not_required,1080.0,1300.0,540.0,650.0,540.0,650.0,1160.0,,,996.0,10.0,76.1,59.6,56210.0,64105.0,50029.0,50029.0,19140.0,12151.0,38.0,http://commons.wikimedia.org/wiki/Special:FilePath/Longhall%20outside.jpg,http://commons.wikimedia.org/wiki/Special:FilePath/Lycoming%20college%20logo.png,Lycoming College
443410,037243,DigiPen Institute of Technology,Redmond,WA,98052,47.68871,-122.150603,https://www.digipen.edu/,https://www.digipen.edu/admissions/tuition-and-cost/net-price-calculator,private_for_profit,city,22,False,False,False,,64.4,considered_not_required,1150.0,1400.0,590.0,700.0,560.0,700.0,1297.0,27.0,29.0,995.0,11.0,76.2,61.0,79878.0,55588.0,38950.0,38950.0,44446.0,28354.0,22.5,,http://commons.wikimedia.org/wiki/Special:FilePath/DigiPen%20web%20logo.png,DigiPen Institute of Technology
187967,002654,New Mexico Institute of Mining and Technology,Socorro,NM,87801,34.067041,-106.905211,https://www.nmt.edu/,https://www.nmt.edu/finaid/cost.php,public,town,20,False,False,False,,44.5,required,1080.0,1310.0,550.0,660.0,530.0,650.0,1207.0,20.0,29.0,995.0,9.0,77.0,57.0,76489.0,24967.0,9476.0,27247.0,9873.0,5136.0,29.5,,,New Mexico Institute of Mining and Technology
215266,003379,University of Pittsburgh-Bradford,Bradford,PA,16701,41.943415,-78.673701,https://www.upb.pitt.edu/,https://pitt.studentaidcalculator.com/survey.aspx,public,town,22,False,False,False,,88.5,considered_not_required,1010.0,1200.0,510.0,620.0,500.0,580.0,1125.0,20.0,28.0,995.0,12.0,65.6,47.6,66125.0,30478.0,14770.0,26644.0,15350.0,9138.0,47.1,http://commons.wikimedia.org/wiki/Special:FilePath/Duke%20Engineering%20Building.jpg,http://commons.wikimedia.org/wiki/Special:FilePath/Pittsburgh%20bradford%20univ%20simplelogo.svg,University of Pittsburgh at Bradford
182795,002575,Franklin Pierce University,Rindge,NH,03461-0060,42.78014,-72.058011,https://www.franklinpierce.edu/,https://franklinpierce.studentaidcalculator.com/survey.aspx,private_nonprofit,rural,19,False,False,False,,93.5,considered_not_required,1057.0,1282.0,545.0,632.0,512.0,650.0,1175.0,,,992.0,13.0,74.3,53.5,53353.0,64185.0,46442.0,46442.0,27154.0,19364.0,29.3,,http://commons.wikimedia.org/wiki/Special:FilePath/Franklin%20pierce%20university%20logo.png,Franklin Pierce University
128498,001374,Albertus Magnus College,New Haven,CT,06511-1189,41.332519,-72.923848,https://www.albertus.edu/,https://www.albertus.edu/admission-aid/financial-aid/net-price-calculator.php,private_nonprofit,city,19,False,False,False,30.0,59.3,not_considered,,,,,,,,,,991.0,17.0,66.9,51.5,60144.0,59407.0,41908.0,41908.0,34028.0,35343.0,50.6,http://commons.wikimedia.org/wiki/Special:FilePath/Albertus%20Magnus%20College.jpg,http://commons.wikimedia.org/wiki/Special:FilePath/Albertus%20magnus%20college%20textlogo.png,Albertus Magnus College
110370,001127,California College of the Arts,San Francisco,CA,94107-2247,37.767485,-122.399451,https://www.cca.edu/,https://www.cca.edu/admissions/tuition/#section-calculator,private_nonprofit,city,30,False,False,False,,91.1,not_considered,,,,,,,,,,990.0,8.0,86.7,61.2,49414.0,79776.0,60226.0,60226.0,53909.0,61407.0,25.1,http://commons.wikimedia.org/wiki/Special:FilePath/Montgomery%20Building%2C%20California%20College%20of%20the%20Arts.jpg,http://commons.wikimedia.org/wiki/Special:FilePath/California%20College%20of%20the%20Arts%20logo.svg,California College of the Arts
110404,001131,California Institute of Technology,Pasadena,CA,91125,34.137349,-118.125878,https://www.caltech.edu/,https://www.finaid.caltech.edu/npc,private_nonprofit,city,15,False,False,False,,2.6,not_considered,,,,,,,,,,987.0,3.0,97.4,94.4,128566.0,86886.0,65898.0,65898.0,16075.0,-2133.0,18.0,http://commons.wikimedia.org/wiki/Special:FilePath/Caltech%20Entrance.jpg,http://commons.wikimedia.org/wiki/Special:FilePath/Caltech%20Logo.svg,California Institute of Technology
155520,007032,MidAmerica Nazarene University,Olathe,KS,66062-1899,38.875244,-94.781526,https://www.mnu.edu/,https://www.mnu.edu/admissions/financial-aid/,private_nonprofit,suburb,19,False,False,False,59.0,78.8,considered_not_required,950.0,1090.0,460.0,540.0,490.0,550.0,1048.0,17.0,23.0,983.0,11.0,69.9,53.6,62972.0,57355.0,37174.0,37174.0,32165.0,28842.0,31.2,,,MidAmerica Nazarene University
197911,002908,Barton College,Wilson,NC,27893-7000,35.734376,-77.913867,https://www.barton.edu/,https://www.barton.edu/financial-aid/calculator/,private_nonprofit,town,22,False,False,False,61.0,94.2,considered_not_required,,,,,,,,,,982.0,14.0,65.5,45.9,47913.0,51935.0,37250.0,37250.0,23626.0,19641.0,37.3,,http://commons.wikimedia.org/wiki/Special:FilePath/Barton%20college%20textlogo.svg,Barton College
237950,003827,West Virginia University Institute of Technology,Beckley,WV,25801,37.775924,-81.184072,https://www.wvutech.edu/,https://financialaid.wvutech.edu/get-aid/net-price-calculator,public,city,22,False,False,False,,36.7,considered_not_required,880.0,1120.0,460.0,570.0,420.0,550.0,1033.0,19.0,23.0,981.0,13.0,61.8,33.0,55939.0,18907.0,8424.0,21072.0,9337.0,6998.0,27.4,,,West Virginia University Institute of Technology
181020,002544,Doane University,Crete,NE,68333,40.622952,-96.950932,https://www.doane.edu/,https://www.doane.edu/scorecards-calculators,private_nonprofit,town,18,False,False,False,,98.0,not_considered,,,,,,,,,,978.0,11.0,79.2,57.1,53316.0,57836.0,43985.0,43985.0,26364.0,21129.0,26.8,,,Doane University
148405,001748,Rockford University,Rockford,IL,61108-2311,42.270639,-89.019536,https://www.rockford.edu/,https://tcc.ruffalonl.com/Rockford University/Freshman-Students,private_nonprofit,city,20,False,False,False,,92.9,considered_not_required,850.0,1070.0,450.0,535.0,400.0,535.0,956.0,17.0,23.0,972.0,10.0,65.3,47.2,54794.0,49169.0,37780.0,37780.0,22436.0,20877.0,48.4,http://commons.wikimedia.org/wiki/Special:FilePath/Adams%20Hall%20from%20southeast%20%28Rockford%20College%2C%201904%29.png,http://commons.wikimedia.org/wiki/Special:FilePath/Rockford%20University%20logo.svg,Rockford University
195243,002832,St. Thomas Aquinas College,Sparkill,NY,10976-1050,41.041576,-73.936799,https://www.stac.edu/,https://stac.edu/admissions-aid/financial-aid/net-price-calculator/,private_nonprofit,suburb,20,False,False,False,,93.0,considered_not_required,880.0,1085.0,410.0,520.0,470.0,565.0,1000.0,,,972.0,16.0,73.4,54.0,62909.0,53370.0,39450.0,39450.0,19994.0,11746.0,21.6,http://commons.wikimedia.org/wiki/Special:FilePath/9.4.07StThomasAquinasCollegebyLuigiNovi.jpg,http://commons.wikimedia.org/wiki/Special:FilePath/St%20thomas%20aquinas%20college%20logotext.png,St. Thomas Aquinas College
192192,002744,Keuka College,Keuka Park,NY,14478,42.615253,-77.090562,https://www.keuka.edu/,https://www.keuka.edu/npc,private_nonprofit,town,19,False,False,False,,68.1,considered_not_required,,,,,,,,,,966.0,10.0,73.4,58.4,58289.0,54760.0,39332.0,39332.0,24338.0,19368.0,49.9,http://commons.wikimedia.org/wiki/Special:FilePath/Ball%20Hall%2C%20Keuka%20College%2C%20NY.jpeg,http://commons.wikimedia.org/wiki/Special:FilePath/Keuka%20college%20textlogo.png,Keuka College
162654,002073,Goucher College,Baltimore,MD,21204-2794,39.410175,-76.594843,https://www.goucher.edu/,https://www.goucher.edu/financial-aid/tuition-and-fees/net-price-calculator,private_nonprofit,city,21,False,False,False,,77.7,considered_not_required,1090.0,1325.0,560.0,680.0,530.0,645.0,1248.0,27.0,30.0,964.0,9.0,78.6,57.3,53023.0,70544.0,53350.0,53350.0,22470.0,13471.0,35.2,http://commons.wikimedia.org/wiki/Special:FilePath/HaeblerMemorialChapel.jpg,http://commons.wikimedia.org/wiki/Special:FilePath/GoucherCollege-Logo-2c-Stacked.png,Goucher College
161518,002051,Saint Joseph's College of Maine,Standish,ME,04084-5263,43.826314,-70.483373,https://www.sjcme.edu/,https://www.sjcme.edu/admissions/oncampus/costs-and-billing/calculators/,private_nonprofit,rural,18,False,False,False,30.0,83.5,considered_not_required,960.0,1150.0,500.0,590.0,460.0,560.0,1040.0,,,964.0,10.0,74.6,65.7,59045.0,59782.0,44420.0,44420.0,27555.0,20728.0,23.6,http://commons.wikimedia.org/wiki/Special:FilePath/St%20joseph%20college%20st%20catherine%20hall%20postcard.jpg,http://commons.wikimedia.org/wiki/Special:FilePath/St%20joseph%20maine%20textlogo.svg,Saint Joseph's College of Maine
197027,002892,United States Merchant Marine Academy,Kings Point,NY,11024-1634,40.81357,-73.763004,https://www.usmma.edu/,https://www.usmma.edu/admissions/financial-aid/cost-attendance,public,suburb,22,False,False,False,,34.2,required,1110.0,1300.0,560.0,650.0,550.0,650.0,1207.0,22.0,29.0,962.0,13.0,84.5,82.4,90610.0,9168.0,895.0,895.0,6174.0,1773.0,7.8,http://commons.wikimedia.org/wiki/Special:FilePath/US%20Merchant%20Marine%20Academy%20aerial.jpg,http://commons.wikimedia.org/wiki/Special:FilePath/USMMA%20logo.svg,United States Merchant Marine Academy
485272,036983,West Coast University-Miami,Doral,FL,33178-2431,25.81071,-80.347651,https://westcoastuniversity.edu/,https://wcu.aidcalc.cloud/,private_for_profit,city,26,False,False,False,,,,,,,,,,,,,961.0,15.0,60.0,33.3,102672.0,36468.0,23317.0,23317.0,32539.0,29073.0,62.1,,,
177551,002466,Harris-Stowe State University,Saint Louis,MO,63103-2136,38.631744,-90.224288,https://www.hssu.edu/,https://www.hssu.edu/ae/aefiles/7/NetPriceCalc/npcalc.htm,public,city,22,True,False,False,,,,,,,,,,,,,960.0,12.0,68.4,27.6,31088.0,21493.0,7008.0,11640.0,9922.0,9827.0,73.7,http://commons.wikimedia.org/wiki/Special:FilePath/Harris-Stowe%20State%20University.jpg,,Harris–Stowe State University
163259,002104,University of Maryland Baltimore,Baltimore,MD,21201-1627,39.286864,-76.623983,https://www.umaryland.edu/,https://www.umaryland.edu/oac/student-right-to-know/,public,city,27,False,False,False,,,,,,,,,,,,,958.0,5.0,,,88174.0,,,,,,14.6,http://commons.wikimedia.org/wiki/Special:FilePath/Davidge%20Hall%20MD1.jpg,http://commons.wikimedia.org/wiki/Special:FilePath/University%20of%20Maryland%2C%20Baltimore.png,"University of Maryland, Baltimore"
200572,003008,Valley City State University,Valley City,ND,58072,46.918517,-98.00389,https://www.vcsu.edu/,https://www.vcsu.edu/admissions/tuition-fees/net-price-calculator/,public,town,22,False,False,False,,99.1,considered_not_required,830.0,1070.0,420.0,530.0,410.0,540.0,1041.0,17.0,24.0,958.0,12.0,70.9,53.3,52725.0,20468.0,8514.0,13544.0,11890.0,7879.0,16.9,,,Valley City State University
155414,001929,Kansas Wesleyan University,Salina,KS,67401-6146,38.813795,-97.607973,https://www.kwu.edu/,https://www.kwu.edu/admissions/net-price-calculator,private_nonprofit,town,22,False,False,False,71.0,71.9,not_considered,,,,,,,,,,956.0,16.0,60.1,48.6,51152.0,47437.0,34630.0,34630.0,22671.0,18192.0,39.1,http://commons.wikimedia.org/wiki/Special:FilePath/KWU%20main%20building.jpg,http://commons.wikimedia.org/wiki/Special:FilePath/Kansas%20wesleyan%20univ%20textlogo.png,Kansas Wesleyan University
167598,002206,Regis College,Weston,MA,02493-1571,42.351291,-71.310561,https://www.regiscollege.edu/,https://www.regiscollege.edu/admission/undergraduate-admission/cost-and-financial-aid/net-price-calculator,private_nonprofit,suburb,18,False,False,False,30.0,69.8,not_considered,,,,,,,,,,956.0,9.0,79.0,72.2,52873.0,65546.0,49680.0,49680.0,27477.0,21415.0,31.0,http://commons.wikimedia.org/wiki/Special:FilePath/Weston%20Regis.jpg,,Regis College
145372,001684,Greenville University,Greenville,IL,62246,38.894162,-89.40824,https://www.greenville.edu/,https://www.greenville.edu/tuition-aid/tuition-aid-resources/net-price-calculator,private_nonprofit,town,20,False,False,False,64.0,97.5,considered_not_required,771.0,1230.0,406.0,615.0,365.0,615.0,1038.0,16.0,28.0,955.0,13.0,70.8,39.8,46827.0,45091.0,32200.0,32200.0,19533.0,19181.0,38.9,http://commons.wikimedia.org/wiki/Special:FilePath/GreenvilleCollege%20GreenvilleIL.jpg,http://commons.wikimedia.org/wiki/Special:FilePath/Greenville%20univ%20textlogo.png,Greenville University
237969,003830,West Virginia Wesleyan College,Buckhannon,WV,26201-2994,38.990661,-80.218969,https://www.wvwc.edu/,https://wvwc.studentaidcalculator.com/survey.aspx,private_nonprofit,town,22,False,False,False,71.0,93.3,considered_not_required,892.0,1160.0,472.0,600.0,420.0,560.0,1052.0,16.0,23.0,954.0,13.0,67.3,57.1,51593.0,48190.0,34090.0,34090.0,18083.0,12611.0,37.6,http://commons.wikimedia.org/wiki/Special:FilePath/AGNES%20HOWARD%20HALL%2C%20BUCKHANNON%2C%20UPSHUR%20COUNTY%2C%20WV.jpg,http://commons.wikimedia.org/wiki/Special:FilePath/Wv%20wesleyan%20college%20logo.png,West Virginia Wesleyan College
203845,003073,Marietta College,Marietta,OH,45750,39.41668,-81.450045,https://www.marietta.edu/,https://www.shoppingsheet.com/shopping/landing/marietta,private_nonprofit,town,22,False,False,False,,79.3,considered_not_required,1040.0,1200.0,510.0,600.0,530.0,600.0,1088.0,17.0,24.0,952.0,10.0,69.4,61.4,57180.0,53709.0,39652.0,39652.0,21083.0,18254.0,33.6,http://commons.wikimedia.org/wiki/Special:FilePath/Fayerweather%20Hall%2C%20Marietta%20College%2C%204th%20Street%20and%20Putnam%20Street%2C%20Marietta%2C%20OH%20-%2054307461396.jpg,http://commons.wikimedia.org/wiki/Special:FilePath/Marietta%20college%20textlogo.svg,Marietta College
167394,002140,College of Our Lady of the Elms,Chicopee,MA,01013,42.141781,-72.60154,https://www.elms.edu/,https://www.elms.edu/net-price-calculator/,private_nonprofit,suburb,19,False,False,False,30.0,85.3,considered_not_required,,,,,,,,,,949.0,11.0,76.0,68.1,51540.0,54027.0,43325.0,43325.0,17545.0,8099.0,45.1,http://commons.wikimedia.org/wiki/Special:FilePath/Berchmans%20Hall%2C%20Elms%20College%2C%20Chicopee%20MA.jpg,http://commons.wikimedia.org/wiki/Special:FilePath/ElmsCollege%20TextLogo.svg,Elms College
232256,003713,Hampden-Sydney College,Hampden-Sydney,VA,23943,37.240615,-78.464216,https://www.hsc.edu/,https://www.hsc.edu/admission-and-financial-aid/financial-aid/consumer-information/net-price-calculator,private_nonprofit,rural,21,False,True,False,,40.9,considered_not_required,1030.0,1250.0,520.0,640.0,510.0,610.0,1207.0,23.0,28.0,946.0,9.0,83.7,62.2,67640.0,70325.0,54550.0,54550.0,22400.0,13422.0,22.6,http://commons.wikimedia.org/wiki/Special:FilePath/Morton%20Hall%20Front%20Facade.jpg,http://commons.wikimedia.org/wiki/Special:FilePath/Hampsydney%20college%20wmark.png,Hampden–Sydney College
199184,003981,University of North Carolina School of the Arts,Winston Salem,NC,27127-2738,36.076183,-80.235672,https://www.uncsa.edu/,https://www.uncsa.edu/financialaid/netpricecalculator/npcalc.html,public,city,30,False,False,False,,30.0,considered_not_required,1140.0,1370.0,600.0,720.0,540.0,650.0,1260.0,22.0,29.0,945.0,6.0,92.8,77.8,38357.0,26470.0,9477.0,27211.0,14906.0,3165.0,26.3,http://commons.wikimedia.org/wiki/Special:FilePath/Ncsa5.jpg,http://commons.wikimedia.org/wiki/Special:FilePath/Unc%20school%20of%20arts%20wmark.png,University of North Carolina School of the Arts
240338,021366,Wisconsin Lutheran College,Milwaukee,WI,53226-4699,43.036943,-88.022718,https://www.wlc.edu/,https://www.wlc.edu/Net-Price-Calculator/,private_nonprofit,city,22,False,False,False,33.0,78.2,considered_not_required,970.0,1230.0,530.0,640.0,440.0,590.0,1239.0,23.0,29.0,943.0,11.0,72.5,63.6,54664.0,48785.0,36110.0,36110.0,23245.0,18190.0,28.6,http://commons.wikimedia.org/wiki/Special:FilePath/Wauwatosa%20June%202024%20059%20%28Wisconsin%20Lutheran%20College--Gary%20J.%20Greenfield%20Administration%20Building%29.jpg,http://commons.wikimedia.org/wiki/Special:FilePath/Wisconsin%20lutheran%20college%20textlogo.png,Wisconsin Lutheran College
161299,002044,Maine Maritime Academy,Castine,ME,04420-0001,44.389654,-68.804347,https://mainemaritime.edu/,https://npc.collegeboard.org/app/mainemaritime,public,rural,22,False,False,False,,54.1,considered_not_required,1095.0,1260.0,565.0,625.0,530.0,635.0,1166.0,21.0,26.0,942.0,10.0,81.7,58.2,89964.0,31046.0,15158.0,31102.0,23414.0,9511.0,24.6,http://commons.wikimedia.org/wiki/Special:FilePath/Main%20Campus%2C%20Maine%20Maritime%20Academy%20in%20Castine%20IMG%202377.JPG,http://commons.wikimedia.org/wiki/Special:FilePath/Maine%20Maritime%20Academy%20wordmark.svg,Maine Maritime Academy
207722,003167,University of Science and Arts of Oklahoma,Chickasha,OK,73018-5322,35.031392,-97.95641,https://usao.edu/,https://usao.edu/financial-aid/npc.html,public,town,21,False,False,False,,65.8,considered_not_required,1090.0,1280.0,580.0,700.0,510.0,580.0,1152.0,21.0,26.0,941.0,13.0,66.3,44.1,41913.0,20662.0,9000.0,20190.0,6624.0,3493.0,51.2,http://commons.wikimedia.org/wiki/Special:FilePath/USAO%20Troutt%20Hall.jpg,http://commons.wikimedia.org/wiki/Special:FilePath/USAO%20logo.png,University of Science and Arts of Oklahoma
139393,003484,Covenant College,Lookout Mountain,GA,30750-4164,34.965161,-85.375066,https://www.covenant.edu/,https://portal.covenant.edu/forms/index/Net_Price_Calculator,private_nonprofit,suburb,21,False,False,False,97.0,86.5,considered_not_required,1160.0,1380.0,600.0,710.0,560.0,670.0,1294.0,23.0,30.0,939.0,13.0,88.2,71.5,50412.0,57467.0,42040.0,42040.0,26265.0,18310.0,19.1,,,Covenant College
203960,030970,Mercy College of Ohio,Toledo,OH,43604-1132,41.658319,-83.552538,https://www.mercycollege.edu/,https://mercycollege.edu/net-price-calculator,private_nonprofit,city,26,False,False,False,30.0,93.2,considered_not_required,790.0,1010.0,410.0,510.0,380.0,500.0,947.0,15.0,20.0,939.0,5.0,86.7,55.8,65409.0,30260.0,19470.0,19470.0,17989.0,19867.0,32.7,http://commons.wikimedia.org/wiki/Special:FilePath/Mercy%20College%20of%20Ohio%2C%20Front%20View%2C%20February%202021.jpg,,Mercy College of Northwest Ohio
181428,006895,University of Nebraska Medical Center,Omaha,NE,68198-7815,41.256312,-95.973966,https://www.unmc.edu/,https://www.unmc.edu/student-success/financial-aid/consumer-info/index.html,public,city,27,False,False,False,,,,,,,,,,,,,938.0,3.0,,,76833.0,,,,,,22.0,,http://commons.wikimedia.org/wiki/Special:FilePath/University%20of%20Nebraska%20Medical%20Center%20logo.svg,University of Nebraska Medical Center
242644,005027,Inter American University of Puerto Rico-Barranquitas,Barranquitas,PR,00794,18.182777,-66.303153,https://www.br.inter.edu/,https://www.inter.edu/NetPrice/Barranquitas/index.html,private_nonprofit,suburb,22,False,False,False,,86.0,not_considered,,,,,,,,,,937.0,21.0,73.2,38.0,23204.0,16051.0,5742.0,5742.0,8726.0,8455.0,88.4,,,
151777,001820,Manchester University,North Manchester,IN,46962,41.01154,-85.762249,https://www.manchester.edu/,https://www.manchester.edu/admissions-aid/tuition-fees/student-financial-services/,private_nonprofit,town,20,False,False,False,58.0,71.1,not_considered,,,,,,,,,,936.0,12.0,66.3,46.1,51504.0,49993.0,37135.0,37135.0,18805.0,13875.0,44.7,http://commons.wikimedia.org/wiki/Special:FilePath/Manchester%20College%20Administration%20Building.jpg,http://commons.wikimedia.org/wiki/Special:FilePath/Manchester%20univ%20indiana%20logo.svg,Manchester University
233611,003738,Southern Virginia University,Buena Vista,VA,24416,37.740368,-79.35037,https://svu.edu/,https://my.svu.edu/ics/icsfs/index.html?target=3875c843-72fe-41de-b9fc-1555b3798e36,private_nonprofit,town,21,False,False,False,,96.4,not_considered,,,,,,,,,,936.0,14.0,74.0,33.5,50002.0,34431.0,21280.0,21280.0,22213.0,18957.0,45.2,http://commons.wikimedia.org/wiki/Special:FilePath/Southern%20Virginia%20University.jpg,http://commons.wikimedia.org/wiki/Special:FilePath/South%20virginia%20univ%20textlogo.svg,Southern Virginia University
174251,002389,University of Minnesota-Morris,Morris,MN,56267,45.589775,-95.899729,https://morris.umn.edu/,https://morris.umn.edu/costs-aid/net-price-calculator,public,town,21,False,False,False,,74.9,considered_not_required,,,,,,,1150.0,20.0,26.0,936.0,9.0,73.9,62.5,50919.0,27039.0,14526.0,16710.0,8837.0,1694.0,32.6,http://commons.wikimedia.org/wiki/Special:FilePath/West%20Central%20School%20of%20Agriculture%20and%20Experiment%20Station%20Historic%20District.jpg,http://commons.wikimedia.org/wiki/Special:FilePath/UM%20Morris%20wordmark.png,University of Minnesota Morris
145691,001688,Illinois College,Jacksonville,IL,62650-2299,39.7313,-90.246171,https://www.ic.edu/,https://www.ic.edu/npc,private_nonprofit,town,21,False,False,False,66.0,78.2,considered_not_required,883.0,1180.0,450.0,590.0,433.0,590.0,1064.0,19.0,26.0,930.0,12.0,70.6,63.8,52575.0,48955.0,38676.0,38676.0,18298.0,12487.0,38.4,http://commons.wikimedia.org/wiki/Special:FilePath/Lincoln%20Hall.jpg,http://commons.wikimedia.org/wiki/Special:FilePath/Illinois%20college%20bluelogo.png,Illinois College
228644,003659,The University of Texas Health Science Center at San Antonio,San Antonio,TX,78229-3900,29.508107,-98.575655,https://www.uthscsa.edu/,https://students.uthscsa.edu/financialaid/,public,city,27,False,False,False,,,,,,,,,,,,,930.0,6.0,,,82206.0,,,,,,33.3,http://commons.wikimedia.org/wiki/Special:FilePath/UTHSCSAmain.jpg,,University of Texas Health Science Center at San Antonio
238333,003835,Beloit College,Beloit,WI,53511-5595,42.504022,-89.029285,https://www.beloit.edu/,https://www.beloit.edu/offices/financial-aid/apply-for-aid/net-price-calculator/,private_nonprofit,city,21,False,False,False,,63.0,considered_not_required,1200.0,1430.0,590.0,720.0,610.0,710.0,1287.0,24.0,30.0,926.0,12.0,80.6,71.0,53260.0,71365.0,60886.0,60886.0,21526.0,15176.0,29.6,http://commons.wikimedia.org/wiki/Special:FilePath/Middle%20College%20of%20Beloit%20College.jpg,http://commons.wikimedia.org/wiki/Special:FilePath/Beloit%20Logo.png,Beloit College
155812,001943,University of Saint Mary,Leavenworth,KS,66048-5082,39.279396,-94.906743,https://www.stmary.edu/,https://www.stmary.edu/Admissions/Net-Price-Calculator.aspx,private_nonprofit,town,19,False,False,False,30.0,86.6,considered_not_required,806.0,1028.0,378.0,518.0,428.0,510.0,1029.0,17.0,24.0,925.0,11.0,65.0,47.8,59483.0,48728.0,35380.0,35380.0,22519.0,21899.0,38.1,http://commons.wikimedia.org/wiki/Special:FilePath/St.%20Mary%27s%20University%204594.JPG,http://commons.wikimedia.org/wiki/Special:FilePath/Saint%20mary%20univ%20ks%20logo.png,University of Saint Mary
198862,002942,Livingstone College,Salisbury,NC,28144,35.670877,-80.483956,https://livingstone.edu/,https://livingstone.edu/netpricecal/npcalc.htm,private_nonprofit,suburb,22,True,False,False,24.0,59.2,not_considered,,,,,,,,,,924.0,14.0,70.6,28.2,32600.0,28305.0,18296.0,18296.0,13479.0,13860.0,82.1,http://commons.wikimedia.org/wiki/Special:FilePath/Livingstone%20College%20from%20Monroe%20St%20Salisbury%20NC.JPG,http://commons.wikimedia.org/wiki/Special:FilePath/Livingstone%20college%20textlogo.png,Livingstone College
155900,001940,Southwestern College,Winfield,KS,67156-2499,37.248608,-96.975405,https://www.sckans.edu/,https://www.sckans.edu/other/net-price-calculator/,private_nonprofit,town,22,False,False,False,71.0,75.5,not_considered,,,,,,,,,,924.0,10.0,55.9,35.7,55646.0,58432.0,39822.0,39822.0,29824.0,26294.0,40.8,,http://commons.wikimedia.org/wiki/Special:FilePath/Southwestern%20college%20simplelogo.png,Southwestern College
179955,002524,William Jewell College,Liberty,MO,64068-1896,39.247844,-94.413126,https://www.jewell.edu/,https://www.jewell.edu/net-price-calculator,private_nonprofit,suburb,22,False,False,False,,38.4,considered_not_required,1080.0,1270.0,540.0,630.0,540.0,640.0,1095.0,18.0,24.0,924.0,10.0,73.8,67.7,59268.0,35785.0,20610.0,20610.0,17562.0,12909.0,31.6,http://commons.wikimedia.org/wiki/Special:FilePath/Jewell%20Quad%202%202008.jpg,http://commons.wikimedia.org/wiki/Special:FilePath/Jewell%20college%20textlogo.png,William Jewell College
153861,011113,Maharishi International University,Fairfield,IA,52557,41.017781,-91.967306,https://www.miu.edu/,https://www.miu.edu/consumer-information/financial-aid-information/federal-net-price-calculator/,private_nonprofit,town,18,False,False,False,,95.7,not_considered,,,,,,,,,,922.0,13.0,61.3,50.0,27981.0,27892.0,16530.0,16530.0,14956.0,14269.0,56.9,http://commons.wikimedia.org/wiki/Special:FilePath/Maharishi%20University%20of%20Management%20-%20USGS.png,,Maharishi International University
115409,001171,Harvey Mudd College,Claremont,CA,91711,34.106515,-117.709837,https://www.hmc.edu/,https://npc.collegeboard.org/student/app/hmc,private_nonprofit,suburb,21,False,False,False,,12.7,considered_not_required,1500.0,1570.0,730.0,770.0,770.0,800.0,1545.0,34.0,36.0,921.0,8.0,96.4,91.9,138687.0,90165.0,68613.0,68613.0,35924.0,27979.0,15.2,http://commons.wikimedia.org/wiki/Special:FilePath/Hmc-dartmouth%20entrance.jpg,http://commons.wikimedia.org/wiki/Special:FilePath/Harvey%20Mudd%20College%20logo.svg,Harvey Mudd College
191621,002735,Hilbert College,Hamburg,NY,14075-1597,42.75464,-78.820257,https://www.hilbert.edu/,https://www.hilbert.edu/admissions-aid/cost-aid/tuition-fees/undergraduate-costs/cost-calculator/,private_nonprofit,suburb,22,False,False,False,30.0,97.2,considered_not_required,,,,,,,,,,921.0,15.0,63.8,56.3,48309.0,42114.0,33740.0,33740.0,22723.0,20903.0,48.2,http://commons.wikimedia.org/wiki/Special:FilePath/NFTA%20Metro%20Bus%2016%20%40%20Hilbert%20College%2C%20Hamburg%2C%20New%20York%20-%2020230322.jpg,http://commons.wikimedia.org/wiki/Special:FilePath/Hilbert%20college%20textlogo.png,Hilbert College
207351,003174,Oklahoma Panhandle State University,Goodwell,OK,73939-0430,36.594518,-101.638488,https://opsu.edu/,https://opsu.edu/net-price/,public,rural,22,False,False,False,,,,,,,,,,,,,917.0,17.0,55.9,20.9,44933.0,15055.0,8092.0,8673.0,7413.0,7302.0,47.7,http://commons.wikimedia.org/wiki/Special:FilePath/OPSU%20Quad.jpg,,Oklahoma Panhandle State University
203085,003048,Heidelberg University,Tiffin,OH,44883-2462,41.114833,-83.168387,https://www.heidelberg.edu/,https://heidelberg.aidcalc.cloud/#window_top,private_nonprofit,town,20,False,False,False,76.0,85.8,not_considered,,,,,,,,,,915.0,14.0,74.1,52.0,48466.0,47025.0,33650.0,33650.0,20556.0,18217.0,36.6,http://commons.wikimedia.org/wiki/Special:FilePath/University%20Hall%2C%20Heidelberg%20University.jpg,http://commons.wikimedia.org/wiki/Special:FilePath/Heidelberg%20univ%20ohio%20logo.svg,Heidelberg University
183974,002599,Centenary University,Hackettstown,NJ,07840,40.84764,-74.833644,https://www.centenaryuniversity.edu/,https://www.centenaryuniversity.edu/costs-and-aid/net-price-calculator,private_nonprofit,suburb,19,False,False,False,71.0,83.1,considered_not_required,,,,,,,,,,910.0,12.0,77.8,56.0,53726.0,52362.0,37732.0,37732.0,20503.0,13329.0,38.3,http://commons.wikimedia.org/wiki/Special:FilePath/Old%20Main%2C%20Centenary%20University%2C%20Hackettstown%2C%20NJ.jpg,,Centenary University
117636,001218,Loma Linda University,Loma Linda,CA,92350,34.051241,-117.260605,https://www.llu.edu/index.html,https://llu.edu/campus-spiritual-life/student-services/financial-life/financial-aid/net-price-calculator,private_nonprofit,suburb,16,False,False,False,95.0,,,,,,,,,,,,909.0,3.0,,,89816.0,,,,,,35.0,http://commons.wikimedia.org/wiki/Special:FilePath/Loma%20linda%20university.jpg,,Loma Linda University
220516,003496,King University,Bristol,TN,37620-2699,36.585309,-82.159421,https://www.king.edu/,https://www.king.edu/admissions/financial-aid/tuition-and-fees/traditional-undergrad-cost/net-price-calculator/,private_nonprofit,city,18,False,False,False,66.0,99.7,not_considered,,,,,,,,,,908.0,11.0,60.1,47.9,59831.0,49004.0,36194.0,36194.0,22347.0,22696.0,41.6,http://commons.wikimedia.org/wiki/Special:FilePath/King%20University%20Campus%20Arial%20Fall%202014.jpg,http://commons.wikimedia.org/wiki/Special:FilePath/King%20university%20textlogo.png,King University
164492,002117,Anna Maria College,Paxton,MA,01612-1198,42.330542,-71.91896,https://www.annamaria.edu/,https://www.annamaria.edu/admission/financial-aid/net-price-calculator/#Net,private_nonprofit,rural,19,False,False,False,30.0,50.3,considered_not_required,,,,,,,,,,906.0,12.0,60.3,46.2,46651.0,61888.0,44571.0,44571.0,28333.0,25554.0,34.3,http://commons.wikimedia.org/wiki/Special:FilePath/Anna%20Maria%20College%2C%20Paxton%20MA.jpg,http://commons.wikimedia.org/wiki/Special:FilePath/Annamaria%20college%20textlogo.png,Anna Maria College
219833,003482,Christian Brothers University,Memphis,TN,38104,35.127437,-89.983241,https://www.cbu.edu/,https://www.cbu.edu/admissions-aid/financial-aid/net-price-calculator/,private_nonprofit,city,19,False,False,False,30.0,86.7,considered_not_required,1020.0,1380.0,460.0,700.0,560.0,680.0,1098.0,19.0,24.0,905.0,9.0,74.9,54.7,57478.0,48038.0,38420.0,38420.0,9854.0,9466.0,31.0,,,Christian Brothers University
150604,001798,Franklin College,Franklin,IN,46131-2623,39.478298,-86.047182,https://www.franklincollege.edu/,https://www.franklincollege.edu/admissions-aid/tuition-and-financial-aid/tuition-and-costs/#section3,private_nonprofit,suburb,21,False,False,False,52.0,69.8,considered_not_required,1060.0,1240.0,540.0,620.0,520.0,620.0,1145.0,20.0,26.0,900.0,12.0,72.9,60.3,55376.0,54178.0,38710.0,38710.0,22855.0,14790.0,36.4,http://commons.wikimedia.org/wiki/Special:FilePath/Old%20Main%20at%20Franklin%20College.jpg,http://commons.wikimedia.org/wiki/Special:FilePath/Franklin%20college%20indiana%20textlogo.svg,Franklin College
140252,020748,Life University,Marietta,GA,30060,33.932781,-84.514729,https://www.life.edu/,https://www.life.edu/admissions-pages/cost-of-attendance/,private_nonprofit,city,18,False,False,False,,93.0,considered_not_required,920.0,1130.0,480.0,590.0,440.0,540.0,1030.0,17.0,20.0,893.0,15.0,62.8,37.9,47397.0,41295.0,15036.0,15036.0,29791.0,28151.0,40.0,http://commons.wikimedia.org/wiki/Special:FilePath/Life%20University%20Summer%202011%20Graduates.jpg,http://commons.wikimedia.org/wiki/Special:FilePath/Life%20university%20logo.png,Life University
237783,003820,Salem University,Salem,WV,26426,39.288632,-80.571767,https://www.salemu.edu/,https://www.salemu.edu/NPC/index.html,private_for_profit,rural,19,False,False,False,,,,,,,,,,,,,892.0,19.0,54.8,19.9,34642.0,18650.0,11900.0,11900.0,12303.0,9886.0,74.6,http://commons.wikimedia.org/wiki/Special:FilePath/SALEM%20COLLEGE%20ADMINISTRATION%20BUILDING%2C%20HARRISON%20COUNTY%2C%20WV%3B.JPG,http://commons.wikimedia.org/wiki/Special:FilePath/Salem%20University%20logo%20green.svg,Salem University
171599,002308,The University of Olivet,Olivet,MI,49076,42.442891,-84.923891,https://www.uolivet.edu/,https://apply.uolivet.edu/register/netpricecalculator,private_nonprofit,rural,22,False,False,False,76.0,83.2,not_considered,,,,,,,,,,892.0,17.0,61.4,35.3,47907.0,47069.0,34068.0,34068.0,21393.0,19656.0,49.5,http://commons.wikimedia.org/wiki/Special:FilePath/Burrage%20Library%20.jpg,http://commons.wikimedia.org/wiki/Special:FilePath/Olivet%20univ%20textlogo.png,University of Olivet
206613,003078,Wright State University-Lake Campus,Celina,OH,45822,40.546074,-84.509194,https://lake.wright.edu/,https://www.wright.edu/enrollment-services/forms-and-resources/cost-estimator,public,rural,22,False,False,False,,,,,,,,,,,,,892.0,13.0,60.6,40.9,49500.0,16340.0,7728.0,17428.0,11081.0,7349.0,21.2,,,Wright State University - Lake Campus
181127,002548,Hastings College,Hastings,NE,68901,40.59025,-98.374403,https://www.hastings.edu/,https://www.hastings.edu/npcalc.htm,private_nonprofit,town,22,False,False,False,66.0,71.7,considered_not_required,,,,,,,1320.0,26.0,30.0,891.0,14.0,65.6,48.9,51303.0,51422.0,37770.0,37770.0,24452.0,21646.0,27.4,http://commons.wikimedia.org/wiki/Special:FilePath/McCormick%20Hall%20%28Hastings%2C%20Nebraska%29%20from%20NW%202.JPG,,Hastings College
164216,002108,Washington College,Chestertown,MD,21620-1438,39.217329,-76.06878,https://www.washcoll.edu/,https://www.washcoll.edu/admissions/financial-aid/net_price_calculator/net_price_cal_short_code.html,private_nonprofit,town,21,False,False,False,,56.9,considered_not_required,1140.0,1390.0,580.0,710.0,560.0,680.0,1280.0,27.0,31.0,891.0,8.0,83.9,65.4,65518.0,73314.0,55326.0,55326.0,27898.0,17804.0,22.6,http://commons.wikimedia.org/wiki/Special:FilePath/WASHINGTON%20COLLEGE%2C%20MIDDLE%20HALL%2C%20CHESTERTOWN%2C%20KENT%20COUNTY%2C%20MD.jpg,http://commons.wikimedia.org/wiki/Special:FilePath/Washington%20college%20logo%20horiz.png,Washington College
202170,003039,Columbus College of Art & Design,Columbus,OH,43215,39.966074,-82.989479,https://www.ccad.edu/,https://ccad.clearcostcalculator.com/student/default/netpricecalculator/survey,private_nonprofit,city,30,False,False,False,,67.7,not_considered,,,,,,,,,,882.0,10.0,80.3,55.6,40664.0,54443.0,40825.0,40825.0,29439.0,24204.0,39.2,,http://commons.wikimedia.org/wiki/Special:FilePath/Columbus%20College%20of%20Art%20and%20Design%20logo.svg,Columbus College of Art and Design
458955,001459,Strayer University-Mississippi,Jackson,MS,39201,32.300562,-90.188097,https://www.strayer.edu/campus-locations/mississippi/jackson,https://strayer.aidcalc.cloud/netprice.htm,private_for_profit,city,29,False,False,False,,,,,,,,,,,,,882.0,47.0,,0.0,40092.0,,13920.0,13920.0,,,86.8,,,
101435,001019,Huntingdon College,Montgomery,AL,36106-2148,32.351034,-86.284366,https://www.huntingdon.edu/,https://www.huntingdon.edu/admission-aid/student-financial-services/net-price-calculator/,private_nonprofit,city,22,False,False,False,71.0,69.5,considered_not_required,1006.0,1220.0,533.0,610.0,473.0,610.0,1142.0,20.0,25.0,879.0,15.0,67.0,48.0,49601.0,40908.0,29070.0,29070.0,22566.0,20435.0,40.1,http://commons.wikimedia.org/wiki/Special:FilePath/Huntingdon%20College%20Houghton%20Library.JPG,http://commons.wikimedia.org/wiki/Special:FilePath/Huntingdon%20college%20logo.png,Huntingdon College
199643,002962,Shaw University,Raleigh,NC,27601,35.771181,-78.637693,https://www.shawu.edu/,https://shawu.clearcostcalculator.com/student/default/netpricecalculator/survey,private_nonprofit,city,22,True,False,False,54.0,80.2,not_considered,,,,,,,,,,875.0,14.0,51.6,21.8,34409.0,30861.0,17538.0,17538.0,16512.0,16236.0,66.4,http://commons.wikimedia.org/wiki/Special:FilePath/Tyler%20Hall%20-%20Shaw%20University%20-%20DSC05812.JPG,http://commons.wikimedia.org/wiki/Special:FilePath/Shaw%20university%20logo.png,Shaw University
141185,001596,Toccoa Falls College,Toccoa Falls,GA,30598,34.593414,-83.357617,https://tfc.edu/,https://tfc.edu/admissions/financial-aid/net-price-calculator/,private_nonprofit,town,22,False,False,False,34.0,66.0,considered_not_required,1010.0,1230.0,520.0,650.0,490.0,580.0,1130.0,18.0,24.0,875.0,18.0,62.5,43.7,36630.0,37561.0,23950.0,23950.0,21642.0,20825.0,16.1,http://commons.wikimedia.org/wiki/Special:FilePath/Toccoa%20Falls%20College%2C%20entrance%20sign.JPG,,Toccoa Falls College
198808,002939,Lees-McRae College,Banner Elk,NC,28604,36.162477,-81.873371,https://www.lmc.edu/,https://www.lmc.edu/admissions/financial-aid/net-price-calculator.htm,private_nonprofit,rural,22,False,False,False,66.0,76.8,not_considered,,,,,,,,,,873.0,11.0,68.8,42.1,43415.0,49498.0,33250.0,33250.0,28340.0,23030.0,37.3,http://commons.wikimedia.org/wiki/Special:FilePath/North%20Carolina%20Building.JPG,,Lees–McRae College
155511,001933,McPherson College,McPherson,KS,67460-1402,38.371422,-97.642996,https://www.mcpherson.edu/,https://www.mcpherson.edu/admissions/financial-aid/net-price-calculator/,private_nonprofit,town,22,False,False,False,58.0,76.8,considered_not_required,960.0,1200.0,470.0,620.0,490.0,580.0,1058.0,18.0,23.0,872.0,16.0,65.1,33.9,52084.0,50611.0,37310.0,37310.0,26441.0,22587.0,37.9,http://commons.wikimedia.org/wiki/Special:FilePath/Miller%20Library%2C%20McPherson%20College%2C%20McPherson%2C%20KS.JPG,http://commons.wikimedia.org/wiki/Special:FilePath/McPherson%20College%20logo.png,McPherson College
155627,001937,Ottawa University-Ottawa,Ottawa,KS,66067-3399,38.603173,-95.264187,https://www.ottawa.edu/,https://www.ottawa.edu/ouks/admissions/financial-aid,private_nonprofit,town,22,False,False,False,52.0,83.0,considered_not_required,750.0,1000.0,420.0,500.0,330.0,500.0,1000.0,16.0,22.0,870.0,12.0,58.3,27.9,55552.0,51856.0,35880.0,35880.0,27963.0,22449.0,36.8,http://commons.wikimedia.org/wiki/Special:FilePath/Tauy%20Jones%20close1.jpg,http://commons.wikimedia.org/wiki/Special:FilePath/Ottawa%20University%20wordmark.svg,Ottawa University
153977,006273,Mercy College of Health Sciences,Des Moines,IA,50309-1239,41.594559,-93.626238,https://www.mchs.edu/,https://www.mchs.edu/wp-content/uploads/2024/03/index.html,private_nonprofit,city,26,False,False,False,30.0,99.7,considered_not_required,,,,,,,980.0,16.0,21.0,867.0,7.0,69.2,65.5,62234.0,34398.0,17664.0,17664.0,26924.0,24171.0,33.9,,,Mercy College of Health Sciences
152673,001844,Wabash College,Crawfordsville,IN,47933-0352,40.037588,-86.906,https://www.wabash.edu/,https://www.wabash.edu/admissions/finances/npc,private_nonprofit,town,21,False,True,False,,63.3,considered_not_required,1060.0,1270.0,520.0,620.0,540.0,650.0,1180.0,23.0,28.0,866.0,9.0,93.0,77.0,69952.0,65144.0,50800.0,50800.0,24336.0,16586.0,23.7,http://commons.wikimedia.org/wiki/Special:FilePath/Elston%20House%2C%20Crawfordsville%20P4180007.jpg,http://commons.wikimedia.org/wiki/Special:FilePath/Wabash%20college%20indiana%20logo.png,Wabash College
159948,002019,New Orleans Baptist Theological Seminary,New Orleans,LA,70126,30.004336,-90.043439,https://www.nobts.edu/,https://www.nobts.edu/financial-aid/default.html,private_nonprofit,city,24,False,False,False,75.0,,,,,,,,,,,,865.0,19.0,92.0,73.9,,21660.0,12468.0,12468.0,10829.0,10829.0,8.6,,,New Orleans Baptist Theological Seminary
217013,003396,Wilson College,Chambersburg,PA,17201-1285,39.949659,-77.650712,https://www.wilson.edu/,https://www.shoppingsheet.com/shopping/landing/wilson,private_nonprofit,city,19,False,False,False,66.0,92.1,considered_not_required,930.0,1180.0,480.0,610.0,450.0,570.0,1000.0,,,865.0,15.0,74.5,48.1,43326.0,39344.0,27100.0,27100.0,21741.0,14808.0,23.5,http://commons.wikimedia.org/wiki/Special:FilePath/Wilson%20College%20Science%20Center.jpg,,Wilson College
220701,003504,The University of Tennessee Southern,Pulaski,TN,38478-2799,35.201019,-87.035661,https://www.utsouthern.edu/,https://utsouthern.edu/net-price-calculator/,public,town,22,False,False,False,,86.7,required,905.0,1110.0,435.0,555.0,470.0,555.0,1083.0,18.0,24.0,864.0,14.0,77.2,36.9,38924.0,24750.0,10924.0,10924.0,12798.0,9335.0,36.3,,,University of Tennessee Southern
189857,004776,Central Yeshiva Tomchei Tmimim Lubavitz,Brooklyn,NY,11213-2798,40.669694,-73.938778,https://cyttl.edu/,https://cyttl.edu/links/,private_nonprofit,city,24,False,True,False,,87.4,not_considered,,,,,,,,,,863.0,31.0,78.7,5.1,35023.0,29697.0,8400.0,8400.0,21437.0,20648.0,63.9,,,
159373,002014,Louisiana State University Health Sciences Center-New Orleans,New Orleans,LA,70112-2223,29.957272,-90.083145,https://www.lsuhsc.edu/,https://www.lsuhsc.edu/tuition/,public,city,25,False,False,False,,,,,,,,,,,,,862.0,3.0,,,78495.0,,,,,,35.1,,http://commons.wikimedia.org/wiki/Special:FilePath/LSUHealth%20New%20Orleans.png,LSU Health Sciences Center New Orleans
201964,003030,Ohio Christian University,Circleville,OH,43113-9487,39.613155,-82.904885,https://www.ohiochristian.edu/,https://www.ohiochristian.edu/university/about-ocu/net-price-calculator,private_nonprofit,rural,19,False,False,False,79.0,38.0,considered_not_required,,,,,,,,,,862.0,14.0,62.4,33.9,39813.0,35017.0,24600.0,24600.0,20607.0,22113.0,33.7,http://commons.wikimedia.org/wiki/Special:FilePath/OCU4.JPG,,Ohio Christian University
111081,001132,California Institute of the Arts,Valencia,CA,91355-2397,34.39327,-118.566837,https://www.calarts.edu/,https://files.calarts.edu/docs/financial-aid/calarts-net-price-calculator/,private_nonprofit,suburb,19,False,False,False,,32.3,not_considered,,,,,,,,,,860.0,7.0,82.4,66.7,41198.0,77560.0,58996.0,58996.0,46080.0,26686.0,24.2,http://commons.wikimedia.org/wiki/Special:FilePath/2012-1104-CalArts01.jpg,http://commons.wikimedia.org/wiki/Special:FilePath/Calarts%20logo.svg,California Institute of the Arts
214670,003329,Pennsylvania State University-Penn State Lehigh Valley,Center Valley,PA,18034-8447,40.559201,-75.40267,https://lehighvalley.psu.edu/,https://tuition.psu.edu/student-tuition-calculators,public,suburb,-2,False,False,False,,97.4,considered_not_required,1130.0,1320.0,580.0,660.0,550.0,660.0,1210.0,,,859.0,14.0,83.4,17.8,63435.0,28109.0,15208.0,25392.0,18220.0,12422.0,35.0,,,Penn State Lehigh Valley
152381,001835,Saint Mary-of-the-Woods College,Saint Mary of the Woods,IN,47876-1099,39.508546,-87.463791,https://www.smwc.edu/,https://www.smwc.edu/offices-resources/offices/financial-aid/net-price-calculator/,private_nonprofit,rural,20,False,False,False,30.0,72.4,considered_not_required,,,,,,,,,,853.0,9.0,61.8,46.6,43845.0,49512.0,35270.0,35270.0,31872.0,33513.0,49.9,,http://commons.wikimedia.org/wiki/Special:FilePath/Logo%20of%20SMWC.png,Saint Mary-of-the-Woods College
203580,003066,Lake Erie College,Painesville,OH,44077-3389,41.717841,-81.251817,https://www.lec.edu/,https://www.lec.edu/financial-aid/net-price-calculator/,private_nonprofit,suburb,20,False,False,False,,70.4,not_considered,,,,,,,,,,852.0,12.0,59.4,38.0,50417.0,50790.0,37634.0,37634.0,20961.0,20195.0,37.2,http://commons.wikimedia.org/wiki/Special:FilePath/LEC%20College%20Hall.jpg,,Lake Erie College
218539,003445,Presbyterian College,Clinton,SC,29325,34.465834,-81.87448,https://www.presby.edu/,https://www.presby.edu/costs-and-aid/net-price-calculator/,private_nonprofit,town,21,False,False,False,66.0,68.4,considered_not_required,980.0,1200.0,500.0,620.0,480.0,580.0,1118.0,21.0,26.0,852.0,11.0,79.5,51.5,60194.0,60242.0,44910.0,44910.0,20528.0,18277.0,33.3,,http://commons.wikimedia.org/wiki/Special:FilePath/Presbyterian%20College%20wordmark.svg,Presbyterian College
155335,001939,Newman University,Wichita,KS,67213-2097,37.672643,-97.37768,https://www.newmanu.edu/,https://newmanu.edu/admissions/financial-aid/net-price-calculator,private_nonprofit,city,19,False,False,False,30.0,74.0,not_considered,,,,,,,,,,851.0,16.0,68.9,52.8,55041.0,46489.0,35500.0,35500.0,19971.0,18060.0,12.3,,http://commons.wikimedia.org/wiki/Special:FilePath/Newman%20University%2C%20Wichita%20logo.svg,Newman University
461148,041188,New York Film Academy,Burbank,CA,91505,34.152076,-118.335567,https://www.nyfa.edu/,https://www.nyfa.edu/npc.html,private_for_profit,city,30,False,False,False,,,,,,,,,,,,,849.0,4.0,65.9,67.7,29633.0,62210.0,36920.0,36920.0,39011.0,36501.0,17.9,http://commons.wikimedia.org/wiki/Special:FilePath/NewYorkFilmAcademyDay.JPG,http://commons.wikimedia.org/wiki/Special:FilePath/Nyfa-logo-2023-rebrand.png,New York Film Academy
157748,001982,The Southern Baptist Theological Seminary,Louisville,KY,40280-0001,38.248216,-85.687649,https://www.sbts.edu/,https://boycecollege.com/admissions/financial-aid/,private_nonprofit,city,24,False,False,False,75.0,55.9,required,1010.0,1230.0,520.0,640.0,490.0,590.0,1120.0,19.0,27.0,848.0,16.0,78.6,40.2,,,11046.0,11046.0,,,0.0,,,Southern Baptist Theological Seminary
221731,003525,Tennessee Wesleyan University,Athens,TN,37303,35.446331,-84.592728,https://www.tnwesleyan.edu/,https://www.tnwesleyan.edu/tuition-aid/true-cost-calculator/,private_nonprofit,town,22,False,False,False,71.0,68.8,considered_not_required,,,,,,,1090.0,19.0,23.0,846.0,12.0,72.0,47.6,45989.0,39440.0,30814.0,30814.0,14836.0,11609.0,39.2,http://commons.wikimedia.org/wiki/Special:FilePath/Old%20College%2C%20Tennessee%20Wesleyan%20College.jpg,http://commons.wikimedia.org/wiki/Special:FilePath/Tennessee%20wesleyan%20univ%20logo.png,Tennessee Wesleyan University
262129,039574,New College of Florida,Sarasota,FL,34243-2109,27.384925,-82.55858,https://www.ncf.edu/,https://app.meadowfi.com/ncf,public,city,21,False,False,False,,73.2,required,1060.0,1245.0,540.0,625.0,520.0,620.0,1150.0,21.0,26.0,843.0,8.0,75.6,66.7,48082.0,24449.0,6916.0,29944.0,7195.0,3591.0,33.9,,http://commons.wikimedia.org/wiki/Special:FilePath/New%20College%20of%20Florida%20logo.svg,New College of Florida
157076,001969,Kentucky Wesleyan College,Owensboro,KY,42301,37.744489,-87.119658,https://kwc.edu/,https://kwc.edu/net-price-calculator/,private_nonprofit,city,22,False,False,False,71.0,71.6,considered_not_required,890.0,1130.0,440.0,560.0,450.0,570.0,1044.0,16.0,23.0,842.0,15.0,52.6,46.8,46747.0,46203.0,34673.0,34673.0,17131.0,13951.0,49.5,http://commons.wikimedia.org/wiki/Special:FilePath/Kentucky%20Wesleyan%20College%20Administration%20Building.jpg,http://commons.wikimedia.org/wiki/Special:FilePath/Kentucky%20wesley%20college%20textlogo.png,Kentucky Wesleyan College
190372,002710,The Cooper Union for the Advancement of Science and Art,New York,NY,10003-7120,40.728148,-73.991609,https://www.cooper.edu/,https://cooper.edu/admissions/sfs,private_nonprofit,city,22,False,False,False,,20.7,considered_not_required,1295.0,1501.0,653.0,748.0,642.0,753.0,1410.0,28.0,34.0,842.0,8.0,91.9,81.1,83847.0,64190.0,46820.0,46820.0,13269.0,3749.0,27.9,http://commons.wikimedia.org/wiki/Special:FilePath/Cooper%20Union%20by%20David%20Shankbone.jpg,http://commons.wikimedia.org/wiki/Special:FilePath/Cooper%20Union.svg,Cooper Union
217907,003427,Coker University,Hartsville,SC,29550,34.37696,-80.070416,https://coker.edu/,https://www.coker.edu/admissions-aid/traditional-students/costs-aid/financial-aid/net-price-calculator/,private_nonprofit,town,20,False,False,False,,94.0,not_considered,,,,,,,,,,840.0,12.0,69.4,39.5,40117.0,45805.0,33416.0,33416.0,20286.0,16789.0,25.7,http://commons.wikimedia.org/wiki/Special:FilePath/JLC%20III.jpg,,Coker University
180595,002534,Rocky Mountain College,Billings,MT,59102-1796,45.796522,-108.554075,https://www.rocky.edu/,https://www.rocky.edu/admissions/financial-aid/net-price-calculator/,private_nonprofit,city,20,False,False,False,76.0,69.6,considered_not_required,893.0,1133.0,488.0,565.0,405.0,568.0,1083.0,18.0,24.0,840.0,14.0,69.0,48.4,49036.0,46093.0,35582.0,35582.0,19751.0,15404.0,31.1,,,Rocky Mountain College
166018,004661,Hampshire College,Amherst,MA,01002-5001,42.325852,-72.531469,https://www.hampshire.edu/,https://www.hampshire.edu/net-price-calculator,private_nonprofit,rural,21,False,False,False,,75.3,not_considered,,,,,,,,,,839.0,13.0,78.4,54.3,46938.0,74195.0,58896.0,58896.0,24034.0,13749.0,39.3,http://commons.wikimedia.org/wiki/Special:FilePath/Buildings%20at%20Hampshire%20College%20in%202019.jpg,http://commons.wikimedia.org/wiki/Special:FilePath/HampshireCollegeLogo.png,Hampshire College
130314,001409,University of Saint Joseph,West Hartford,CT,06117,41.781041,-72.72965,https://www.usj.edu/,https://www.usj.edu/admissions/tuition-financial-aid/net-price-calculator/,private_nonprofit,city,18,False,False,False,30.0,78.6,considered_not_required,850.0,1170.0,440.0,610.0,410.0,560.0,950.0,,,838.0,10.0,82.1,63.8,59908.0,59900.0,47278.0,47278.0,27989.0,24563.0,32.6,http://commons.wikimedia.org/wiki/Special:FilePath/USJ%20Campus%20Promo%20431.jpg,http://commons.wikimedia.org/wiki/Special:FilePath/USJ%20Connecticut%20Logo.svg,University of Saint Joseph
204015,003077,Miami University-Middletown,Middletown,OH,45042,39.523776,-84.35724,https://miamioh.edu/regionals/,https://miamioh.edu/onestop/paying-for-college/costs/net-price-calculators/index.html,public,suburb,22,False,False,False,,,,,,,,,,,,,837.0,15.0,66.7,31.8,55076.0,14890.0,7491.0,19407.0,10809.0,7452.0,27.2,,,Miami University Middletown
239309,020771,Milwaukee Institute of Art & Design,Milwaukee,WI,53202-6003,43.030917,-87.907925,https://www.miad.edu/,https://www.miad.edu/net-price-calculator,private_nonprofit,city,30,False,False,False,,60.5,considered_not_required,,,,,,,,,,837.0,11.0,79.5,67.0,41174.0,53528.0,43743.0,43743.0,26541.0,21419.0,37.3,http://commons.wikimedia.org/wiki/Special:FilePath/Milwaukee%20September%202023%20092%20%28Milwaukee%20Terminal%20Building--Milwaukee%20Institute%20of%20Art%20%26%20Design%29.jpg,,Milwaukee Institute of Art & Design
138600,001542,Agnes Scott College,Decatur,GA,30030-3770,33.769268,-84.295459,https://www.agnesscott.edu/,https://www.collegeraptor.com/shopping/school/agnes-scott-college-ga--138600,private_nonprofit,suburb,21,False,False,True,66.0,62.2,considered_not_required,1160.0,1330.0,620.0,695.0,540.0,635.0,1260.0,25.0,31.0,836.0,10.0,81.3,70.7,56274.0,63283.0,50604.0,50604.0,24754.0,21467.0,38.5,http://commons.wikimedia.org/wiki/Special:FilePath/Agnes%20Scott%20College%20-%20Buttrick%20Hall.jpg,http://commons.wikimedia.org/wiki/Special:FilePath/Agnes%20Scott%20Wordmark.gif,Agnes Scott College
209490,004882,Oregon Health & Science University,Portland,OR,97239-3098,45.498772,-122.686096,https://www.ohsu.edu/,,public,city,27,False,False,False,,,,,,,,,,,,,836.0,5.0,,,101028.0,,,,,,28.9,http://commons.wikimedia.org/wiki/Special:FilePath/OregonHealthSciUniv.jpg,,Oregon Health and Science University
464226,001937,Ottawa University-Surprise,Surprise,AZ,85374,33.628923,-112.368233,https://www.ottawa.edu/ouaz/home,https://www.ottawa.edu/ouaz/admissions/financial-aid,private_nonprofit,suburb,22,False,False,False,52.0,78.1,considered_not_required,840.0,1160.0,440.0,590.0,400.0,570.0,972.0,16.0,21.0,836.0,11.0,50.0,18.2,55552.0,52170.0,35880.0,35880.0,33393.0,28636.0,39.8,,,
211468,003243,Cedar Crest College,Allentown,PA,18104-6196,40.586318,-75.519221,https://www.cedarcrest.edu/,https://collegepricecalculator.com/cedarcrestcollege,private_nonprofit,city,20,False,False,True,,84.1,not_considered,,,,,,,,,,834.0,9.0,71.0,60.4,59460.0,57206.0,46314.0,46314.0,18659.0,21044.0,43.6,http://commons.wikimedia.org/wiki/Special:FilePath/Cedar%20Crest%20College%20%287%29.JPG,http://commons.wikimedia.org/wiki/Special:FilePath/Cedar%20crest%20college%20textlogo.svg,Cedar Crest College
241191,005019,Universidad Adventista de las Antillas,Mayaguez,PR,00680-0000,18.205685,-67.111207,https://www.uaa.edu/,https://bigfuture.collegeboard.org/pay-for-college/calculate-your-cost,private_nonprofit,suburb,20,False,False,False,95.0,100.0,not_considered,,,,,,,,,,830.0,18.0,79.5,36.4,28465.0,16834.0,8350.0,8350.0,9919.0,9519.0,79.1,http://commons.wikimedia.org/wiki/Special:FilePath/UAA%20Sign.jpg,,Adventist University of the Antilles
230807,003681,Westminster University,Salt Lake City,UT,84105,40.730779,-111.855757,https://www.westminsteru.edu/,https://www.westminsteru.edu/net-price-calculator,private_nonprofit,city,19,False,False,False,,66.6,considered_not_required,1070.0,1310.0,540.0,670.0,530.0,640.0,1220.0,23.0,29.0,823.0,8.0,76.3,63.8,66215.0,57616.0,43528.0,43528.0,27094.0,22972.0,24.5,http://commons.wikimedia.org/wiki/Special:FilePath/Giovale%20Library%20at%20Westminster%20College%20SLC%20Utah.jpg,http://commons.wikimedia.org/wiki/Special:FilePath/Westminster%20univ%20logo.png,Westminster University
206491,003141,Wilberforce University,Wilberforce,OH,45384-1001,39.707291,-83.880595,https://www.wilberforce.edu/,https://npc.collegeboard.org/student/app/wilberforce,private_nonprofit,rural,22,True,False,False,51.0,40.5,considered_not_required,,,,,,,,,,822.0,12.0,74.2,12.0,38298.0,25676.0,16448.0,16448.0,5567.0,5630.0,74.1,,,Wilberforce University
457129,006385,Chamberlain University-Florida,Jacksonville,FL,32256,30.243517,-81.586421,https://www.chamberlain.edu/,https://www.chamberlain.edu/admissions/financial-aid-scholarships/calculator,private_for_profit,city,26,False,False,False,,90.9,considered_not_required,,,,,,,,,,821.0,10.0,62.5,33.3,92405.0,37182.0,19975.0,19975.0,31269.0,27474.0,54.2,,,Chamberlain University-Florida
160074,031062,Franciscan Missionaries of Our Lady University,Baton Rouge,LA,70808,30.401379,-91.110587,https://www.franu.edu/,https://www.franu.edu/offices-services/office-of-financial-aid/true-cost-calculator,private_nonprofit,city,26,False,False,False,30.0,98.7,not_considered,,,,,,,,,,821.0,14.0,63.9,45.5,59419.0,28490.0,18310.0,18310.0,18552.0,17014.0,31.2,,,Franciscan Missionaries of Our Lady University
149505,001771,Trinity Christian College,Palos Heights,IL,60463-0929,41.667687,-87.783973,https://www.trnty.edu/,https://www.trnty.edu/finaid/mm-npcfs.html,private_nonprofit,suburb,22,False,False,False,42.0,84.9,considered_not_required,1050.0,1320.0,510.0,660.0,540.0,660.0,1157.0,20.0,25.0,820.0,10.0,81.5,57.5,55700.0,35012.0,20605.0,20605.0,19125.0,12891.0,34.6,,,Trinity Christian College
486901,003511,Milligan University,Milligan,TN,37682,36.300147,-82.29407,https://www.milligan.edu/,https://www.milligan.edu/admissions/tuition/cost-of-attendance/net-price-calculator/,private_nonprofit,suburb,19,False,False,False,48.0,72.3,considered_not_required,1133.0,1268.0,573.0,650.0,560.0,618.0,1189.0,22.0,27.0,818.0,10.0,81.5,63.4,46641.0,52511.0,40450.0,40450.0,21365.0,15118.0,24.0,http://commons.wikimedia.org/wiki/Special:FilePath/Milligan%20University.jpg,,Milligan University
198066,002912,Brevard College,Brevard,NC,28712,35.236763,-82.729494,https://www.brevard.edu/,https://app.meadowfi.com/brevard,private_nonprofit,town,22,False,False,False,71.0,42.2,considered_not_required,870.0,1220.0,440.0,620.0,430.0,600.0,1060.0,16.0,26.0,815.0,12.0,61.5,48.8,43545.0,47288.0,32280.0,32280.0,23509.0,19294.0,40.6,http://commons.wikimedia.org/wiki/Special:FilePath/Brevard%20College%20Campus%20in%20Brevard%2C%20North%20Carolina.jpg,http://commons.wikimedia.org/wiki/Special:FilePath/Brevard%20college%20simplelogo.png,Brevard College
211583,003245,Chestnut Hill College,Philadelphia,PA,19118-2693,40.08678,-75.228742,https://www.chc.edu/,https://admissions.chc.edu/register/net_price,private_nonprofit,city,19,False,False,False,30.0,74.5,not_considered,,,,,,,,,,815.0,10.0,62.4,48.8,52015.0,58168.0,39870.0,39870.0,27970.0,28011.0,52.1,http://commons.wikimedia.org/wiki/Special:FilePath/Chestnut%20Hill%20College%20Entrance.jpg,http://commons.wikimedia.org/wiki/Special:FilePath/Chestnut%20hill%20college%20textlogo.png,Chestnut Hill College
219790,003536,Bryan College-Dayton,Dayton,TN,37321,35.497209,-84.999552,https://www.bryan.edu/,https://www.bryan.edu/admissions/undergraduate/financial-aid/estimator/,private_nonprofit,town,20,False,False,False,42.0,,,,,,,,,,,,814.0,14.0,71.0,49.7,54434.0,31270.0,19800.0,19800.0,20614.0,19500.0,26.6,http://commons.wikimedia.org/wiki/Special:FilePath/The%20Bryan%20College%20campus%20in%20Dayton%2C%20Tennessee%2C%20on%20Sept.%203%2C%202015.jpg,http://commons.wikimedia.org/wiki/Special:FilePath/BC-Stacked%20Red.png,Bryan College
138293,001540,Webber International University,Babson Park,FL,33827-0096,27.838778,-81.532315,https://www.webber.edu/,https://npc.collegeboard.org/student/app/webber,private_nonprofit,rural,22,False,False,False,,69.4,not_considered,,,,,,,,,,813.0,17.0,41.2,28.0,45606.0,50989.0,33770.0,33770.0,29529.0,27801.0,47.7,,http://commons.wikimedia.org/wiki/Special:FilePath/Webber%20internat%20univ%20logo.png,Webber International University
131450,001443,Gallaudet University,Washington,DC,20002-3695,38.907371,-76.993675,https://gallaudet.edu/,https://gallaudet.edu/tuition-financial-aid/calculator/,private_nonprofit,city,17,False,False,False,,58.1,required,780.0,1022.0,380.0,502.0,400.0,520.0,868.0,14.0,17.0,812.0,6.0,71.1,47.3,43101.0,40374.0,19654.0,19654.0,15845.0,14129.0,57.9,http://commons.wikimedia.org/wiki/Special:FilePath/The%20Chapel%20Hall%20building%20at%20Gallaudet%20University%2C%20located%20between%206th%20and%209th%20St.%2C%20NE%2C%20Washington%2C%20D.C%20LCCN2010641807.jpg,http://commons.wikimedia.org/wiki/Special:FilePath/Gallaudet%20University%20logo.svg,Gallaudet University
235422,003777,Heritage University,Toppenish,WA,98948,46.3748,-120.394972,https://www.heritage.edu/,https://www.heritage.edu/net-price-calculator.htm,private_nonprofit,rural,20,False,False,False,,,,,,,,,,,,,812.0,9.0,56.8,53.7,49416.0,31209.0,20928.0,20928.0,14598.0,15114.0,66.7,,,Heritage University
177746,002473,Kansas City Art Institute,Kansas City,MO,64111-1874,39.046353,-94.583594,https://www.kcai.edu/,https://www.kcai.edu/admissions-aid/net-price-calculator/,private_nonprofit,city,30,False,False,False,,54.8,not_considered,,,,,,,,,,812.0,10.0,78.3,58.0,37032.0,57410.0,44550.0,44550.0,27650.0,26293.0,43.7,http://commons.wikimedia.org/wiki/Special:FilePath/Kc-art-institute.jpg,,Kansas City Art Institute
123457,001291,Simpson University,Redding,CA,96003-8606,40.61334,-122.332981,https://www.simpsonu.edu/,https://simpsonu.clearcostcalculator.com/student/default/netpricecalculator/survey,private_nonprofit,city,21,False,False,False,34.0,86.0,not_considered,,,,,,,,,,809.0,17.0,60.4,48.8,54340.0,54688.0,39708.0,39708.0,27817.0,25511.0,44.1,,,Simpson University
177144,002460,Culver-Stockton College,Canton,MO,63435-1299,40.128993,-91.529374,https://www.culver.edu/,https://www.culver.edu/admissions/net-price-calculator/,private_nonprofit,rural,22,False,False,False,61.0,99.1,considered_not_required,,,,,,,,,,807.0,15.0,67.2,39.2,46092.0,44112.0,30875.0,30875.0,21983.0,17712.0,39.4,,,Culver–Stockton College
111188,001134,Cal Poly Maritime Academy,Vallejo,CA,94590-8181,38.069061,-122.231551,https://maritime.calpoly.edu/,https://maritime.calpoly.edu/adm/tuition-and-financial-aid/net-price-calculator/index.html,public,city,22,False,False,False,,95.0,not_considered,,,,,,,,,,804.0,11.0,77.5,59.7,94784.0,29853.0,9944.0,22544.0,20555.0,13552.0,25.1,http://commons.wikimedia.org/wiki/Special:FilePath/Golden%20bear.jpg,,Cal Poly Maritime Academy
214883,003309,Peirce College,Philadelphia,PA,19103-5443,39.949623,-75.168105,https://www.peirce.edu/,https://npc.collegeboard.org/app/peirce,private_nonprofit,city,22,False,False,False,,,,,,,,,,,,,799.0,13.0,,10.0,50660.0,18660.0,15060.0,15060.0,12148.0,,52.8,,,Peirce College
153366,001866,Graceland University-Lamoni,Lamoni,IA,50140,40.615966,-93.924893,https://www.graceland.edu/,https://www.graceland.edu/admissions-aid/tuition-financial-aid/tuition-and-fees/net-price-calculator/,private_nonprofit,rural,18,False,False,False,99.0,80.8,not_considered,,,,,,,,,,798.0,12.0,55.0,41.9,47361.0,48294.0,20950.0,20950.0,18504.0,15875.0,49.2,,http://commons.wikimedia.org/wiki/Special:FilePath/Graceland%20University%20wordmark.svg,Graceland University
203775,003072,Malone University,Canton,OH,44709-3308,40.825662,-81.376863,https://www.malone.edu/,https://www.malone.edu/admissions-and-aid/undergraduate-financial-aid/net-price-calculator/,private_nonprofit,city,19,False,False,False,65.0,75.9,considered_not_required,930.0,1180.0,470.0,590.0,460.0,590.0,1081.0,18.0,24.0,798.0,14.0,75.6,45.0,48909.0,49754.0,37160.0,37160.0,20948.0,13290.0,32.5,http://commons.wikimedia.org/wiki/Special:FilePath/Blossom%20Mitchell.jpg,,Malone University
174862,002383,Crown College,Saint Bonifacius,MN,55375-9001,44.885393,-93.743019,https://www.crown.edu/,https://www.crown.edu/cost-aid/net-price-calculator,private_nonprofit,rural,19,False,False,False,34.0,22.8,not_considered,,,,,,,,,,796.0,15.0,69.8,45.4,48057.0,46598.0,31410.0,31410.0,26672.0,24270.0,24.4,http://commons.wikimedia.org/wiki/Special:FilePath/Campus%20Fall%202018-8.jpg,http://commons.wikimedia.org/wiki/Special:FilePath/Crown%20college%20logo.png,Crown College
214652,003329,Pennsylvania State University-Penn State Scranton,Dunmore,PA,18512-1602,41.439843,-75.621401,https://scranton.psu.edu/,https://tuition.psu.edu/student-tuition-calculators,public,suburb,-2,False,False,False,,98.5,considered_not_required,1100.0,1270.0,560.0,650.0,540.0,620.0,1190.0,,,793.0,11.0,79.3,39.3,63435.0,27862.0,15208.0,25392.0,17910.0,14322.0,41.8,,,Penn State Scranton
170967,002288,Rochester Christian University,Rochester Hills,MI,48307,42.667521,-83.144959,https://rcu.edu/,https://rcu.edu/admissions/net-price-calculator/,private_nonprofit,suburb,22,False,False,False,74.0,97.7,not_considered,,,,,,,,,,792.0,13.0,59.6,44.1,48707.0,41787.0,29196.0,29196.0,21456.0,18463.0,30.9,,,Rochester College
216357,003376,Thiel College,Greenville,PA,16125-2181,41.41354,-80.384383,https://www.thiel.edu/,https://npc.collegeboard.org/app/thiel,private_nonprofit,town,22,False,False,False,39.0,71.5,not_considered,,,,,,,,,,788.0,12.0,73.3,48.7,49714.0,53202.0,38344.0,38344.0,22347.0,17247.0,40.8,,http://commons.wikimedia.org/wiki/Special:FilePath/Thiel%20College%20Wordmark%20%28Oct.%20%2718%29.png,Thiel College
221953,003527,Tusculum University,Greeneville,TN,37743,36.172435,-82.760818,https://www.tusculum.edu/,https://site.tusculum.edu/financial-aid/initial-cost/np-calculator/,private_nonprofit,town,19,False,False,False,66.0,72.2,not_considered,,,,,,,,,,785.0,18.0,62.9,25.4,44367.0,43776.0,29250.0,29250.0,21131.0,20766.0,46.4,,http://commons.wikimedia.org/wiki/Special:FilePath/TusculumUniv%20Logo.png,Tusculum University
102234,001041,Spring Hill College,Mobile,AL,36608-1780,30.694751,-88.138199,https://www.shc.edu/,https://www.shc.edu/admissions-aid/tuition-financial-aid/net-price-calculator/,private_nonprofit,city,22,False,False,False,30.0,76.6,considered_not_required,,,,,,,1120.0,17.0,29.0,782.0,11.0,70.2,52.1,51500.0,39936.0,24054.0,24054.0,20449.0,15598.0,31.6,http://commons.wikimedia.org/wiki/Special:FilePath/Spring%20Hill%20College%20Quad%2001.JPG,,Spring Hill College
183822,002617,Bloomfield College of Montclair State University,Bloomfield,NJ,07003,40.795105,-74.194309,https://www.bloomfield.edu/,https://montclair.clearcostcalculator.com/student/default/netpricecalculator/survey,public,suburb,21,False,False,False,,69.7,considered_not_required,,,,,,,,,,781.0,12.0,59.4,38.1,61415.0,42035.0,15912.0,26022.0,28014.0,24168.0,70.4,http://commons.wikimedia.org/wiki/Special:FilePath/Bloomfield%20Historic%20District%20-%20Bloomfield%20College%2C%201%20Park%20Place%2001.jpg,,Bloomfield College
181297,006404,Nebraska Methodist College of Nursing & Allied Health,Omaha,NE,68114-2852,41.265973,-96.048511,https://www.methodistcollege.edu/,https://www.methodistcollege.edu/admissions/tuition-and-fees/net-price-calculator,private_nonprofit,city,26,False,False,False,71.0,73.4,not_considered,,,,,,,,,,781.0,13.0,85.7,59.5,65071.0,32835.0,17885.0,17885.0,21863.0,17272.0,30.9,,,Nebraska Methodist College
230816,003682,Bennington College,Bennington,VT,05201-6003,42.919547,-73.237799,https://www.bennington.edu/,https://www.bennington.edu/admissions/apply/financing-your-education/tuition-and-fees/net-price-calculator,private_nonprofit,town,21,False,False,False,,44.5,considered_not_required,1291.0,1403.0,703.0,750.0,588.0,653.0,1364.0,30.0,32.0,780.0,9.0,82.0,71.2,38289.0,87284.0,66262.0,66262.0,30947.0,18480.0,25.3,http://commons.wikimedia.org/wiki/Special:FilePath/Bennington%20College.jpg,http://commons.wikimedia.org/wiki/Special:FilePath/Bennington%20College%20logo.jpg,Bennington College
125897,001343,Woodbury University,Burbank,CA,91504-1052,34.208011,-118.341147,https://woodbury.edu/,https://woodbury.edu/admissions/tuition-and-fees/cost-of-attendance/,private_nonprofit,city,20,False,False,False,,81.7,not_considered,,,,,,,,,,779.0,13.0,74.0,60.0,65668.0,58010.0,47056.0,47056.0,33692.0,28815.0,46.2,http://commons.wikimedia.org/wiki/Special:FilePath/Julius%20Schulman%20Institute%20%28Woodbury%20University%29.jpg,,Woodbury University
203128,003049,Hiram College,Hiram,OH,44234-0067,41.3107,-81.143981,https://www.hiram.edu/,https://www.hiram.edu/admissions-aid/financial-aid/net-price-calculator/,private_nonprofit,rural,22,False,False,False,,93.5,not_considered,,,,,,,,,,777.0,11.0,71.9,54.5,54311.0,40572.0,27600.0,27600.0,21058.0,16550.0,31.7,http://commons.wikimedia.org/wiki/Special:FilePath/Hiramkennedycenterfront.jpg,http://commons.wikimedia.org/wiki/Special:FilePath/Hiram%20college%20ohio%20logo.png,Hiram College
215114,003351,Cairn University-Langhorne,Langhorne,PA,19047-2990,40.165809,-74.909509,https://www.cairn.edu/,https://cairn.edu/admissions/undergrad/aid/#calculator,private_nonprofit,suburb,19,False,False,False,,88.2,considered_not_required,1000.0,1160.0,540.0,590.0,460.0,570.0,1110.0,,,775.0,11.0,76.6,59.7,44172.0,46233.0,34009.0,34009.0,27642.0,24029.0,32.0,http://commons.wikimedia.org/wiki/Special:FilePath/Philadelphia%20Biblical%20University.jpg,http://commons.wikimedia.org/wiki/Special:FilePath/Cairn%20univ%20textlogo.png,Cairn University
139630,001563,Emmanuel University,Franklin Springs,GA,30639,34.283641,-83.14822,https://eu.edu/,https://eu.edu/admissions/aid/calculator/,private_nonprofit,rural,22,False,False,False,47.0,74.0,not_considered,,,,,,,,,,775.0,11.0,70.9,42.3,38208.0,37604.0,25500.0,25500.0,20925.0,17735.0,28.7,,,Emmanuel College
150668,001799,Goshen College,Goshen,IN,46526-4794,41.563582,-85.827795,https://www.goshen.edu/,https://www.goshen.edu/admissions-aid/financial-aid/calculator,private_nonprofit,city,22,False,False,False,69.0,84.1,considered_not_required,880.0,1110.0,440.0,550.0,440.0,560.0,950.0,,,773.0,9.0,80.1,65.0,51943.0,48449.0,38890.0,38890.0,14493.0,12761.0,35.8,,,Goshen College
182634,002572,Colby-Sawyer College,New London,NH,03257-7835,43.411663,-71.975805,https://www.colby-sawyer.edu/,https://colbysawyer.clearcostcalculator.com/student/default/netpricecalculator/survey,private_nonprofit,rural,22,False,False,False,,80.1,not_considered,,,,,,,,,,771.0,10.0,76.7,57.5,46474.0,38527.0,19125.0,19125.0,27431.0,22456.0,22.8,http://commons.wikimedia.org/wiki/Special:FilePath/ColbySawyer-ColgateHall.jpg,http://commons.wikimedia.org/wiki/Special:FilePath/Colby%20sawyer%20logo%20motto.png,Colby–Sawyer College
213303,003280,Keystone College,La Plume,PA,18440-0200,41.558969,-75.777456,https://www.keystone.edu/,https://web.keystone.edu/netprice/index.html,private_nonprofit,suburb,22,False,False,False,,84.8,considered_not_required,,,,,,,,,,771.0,12.0,57.2,35.9,44976.0,32071.0,18300.0,18300.0,22051.0,21925.0,41.8,http://commons.wikimedia.org/wiki/Special:FilePath/KCLogo.png,,Keystone College
219639,034403,Baptist Health Sciences University,Memphis,TN,38104,35.138415,-90.027501,https://www.baptistu.edu/,https://www.baptistu.edu/sites/default/files/netpricecalculator/npcalc.htm,private_nonprofit,city,26,False,False,False,54.0,82.0,required,,,,,,,1050.0,17.0,22.0,770.0,6.0,52.6,39.8,72529.0,22227.0,13796.0,13796.0,11212.0,6354.0,45.4,,,Baptist College of Health Sciences
225201,010509,Hallmark University,San Antonio,TX,78251,29.466862,-98.685754,https://www.hallmark.edu/,https://hallmark.edu/net-price-calculator/npcalc2.html,private_nonprofit,city,22,False,False,False,,51.3,considered_not_required,,,,,,,,,,769.0,15.0,74.1,66.3,40183.0,,,,12513.0,10662.0,52.7,,,
107558,001094,University of the Ozarks,Clarksville,AR,72830,35.476278,-93.467221,https://ozarks.edu/,https://ozarks.edu/admissions-aid/costs-and-aid/costs-of-attendance/net-price-calculator/,private_nonprofit,town,22,False,False,False,66.0,59.5,considered_not_required,1020.0,1160.0,530.0,590.0,490.0,570.0,1105.0,20.0,25.0,767.0,14.0,68.6,51.5,44384.0,38666.0,25950.0,25950.0,17360.0,14664.0,39.8,http://commons.wikimedia.org/wiki/Special:FilePath/U%20of%20O%20Walker%20Hall.jpg,http://commons.wikimedia.org/wiki/Special:FilePath/UofO%20Color-GreyBack.png,University of the Ozarks
217998,003432,Erskine College,Due West,SC,29639,34.332087,-82.39095,https://www.erskine.edu/,https://erskine.studentaidcalculator.com/survey.aspx,private_nonprofit,rural,17,False,False,False,81.0,62.7,not_considered,,,,,,,,,,766.0,15.0,55.8,45.2,53459.0,55248.0,36710.0,36710.0,16525.0,14555.0,46.8,http://commons.wikimedia.org/wiki/Special:FilePath/Alumnae%20Memorial%20Hall%20at%20Erskine%20College%20-%20Ca.%201912.jpg,http://commons.wikimedia.org/wiki/Special:FilePath/Erskine%20College%20wordmark.svg,Erskine College
476717,041928,Be'er Yaakov Talmudic Seminary,Spring Valley,NY,10977,41.1382062,-74.029573,https://www.byts.edu/,https://www.byts.edu/price-calculator,private_nonprofit,suburb,24,False,False,False,,,,,,,,,,,,,765.0,19.0,98.3,58.8,17360.0,19858.0,12300.0,12300.0,4543.0,4122.0,92.2,,,
219204,004057,National American University-Rapid City,Rapid City,SD,57702,44.061498,-103.286487,https://www.national.edu/locations/campuses/rapid-city/,https://www.national.edu/net-price-calculator/,private_for_profit,city,17,False,False,False,,,,,,,,,,,,,764.0,6.0,33.3,0.0,37325.0,34452.0,16065.0,16065.0,31062.0,31062.0,57.1,,,National American University
125763,001342,Whittier College,Whittier,CA,90601,33.978773,-118.032299,https://www.whittier.edu/,https://www.whittier.edu/financialaid/npc,private_nonprofit,suburb,21,False,False,False,,80.8,not_considered,,,,,,,,,,764.0,8.0,66.2,60.0,59492.0,63664.0,51350.0,51350.0,25757.0,21718.0,33.9,http://commons.wikimedia.org/wiki/Special:FilePath/Whittier%20College%20Entrance%20in%20Whittier%20CA.jpg,http://commons.wikimedia.org/wiki/Special:FilePath/Whittier%20college%20textlogo.svg,Whittier College
199032,002948,Montreat College,Montreat,NC,28757-1267,35.646577,-82.2976,https://www.montreat.edu/,https://www.montreat.edu/calculator/,private_nonprofit,suburb,22,False,False,False,42.0,69.2,not_considered,,,,,,,,,,762.0,11.0,58.9,50.3,45151.0,47133.0,36450.0,36450.0,27061.0,23261.0,39.1,,http://commons.wikimedia.org/wiki/Special:FilePath/Montreat%20Logo%20Full%20Color.svg,Montreat College
180522,002533,Montana State University-Northern,Havre,MT,59501,48.54149,-109.687806,https://www.msun.edu/,https://www.msun.edu/stuaffairs/finaid/tuitcalc.htm,public,town,22,False,False,False,,,,,,,,,,,,,761.0,13.0,63.9,41.1,49505.0,16578.0,6982.0,21875.0,12664.0,9940.0,33.1,http://commons.wikimedia.org/wiki/Special:FilePath/Northern%20montana%20college%20postcard%201964.jpg,http://commons.wikimedia.org/wiki/Special:FilePath/Msu%20northern%20univ%20logo.png,Montana State University–Northern
204617,003035,Ohio Dominican University,Columbus,OH,43219,39.992764,-82.940689,https://www.ohiodominican.edu/,https://www.ohiodominican.edu/financial-aid/undergraduate,private_nonprofit,city,19,False,False,False,30.0,94.2,considered_not_required,,,,,,,,,,760.0,12.0,64.0,41.0,51748.0,47621.0,35720.0,35720.0,20079.0,16997.0,36.9,http://commons.wikimedia.org/wiki/Special:FilePath/Ohio%20Dominican%20University%20%28Columbus%2C%20Ohio%29%20-%20Erskine%20Hall.jpg,http://commons.wikimedia.org/wiki/Special:FilePath/Ohio%20dominican%20univ%20textlogo.png,Ohio Dominican University
197285,005208,The College of Westchester,White Plains,NY,10606-1200,41.033687,-73.784404,https://www.cw.edu/,https://success.cw.edu/forms/npcalc/npcalc.html,private_for_profit,city,22,False,False,False,,94.4,not_considered,,,,,,,,,,759.0,19.0,79.3,37.6,42215.0,31660.0,25191.0,25191.0,16296.0,15129.0,62.3,,,The College of Westchester
454856,041483,Denver College of Nursing,Denver,CO,80202,39.75303,-104.994725,https://www.denvercollegeofnursing.edu/,https://www.denvercollegeofnursing.edu/content/dam/denver/compliance/netprice-calc/npcalc-denver_college_of_nursing.htm,private_for_profit,city,26,False,False,False,,,,,,,,,,,,,757.0,13.0,,,81809.0,,,,,,27.4,,,
138275,008848,Warner University,Lake Wales,FL,33859-8797,27.825751,-81.599972,https://www.warner.edu/,https://warner.edu/student-finances/net-price-calculator//,private_nonprofit,rural,20,False,False,False,57.0,42.8,considered_not_required,790.0,1070.0,410.0,540.0,380.0,530.0,932.0,14.0,20.0,756.0,13.0,43.9,42.1,46086.0,41044.0,29992.0,29992.0,19748.0,17853.0,50.9,,,Warner University
141361,001604,Young Harris College,Young Harris,GA,30582,34.933523,-83.84587,https://www.yhc.edu/,https://npc.collegeboard.org/app/yhc,private_nonprofit,rural,21,False,False,False,71.0,62.6,not_considered,,,,,,,,,,755.0,13.0,64.6,41.8,47195.0,48301.0,32305.0,32305.0,22034.0,19721.0,20.4,http://commons.wikimedia.org/wiki/Special:FilePath/Sharp%20Hall%2C%20Young%20Harris%20College%2C%20Young%20Harris%20%28Towns%20County%2C%20Georgia%29.JPG,http://commons.wikimedia.org/wiki/Special:FilePath/Young%20harris%20college%20logo.png,Young Harris College
232043,003708,Eastern Mennonite University,Harrisonburg,VA,22802-2462,38.471134,-78.880326,https://emu.edu/,https://emu.edu/financial-aid/estimator,private_nonprofit,city,19,False,False,False,69.0,100.0,not_considered,,,,,,,,,,754.0,9.0,76.1,67.0,54869.0,56756.0,43920.0,43920.0,24588.0,22994.0,32.7,http://commons.wikimedia.org/wiki/Special:FilePath/Eastern%20Mennonite%20University%20Campus%20Center%20Building.jpg,http://commons.wikimedia.org/wiki/Special:FilePath/Emu%20virginia%20logo.png,Eastern Mennonite University
191676,002734,Houghton University,Houghton,NY,14744,42.426137,-78.155426,https://www.houghton.edu/,https://admission.houghton.edu/register/calculator,private_nonprofit,rural,21,False,False,False,89.0,88.7,considered_not_required,1170.0,1375.0,600.0,695.0,570.0,680.0,1284.0,26.0,31.0,753.0,12.0,84.0,65.2,46721.0,31143.0,18430.0,18430.0,20519.0,19147.0,28.5,http://commons.wikimedia.org/wiki/Special:FilePath/Wesley%20Chapel.jpg,http://commons.wikimedia.org/wiki/Special:FilePath/Houghton%20univ%20logotype.png,Houghton University
118693,001236,Menlo College,Atherton,CA,94027-4301,37.453475,-122.190797,https://www.menlo.edu/,https://www.shoppingsheet.com/shopping/landing/118693--menlo college,private_nonprofit,suburb,29,False,False,False,,68.5,not_considered,,,,,,,,,,752.0,14.0,69.9,53.5,76419.0,72020.0,53630.0,53630.0,31100.0,25546.0,31.1,,http://commons.wikimedia.org/wiki/Special:FilePath/Menlo-college-logo-horizontal.jpg,Menlo College
489353,006385,Chamberlain University-California,Rancho Cordova,CA,95670,38.596193,-121.278258,https://www.chamberlain.edu/,https://www.chamberlain.edu/admissions/financial-aid-scholarships/calculator,private_for_profit,city,26,False,False,False,,80.0,considered_not_required,,,,,,,,,,751.0,7.0,100.0,,92405.0,37232.0,21271.0,21271.0,36559.0,35887.0,33.4,,,
213358,003987,La Roche University,Pittsburgh,PA,15237-5898,40.568615,-80.014851,https://www.laroche.edu/,https://www.laroche.edu/financial_aid/net_price_calculator/,private_nonprofit,suburb,20,False,False,False,30.0,75.8,considered_not_required,940.0,1200.0,480.0,600.0,460.0,600.0,1055.0,15.0,22.0,751.0,11.0,68.8,57.2,52341.0,47111.0,34052.0,34052.0,20794.0,16152.0,10.1,,http://commons.wikimedia.org/wiki/Special:FilePath/La%20roche%20univ%20logo.png,La Roche University
107600,001103,Philander Smith University,Little Rock,AR,72202-3799,34.737131,-92.283015,https://www.philander.edu/,https://www.philander.edu/admissions/paying-for-college/net-price-calculator,private_nonprofit,city,22,True,False,False,71.0,,,,,,,,,,,,751.0,11.0,65.7,30.4,38427.0,28136.0,13014.0,13014.0,14224.0,13393.0,67.8,http://commons.wikimedia.org/wiki/Special:FilePath/U.M.%20Rose%20School.JPG,,Philander Smith University
178208,002485,Midwestern Baptist Theological Seminary,Kansas City,MO,64118-4697,39.185691,-94.573185,https://www.mbts.edu/,https://www.mbts.edu/future-students/cost-and-aid/costs-calculator/,private_nonprofit,city,24,False,False,False,75.0,96.4,not_considered,,,,,,,,,,747.0,17.0,81.5,48.3,50535.0,29080.0,10120.0,10120.0,23006.0,19818.0,30.1,http://commons.wikimedia.org/wiki/Special:FilePath/MidwesternBaptistTheologicalSeminary.jpg,http://commons.wikimedia.org/wiki/Special:FilePath/Logo-mbts2.png,Midwestern Baptist Theological Seminary
217776,003422,Southern Wesleyan University,Central,SC,29630-1020,34.728068,-82.761586,https://www.swu.edu/,https://www.swu.edu/campus/financial-aid/net-price-calculator/,private_nonprofit,suburb,20,False,False,False,89.0,99.5,considered_not_required,1040.0,1210.0,530.0,620.0,510.0,590.0,1140.0,22.0,28.0,747.0,10.0,69.0,52.4,47756.0,39914.0,29800.0,29800.0,15464.0,14084.0,43.1,http://commons.wikimedia.org/wiki/Special:FilePath/Correll%20Hall.jpg,http://commons.wikimedia.org/wiki/Special:FilePath/South%20wesleyan%20univ%20logo.png,Southern Wesleyan University
117168,023305,Laguna College of Art and Design,Laguna Beach,CA,92651,33.561448,-117.772564,https://www.lcad.edu/,https://www.lcad.edu/net-price-calculator/,private_nonprofit,rural,30,False,False,False,,94.3,not_considered,,,,,,,,,,746.0,9.0,84.2,51.7,47867.0,57989.0,37500.0,37500.0,42505.0,37203.0,29.9,,,Laguna College of Art and Design
157863,001988,Union Commonwealth University,Barbourville,KY,40906-1499,36.870875,-83.888477,https://www.unionky.edu/,https://www.unionky.edu/admissions-aid/cost-aid,private_nonprofit,town,20,False,False,False,71.0,63.1,considered_not_required,,,,,,,980.0,15.0,22.0,746.0,14.0,63.8,32.1,42002.0,44322.0,30946.0,30946.0,21311.0,12214.0,52.7,http://commons.wikimedia.org/wiki/Special:FilePath/Old%20Classroom%20Building%2C%20Union%20College.jpg,http://commons.wikimedia.org/wiki/Special:FilePath/Union%20comm%20univ%20orangelogo.png,Union Commonwealth University
141237,001597,Truett McConnell University,Cleveland,GA,30528,34.596306,-83.748911,https://truett.edu/,https://tcc.ruffalonl.com/truett mcconnell university/net price calculator,private_nonprofit,rural,22,False,False,False,75.0,78.3,not_considered,,,,,,,,,,744.0,15.0,67.0,37.8,46700.0,39152.0,26792.0,26792.0,22227.0,21274.0,10.2,,http://commons.wikimedia.org/wiki/Special:FilePath/The%20logo%20for%20Truett-McConnell%20College%202014-05-09%2011-21.jpg,Truett-McConnell University
220473,003495,Johnson University,Knoxville,TN,37998,35.937193,-83.750273,https://johnsonu.edu/,https://johnsonu.edu/admissions/tuition/#net-price-calc,private_nonprofit,rural,19,False,False,False,48.0,65.1,considered_not_required,960.0,1110.0,490.0,570.0,470.0,540.0,1078.0,18.0,24.0,743.0,12.0,69.4,56.8,40596.0,34244.0,21122.0,21122.0,22063.0,17246.0,38.7,,,Johnson University
153126,001852,Clarke University,Dubuque,IA,52001-3198,42.509475,-90.690487,https://www.clarke.edu/,https://www.clarke.edu/wp-content/uploads/npcalc.htm,private_nonprofit,city,17,False,False,False,30.0,71.8,considered_not_required,900.0,1160.0,430.0,570.0,470.0,590.0,1054.0,16.0,24.0,742.0,9.0,67.3,56.1,55396.0,55782.0,40910.0,40910.0,24479.0,23405.0,36.7,,,Clarke University
174154,009621,Herzing University-Minneapolis,St. Louis Park,MN,55426,44.975225,-93.404863,https://www.herzing.edu/,https://www.herzing.edu/tuition-financial-aid/net-price-calculator,private_nonprofit,city,26,False,False,False,,93.8,not_considered,,,,,,,,,,740.0,15.0,69.6,46.7,36909.0,26163.0,13450.0,13450.0,16670.0,15304.0,56.7,,,
169327,002246,Cleary University,Howell,MI,48843,42.586638,-83.879987,https://www.cleary.edu/,https://www.cleary.edu/admissions/financial-aid/net-price-calculator/,private_nonprofit,suburb,29,False,False,False,,67.5,not_considered,,,,,,,,,,738.0,18.0,65.8,41.5,54186.0,39718.0,26102.0,26102.0,22143.0,18046.0,29.9,,,Cleary University
220598,003499,Lane College,Jackson,TN,38301-4598,35.627378,-88.806535,https://www.lanecollege.edu/,https://www.lanecollege.edu/financial-aid-tuition/net-price-calculator,private_nonprofit,city,21,True,False,False,55.0,,,,,,,,,,,,736.0,15.0,44.3,18.4,31670.0,23441.0,11790.0,11790.0,10904.0,10904.0,78.6,http://commons.wikimedia.org/wiki/Special:FilePath/LANE%20COLLEGE%20HISTORIC%20DISTRICT%2C%20JACKSON%2C%20MADISON%20COUNTY%2C%20TN.jpg,,Lane College
438586,021136,American InterContinental University-Atlanta,Atlanta,GA,30328,33.938779,-84.354907,https://www.aiuniv.edu/online-campus/campus-locations/atlanta,https://www.aiuniv.edu/tuition-financial-aid/net-price-calculator,private_for_profit,city,19,False,False,False,,,,,,,,,,,,,734.0,8.0,14.3,20.8,36144.0,23743.0,13527.0,13527.0,16482.0,16482.0,81.2,,,American InterContinental University - Atlanta Campus
200226,002993,Mayville State University,Mayville,ND,58257-1299,47.505415,-97.322554,https://www.mayvillestate.edu/,https://www.mayvillestate.edu/paying-school/cost-calculator,public,rural,22,False,False,False,,,,,,,,,,,,,733.0,14.0,80.7,40.6,47828.0,20657.0,7979.0,11237.0,11456.0,5971.0,27.4,,,Mayville State University
436818,001417,University of Connecticut-Waterbury Campus,Waterbury,CT,06702,41.555617,-73.039242,https://waterbury.uconn.edu/,https://financialaid.uconn.edu/pricecalc/,public,city,-2,False,False,False,,86.7,required,910.0,1200.0,480.0,600.0,430.0,600.0,1060.0,,,733.0,20.0,77.8,52.7,73997.0,22933.0,18140.0,40808.0,10875.0,5604.0,51.6,,,
241331,010724,Albizu University-San Juan,San Juan,PR,00902-3711,18.466573,-66.113908,https://www.albizu.edu/,https://www.albizu.edu/wp-content/uploads/netpricecalculator/san_juan/npcalc.htm,private_nonprofit,city,26,False,False,False,,100.0,not_considered,,,,,,,,,,728.0,20.0,82.4,67.0,41544.0,18382.0,8505.0,8505.0,9732.0,8880.0,68.8,http://commons.wikimedia.org/wiki/Special:FilePath/Carlos%20Albizu%20University%2C%20San%20Juan%20Campus%20-%20Buildings%20in%20Old%20San%20Juan%2C%20Puerto%20Rico%20-%20DSC06952.JPG,http://commons.wikimedia.org/wiki/Special:FilePath/Albizu-Logo50Aniv-InglesHorizontal-01.png,Carlos Albizu University
173452,002361,Martin Luther College,New Ulm,MN,56073-3965,44.30526,-94.472326,https://www.mlc-wels.edu/,https://www.mlc-wels.edu/static/netpricecalc/npcalc.htm,private_nonprofit,town,32,False,False,False,33.0,87.2,considered_not_required,,,,,,,1090.0,21.0,28.0,725.0,10.0,84.7,71.5,47491.0,29250.0,18120.0,18120.0,18463.0,11233.0,27.1,http://commons.wikimedia.org/wiki/Special:FilePath/OldMainMLC.jpg,http://commons.wikimedia.org/wiki/Special:FilePath/MLC-Logo.svg,Martin Luther College
122296,007012,Samuel Merritt University,Oakland,CA,94609,37.82029,-122.266331,https://www.samuelmerritt.edu/,,private_nonprofit,city,26,False,False,False,,,,,,,,,,,,,718.0,5.0,,,143238.0,,,,,,18.4,http://commons.wikimedia.org/wiki/Special:FilePath/Samuel%20Merritt%20University%201.jpg,http://commons.wikimedia.org/wiki/Special:FilePath/Samuel%20Merritt%20University%20seal.jpg,Samuel Merritt University
217925,003429,Columbia International University,Columbia,SC,29203-1513,34.07551,-81.07443,https://www.ciu.edu/,https://www.ciu.edu/cost-aid/cost-estimator/,private_nonprofit,city,19,False,False,False,,94.5,considered_not_required,,,,,,,,,,716.0,13.0,53.3,46.8,38951.0,43045.0,27900.0,27900.0,26036.0,21955.0,34.2,,,Columbia International University
170000,002265,Grace Christian University,Wyoming,MI,49509,42.919541,-85.692077,https://www.gracechristian.edu/,https://gracechristian.edu/wp-content/uploads/2024/04/index-edit.html,private_nonprofit,city,22,False,False,False,79.0,99.2,not_considered,,,,,,,,,,716.0,15.0,65.2,51.0,41663.0,26166.0,18690.0,18690.0,12404.0,9538.0,46.9,,,Grace Christian University
225548,003575,Howard Payne University,Brownwood,TX,76801-2794,31.716467,-98.985204,https://www.hputx.edu/,https://www.hputx.edu/campus-offices/financial-aid/net-price-calculator-external/,private_nonprofit,town,22,False,False,False,54.0,67.4,considered_not_required,880.0,1160.0,440.0,610.0,440.0,550.0,1026.0,16.0,27.0,713.0,10.0,51.7,28.0,48376.0,46766.0,34982.0,34982.0,23627.0,24043.0,44.3,,,Howard Payne University
167288,002187,Massachusetts College of Liberal Arts,North Adams,MA,01247-4100,42.691361,-73.102817,https://www.mcla.edu/,https://www.mcla.edu/admission-aid/paying-for-college/financial-aid/calculator_2023.inc,public,town,21,False,False,False,,89.7,not_considered,,,,,,,,,,713.0,8.0,75.7,55.6,48102.0,26026.0,12436.0,21381.0,16068.0,9845.0,41.3,http://commons.wikimedia.org/wiki/Special:FilePath/MCLA-MurdockHall.jpg,,Massachusetts College of Liberal Arts
201821,006489,The Christ College of Nursing and Health Sciences,Cincinnati,OH,45219-2989,39.121821,-84.509564,https://www.thechristcollege.edu/,https://npc.collegeboard.org/app/thechristcollege,private_nonprofit,city,26,False,False,False,,58.9,considered_not_required,,,,,,,1090.0,15.0,25.0,713.0,11.0,69.1,55.7,68303.0,28094.0,16836.0,16836.0,18378.0,17255.0,34.9,,,
229887,003669,Wiley University,Marshall,TX,75670,32.537641,-94.376814,https://wileyc.edu/,https://npc.collegeboard.org/student/app/wileyc,private_nonprofit,town,22,True,False,False,71.0,,,,,,,,,,,,712.0,18.0,49.6,24.2,33159.0,19097.0,12500.0,12500.0,7092.0,6137.0,78.9,http://commons.wikimedia.org/wiki/Special:FilePath/Thirkield%20Hall%2C%20Wiley%20College%2C%20Marshall%2C%20TX%20IMG%202359.JPG,,Wiley University
174437,002369,North Central University,Minneapolis,MN,55404-1391,44.968625,-93.261511,https://www.northcentral.edu/,https://www.northcentral.edu/financial-aid/net-price-calculator,private_nonprofit,city,22,False,False,False,27.0,99.0,not_considered,,,,,,,,,,709.0,14.0,82.2,66.3,45064.0,44475.0,32220.0,32220.0,25817.0,20450.0,42.6,http://commons.wikimedia.org/wiki/Special:FilePath/North%20Central%20University.jpg,http://commons.wikimedia.org/wiki/Special:FilePath/North%20central%20univ%20blue%20textlogo.png,North Central University
163578,002065,Notre Dame of Maryland University,Baltimore,MD,21210-2476,39.350612,-76.619739,https://www.ndm.edu/,https://www.ndm.edu/admissions-aid/financial-aid/financial-aid-calculator,private_nonprofit,city,18,False,False,True,30.0,82.2,not_considered,,,,,,,,,,709.0,9.0,72.8,50.0,65344.0,59320.0,43360.0,43360.0,19169.0,11843.0,36.4,,http://commons.wikimedia.org/wiki/Special:FilePath/Notre%20dame%20md%20univ%20textlogo.png,Notre Dame of Maryland University
190983,002718,Elmira College,Elmira,NY,14901,42.0961,-76.813459,https://www.elmira.edu/,https://www.elmira.edu/affordability/tuition-aid-resources/net-price-calculator,private_nonprofit,city,22,False,False,False,,77.0,considered_not_required,1090.0,1385.0,568.0,694.0,522.0,691.0,1314.0,26.0,29.0,708.0,11.0,69.8,64.7,57550.0,52449.0,38976.0,38976.0,22386.0,17392.0,37.9,http://commons.wikimedia.org/wiki/Special:FilePath/Elmira%20College%20entry%20gate.jpg,http://commons.wikimedia.org/wiki/Special:FilePath/Elmira%20College%20logo.svg,Elmira College
198598,002930,Greensboro College,Greensboro,NC,27401-1875,36.071082,-79.800232,https://www.greensboro.edu/,https://greensboro.studentaidcalculator.com/welcome.aspx,private_nonprofit,city,20,False,False,False,71.0,70.1,not_considered,,,,,,,,,,708.0,10.0,65.9,46.2,46566.0,35165.0,21000.0,21000.0,17882.0,13877.0,46.1,http://commons.wikimedia.org/wiki/Special:FilePath/Greensboro%20College%20-%20Main%20Building.jpg,http://commons.wikimedia.org/wiki/Special:FilePath/Greensboro%20college%20nc%20logo.png,Greensboro College
146339,001700,Judson University,Elgin,IL,60123-1498,42.061754,-88.291336,https://www.judsonu.edu/,https://www.shoppingsheet.com/shopping/landing/judsonu,private_nonprofit,city,20,False,False,False,54.0,47.6,considered_not_required,816.0,1118.0,423.0,550.0,393.0,568.0,1039.0,16.0,24.0,708.0,10.0,59.2,59.9,56313.0,43137.0,31360.0,31360.0,18558.0,15701.0,38.7,http://commons.wikimedia.org/wiki/Special:FilePath/1%20Judson%20U.jpg,,Judson University
199865,002979,Warren Wilson College,Swannanoa,NC,28778-2099,35.610328,-82.442619,https://www.warren-wilson.edu/,https://wwc.wbnpc.com/,private_nonprofit,rural,21,False,False,False,,71.3,considered_not_required,,,,,,,1350.0,25.0,29.0,707.0,12.0,70.9,42.0,36260.0,56966.0,41500.0,41500.0,21249.0,13566.0,39.6,http://commons.wikimedia.org/wiki/Special:FilePath/Warren%20wilson%20college%20farm.jpg,http://commons.wikimedia.org/wiki/Special:FilePath/Wwilson%20college%20textlogo.png,Warren Wilson College
102270,001044,Stillman College,Tuscaloosa,AL,35401,33.200006,-87.585278,https://stillman.edu/,https://stillman.edu/financial-aid/financial-aid-net-price-calculator/,private_nonprofit,city,22,True,False,False,66.0,62.3,not_considered,,,,,,,,,,706.0,13.0,52.8,25.0,35421.0,26107.0,12126.0,12126.0,15258.0,14804.0,76.3,,,Stillman College
174127,002365,Minneapolis College of Art and Design,Minneapolis,MN,55404,44.956988,-93.274705,https://mcad.edu/,https://mcad.edu/net-tuition-calculator-first-year-students,private_nonprofit,city,30,False,False,False,,48.5,considered_not_required,1130.0,1340.0,600.0,710.0,530.0,630.0,1161.0,21.0,29.0,705.0,12.0,74.6,51.2,40873.0,59972.0,45484.0,45484.0,29926.0,23662.0,42.1,,,Minneapolis College of Art and Design
169363,003842,Concordia University Ann Arbor,Ann Arbor,MI,48105,42.273157,-83.68268,https://www.cuaa.edu/,https://www.cuaa.edu/netpricecalc,private_nonprofit,city,20,False,False,False,68.0,69.2,considered_not_required,,,,,,,,,,702.0,21.0,44.6,47.6,56075.0,51853.0,35410.0,35410.0,32811.0,28829.0,24.1,,,Concordia University Ann Arbor
147341,001725,Monmouth College,Monmouth,IL,61462-1998,40.914824,-90.63731,https://www.monmouthcollege.edu/,https://www.monmouthcollege.edu/offices/student-financial-planning/cost-calculator/,private_nonprofit,town,21,False,False,False,66.0,90.9,considered_not_required,1000.0,1210.0,500.0,620.0,500.0,590.0,1128.0,20.0,27.0,702.0,9.0,74.4,64.6,51110.0,57157.0,44922.0,44922.0,17133.0,12483.0,37.1,http://commons.wikimedia.org/wiki/Special:FilePath/Monmouth%20College%20-%20Wallace%20Hall.jpg,http://commons.wikimedia.org/wiki/Special:FilePath/Monmouth%20college%20textlogo.png,Monmouth College
453215,001459,Strayer University-New Jersey,Piscataway,NJ,08854,40.554506,-74.474974,https://www.strayer.edu/campus-locations/new-jersey/piscataway,https://strayer.aidcalc.cloud/netprice.htm,private_for_profit,suburb,-2,False,False,False,,,,,,,,,,,,,702.0,47.0,,0.0,40092.0,,13920.0,13920.0,,,68.0,,,
102298,001046,Talladega College,Talladega,AL,35160,33.433472,-86.112704,https://www.talladega.edu/,https://www.talladega.edu/netcalc/npcalc.htm,private_nonprofit,town,22,True,False,False,76.0,85.4,not_considered,,,,,,,,,,701.0,17.0,54.4,30.9,32229.0,25185.0,15650.0,15650.0,15560.0,12835.0,66.6,,,Talladega College
232089,003711,Ferrum College,Ferrum,VA,24088-9000,36.926431,-80.020614,https://www.ferrum.edu/,https://www.ferrum.edu/financial-aid/net-price-calculator/,private_nonprofit,rural,22,False,False,False,71.0,89.0,considered_not_required,,,,,,,,,,699.0,11.0,64.1,31.9,44296.0,54526.0,28520.0,28520.0,20082.0,16940.0,54.3,http://commons.wikimedia.org/wiki/Special:FilePath/Britt%20Hall%2C%20Ferrum%20College.jpg,http://commons.wikimedia.org/wiki/Special:FilePath/Ferrum%20college%20logo.png,Ferrum College
219198,003465,Mount Marty University,Yankton,SD,57078-3724,42.874475,-97.409904,https://www.mountmarty.edu/,https://www.mountmarty.edu/tuition-and-aid/net-price-calculator/,private_nonprofit,town,20,False,False,False,30.0,42.6,considered_not_required,,,,,,,1120.0,18.0,25.0,697.0,12.0,67.6,52.4,48179.0,48247.0,34600.0,34600.0,22227.0,19564.0,22.4,,,Mount Marty University
458885,001459,Strayer University-Arkansas,Little Rock,AR,72201,34.745489,-92.271192,https://www.strayer.edu/campus-locations/arkansas/little-rock,https://strayer.aidcalc.cloud/netprice.htm,private_for_profit,city,22,False,False,False,,,,,,,,,,,,,695.0,47.0,,,40092.0,,13920.0,13920.0,,,89.7,,,
454245,006385,Chamberlain University-Arizona,Phoenix,AZ,85027,33.670583,-112.100547,https://www.chamberlain.edu/,https://www.chamberlain.edu/admissions/financial-aid-scholarships/calculator,private_for_profit,city,26,False,False,False,,90.9,considered_not_required,,,,,,,,,,693.0,10.0,66.7,50.0,92405.0,45594.0,20785.0,20785.0,40096.0,,46.9,,,
130989,001429,Goldey-Beacom College,Wilmington,DE,19808,39.741501,-75.689624,https://www.gbc.edu/,https://www.gbc.edu/admissions-aid/financial-aid/undergraduate/cost-and-affordability/,private_nonprofit,suburb,18,False,False,False,,84.5,not_considered,,,,,,,,,,691.0,18.0,71.8,57.4,59892.0,26502.0,14940.0,14940.0,15554.0,11367.0,37.9,,http://commons.wikimedia.org/wiki/Special:FilePath/Goldey%20beacom%20college%20logo.png,Goldey–Beacom College
204848,003100,Ohio University-Lancaster Campus,Lancaster,OH,43130-1037,39.738752,-82.586069,https://www.ohio.edu/lancaster/,https://npc.collegeboard.org/app/ohio,public,rural,6,False,False,False,,,,,,,,,,,,,691.0,16.0,50.3,14.4,52581.0,10984.0,6362.0,9444.0,5650.0,3375.0,11.8,,,
239628,003884,Ripon College,Ripon,WI,54971-0248,43.844135,-88.842333,https://www.ripon.edu/,https://www.ripon.edu/admission/calculator/,private_nonprofit,town,21,False,False,False,,79.8,considered_not_required,980.0,1270.0,510.0,680.0,470.0,590.0,1176.0,21.0,27.0,688.0,12.0,72.3,63.3,54902.0,63540.0,51900.0,51900.0,20216.0,15712.0,33.8,http://commons.wikimedia.org/wiki/Special:FilePath/Smith%20Hall%2C%20Ripon%20College.jpg,,Ripon College
158477,002003,Centenary College of Louisiana,Shreveport,LA,71104,32.483335,-93.730834,https://www.centenary.edu/,https://www.centenary.edu/admission/tuition-aid/net-price-calculator/,private_nonprofit,city,21,False,False,False,71.0,55.7,considered_not_required,1060.0,1210.0,530.0,600.0,530.0,610.0,1144.0,20.0,25.0,685.0,8.0,70.2,56.2,50330.0,60620.0,41200.0,41200.0,23624.0,19493.0,44.8,http://commons.wikimedia.org/wiki/Special:FilePath/Magale%20Library%2C%20Centenary%20College%20IMG%201373.JPG,http://commons.wikimedia.org/wiki/Special:FilePath/Centenary%20College.png,Centenary College of Louisiana
210331,001339,Corban University,Salem,OR,97317-9392,44.882399,-122.961129,https://www.corban.edu/,https://npc.collegeboard.org/student/app/corban,private_nonprofit,city,20,False,False,False,54.0,93.9,not_considered,,,,,,,,,,678.0,17.0,77.7,60.6,48917.0,52019.0,40280.0,40280.0,28035.0,20555.0,25.0,http://commons.wikimedia.org/wiki/Special:FilePath/Corban%20College%20clock%20tower%20valley%20view.JPG,,Corban University
206835,003151,Oklahoma Wesleyan University,Bartlesville,OK,74006-6299,36.717453,-95.95671,https://www.okwu.edu/,https://www.okwu.edu/net-price-calculator/,private_nonprofit,town,20,False,False,False,89.0,66.2,not_considered,,,,,,,,,,673.0,15.0,50.0,34.8,59841.0,44743.0,33550.0,33550.0,28358.0,25011.0,29.2,,,Oklahoma Wesleyan University
159568,002007,Louisiana Christian University,Pineville,LA,71359,31.324528,-92.425973,https://www.lcuniversity.edu/,https://lcuniversity.edu/campus-life/financial-aid/net-price-calculator/,private_nonprofit,suburb,20,False,False,False,75.0,77.2,not_considered,,,,,,,,,,672.0,10.0,52.4,43.9,51700.0,33791.0,20266.0,20266.0,13113.0,13203.0,43.1,http://commons.wikimedia.org/wiki/Special:FilePath/Alexandria%20Hall%2C%20Louisiana%20College%20IMG%201100.JPG,http://commons.wikimedia.org/wiki/Special:FilePath/Louisiana%20christian%20univ%20wordmark.png,Louisiana Christian University
219091,003461,Dakota Wesleyan University,Mitchell,SD,57301-4398,43.697432,-98.031188,https://www.dwu.edu/,https://www.dwu.edu/Net-Price-Calculator,private_nonprofit,town,22,False,False,False,71.0,73.4,not_considered,,,,,,,,,,670.0,12.0,75.1,48.3,53728.0,43864.0,33790.0,33790.0,19735.0,15251.0,27.1,,,Dakota Wesleyan University
150455,001793,Earlham College,Richmond,IN,47374-4095,39.823431,-84.915037,https://earlham.edu/,https://www.shoppingsheet.com/Shopping/School/150455,private_nonprofit,town,21,False,False,False,65.0,73.1,considered_not_required,1110.0,1290.0,570.0,660.0,540.0,630.0,1219.0,24.0,33.0,670.0,7.0,77.2,69.0,50797.0,67684.0,53930.0,53930.0,24714.0,17178.0,24.4,http://commons.wikimedia.org/wiki/Special:FilePath/Earlham%20Cupola.jpg,http://commons.wikimedia.org/wiki/Special:FilePath/Earlham%20College%20wordmark.svg,Earlham College
206349,003134,Ursuline College,Pepper Pike,OH,44124,41.497035,-81.465118,https://www.ursuline.edu/,https://www.ursuline.edu/inc/net-price-calculator.html,private_nonprofit,suburb,19,False,False,False,30.0,74.9,considered_not_required,1006.0,1133.0,523.0,578.0,483.0,555.0,1097.0,20.0,26.0,670.0,8.0,70.2,66.7,56878.0,50523.0,38990.0,38990.0,16164.0,13134.0,43.0,http://commons.wikimedia.org/wiki/Special:FilePath/Diane%20Strano%20ursuline%204.jpg,http://commons.wikimedia.org/wiki/Special:FilePath/Ursuline%20College%20logo%20blue.svg,Ursuline College
173142,002337,Bethany Lutheran College,Mankato,MN,56001,44.166649,-93.990805,https://www.blc.edu/,https://www.blc.edu/net-price-calculator,private_nonprofit,city,21,False,False,False,99.0,39.0,considered_not_required,1040.0,1180.0,550.0,580.0,490.0,600.0,1150.0,21.0,26.0,669.0,12.0,72.0,54.9,46110.0,41013.0,31360.0,31360.0,20148.0,12571.0,22.5,,,Bethany Lutheran College
380438,023608,Provo College,Provo,UT,84601,40.245294,-111.68431,https://www.provocollege.edu/,https://provocollege.edu/financial-aid-admissions/net-price-calculator/,private_for_profit,city,26,False,False,False,,,,,,,,,,,,,669.0,37.0,66.7,51.3,39645.0,30099.0,16548.0,16548.0,27053.0,,31.1,http://commons.wikimedia.org/wiki/Special:FilePath/Provo%20College%20%2837720941975%29.jpg,,Provo College
214829,003329,Pennsylvania State University-Penn State York,York,PA,17403-3326,39.95283,-76.703486,https://york.psu.edu/,https://tuition.psu.edu/student-tuition-calculators,public,suburb,-2,False,False,False,,97.4,considered_not_required,1050.0,1245.0,530.0,620.0,520.0,625.0,1140.0,22.0,28.0,668.0,14.0,76.8,16.3,63435.0,27826.0,15208.0,25392.0,19047.0,11582.0,30.2,,,Penn State York
199272,002953,William Peace University,Raleigh,NC,27604-1194,35.789139,-78.637697,https://www.peace.edu/,https://www.peace.edu/admissions/understand-costs-and-financial-aid/traditional-undergraduate/,private_nonprofit,city,22,False,False,False,66.0,94.2,considered_not_required,1080.0,1225.0,545.0,630.0,535.0,595.0,1170.0,22.0,27.0,666.0,13.0,73.6,44.8,46643.0,49362.0,34176.0,34176.0,21649.0,15779.0,34.2,http://commons.wikimedia.org/wiki/Special:FilePath/Peace-College-20080321.jpeg,http://commons.wikimedia.org/wiki/Special:FilePath/Peace%20university%20textlogo.png,William Peace University
232308,003715,Hollins University,Roanoke,VA,24020,37.354201,-79.943277,https://www.hollins.edu/,https://web1.hollins.edu/finaidcalc/fac/default.aspx,private_nonprofit,suburb,21,False,False,True,,68.0,considered_not_required,1150.0,1340.0,610.0,700.0,540.0,640.0,1230.0,,,665.0,8.0,74.0,64.6,40075.0,58698.0,43560.0,43560.0,20896.0,17511.0,39.4,http://commons.wikimedia.org/wiki/Special:FilePath/Cocke%20building%2C%20Hollins%20University.jpg,,Hollins University
237358,003811,Davis & Elkins College,Elkins,WV,26241-3996,38.931232,-79.846022,https://www.dewv.edu/,https://www.dewv.edu/admissions/afford/financial-aid/calculator/,private_nonprofit,town,22,False,False,False,66.0,94.3,not_considered,,,,,,,,,,661.0,10.0,65.2,39.3,43411.0,44888.0,31820.0,31820.0,18273.0,15999.0,43.3,http://commons.wikimedia.org/wiki/Special:FilePath/Davis%20and%20Elkins%20Liberal%20Arts%20Hall.jpg,http://commons.wikimedia.org/wiki/Special:FilePath/Daviselkins%20college%20logo.png,Davis & Elkins College
233301,003734,Randolph College,Lynchburg,VA,24503-1555,37.437315,-79.171887,https://www.randolphcollege.edu/,https://www.randolphcollege.edu/financialaid/net-price-calculator/,private_nonprofit,city,21,False,False,False,,93.7,considered_not_required,1100.0,1210.0,550.0,620.0,550.0,590.0,1134.0,19.0,26.0,658.0,8.0,74.5,46.4,53409.0,45040.0,30310.0,30310.0,15921.0,13048.0,45.8,http://commons.wikimedia.org/wiki/Special:FilePath/Randolph%20Macon%20Main%20Hall%20Nov%2008-1.JPG,,Randolph College
199306,002955,Pfeiffer University,Misenheimer,NC,28109-0960,35.484696,-80.283168,https://www.pfeiffer.edu/,https://www.pfeiffer.edu/admissions/financial-aid,private_nonprofit,rural,19,False,False,False,71.0,96.0,not_considered,,,,,,,,,,655.0,11.0,72.3,35.0,51562.0,45542.0,35070.0,35070.0,19076.0,16167.0,50.8,http://commons.wikimedia.org/wiki/Special:FilePath/Rowe%20Hall%201.jpg,http://commons.wikimedia.org/wiki/Special:FilePath/Pfeiffer%20univ%20logo.png,Pfeiffer University
486938,006385,Chamberlain University-Nevada,Las Vegas,NV,89144,36.185176,-115.313525,https://www.chamberlain.edu/,https://www.chamberlain.edu/admissions/financial-aid-scholarships/calculator,private_for_profit,city,26,False,False,False,,76.5,considered_not_required,,,,,,,,,,652.0,15.0,75.0,20.0,92405.0,33051.0,19975.0,19975.0,27073.0,25080.0,48.5,,,
106342,001088,Lyon College,Batesville,AR,72501,35.777619,-91.625354,https://www.lyon.edu/,https://app.virtueanalytics.com/npc/lyon/home/step/0,private_nonprofit,town,21,False,False,False,66.0,62.8,not_considered,,,,,,,,,,648.0,11.0,71.3,46.8,44232.0,44978.0,31000.0,31000.0,19616.0,16084.0,40.6,http://commons.wikimedia.org/wiki/Special:FilePath/LyonBuilding.jpg,http://commons.wikimedia.org/wiki/Special:FilePath/Lyon%20college%20textlogo.png,Lyon College
161563,002052,Thomas College,Waterville,ME,04901-5097,44.524909,-69.664734,https://www.thomas.edu/,https://www.thomas.edu/admissions-aid/tuition-fees/net-price-calculator/,private_nonprofit,town,20,False,False,False,,96.3,not_considered,,,,,,,,,,647.0,20.0,77.5,53.7,44991.0,47198.0,31824.0,31824.0,18885.0,12655.0,18.1,,http://commons.wikimedia.org/wiki/Special:FilePath/Official%20Thomas%20College%20logo%202023.png,Thomas College
236133,003783,Northwest University,Kirkland,WA,98083-0579,47.657945,-122.192763,https://www.northwestu.edu/,https://www.northwestu.edu/financial-aid/net-price-calculator,private_nonprofit,suburb,19,False,False,False,27.0,83.2,considered_not_required,1040.0,1350.0,540.0,700.0,500.0,650.0,1150.0,,,645.0,9.0,83.9,70.8,54914.0,50501.0,36035.0,36035.0,22288.0,17996.0,25.3,,,Northwest University
150774,007263,Holy Cross College,Notre Dame,IN,46556-0308,41.698996,-86.253822,https://www.hcc-nd.edu/,https://www.hcc-nd.edu/net-price-calculator/,private_nonprofit,suburb,21,False,False,False,30.0,75.2,not_considered,,,,,,,,,,639.0,13.0,70.4,72.9,50416.0,50881.0,36600.0,36600.0,26728.0,15377.0,29.8,,,Holy Cross College
176406,002439,Tougaloo College,Tougaloo,MS,39174,32.403014,-90.16076,https://www.tougaloo.edu/,https://www.tougaloo.edu/admissions/office-student-financial-aid/net-price-calculator,private_nonprofit,city,21,True,False,False,76.0,59.9,not_considered,,,,,,,,,,639.0,9.0,83.2,33.1,34724.0,24239.0,12407.0,12407.0,17043.0,17294.0,62.7,http://commons.wikimedia.org/wiki/Special:FilePath/99-StriebyHall.jpg,,Tougaloo College
179946,002523,Westminster College,Fulton,MO,65251-1299,38.849354,-91.955273,https://www.wcmo.edu/,https://www.wcmo.edu/admissions-aid/costs-financial-aid/net-price-calculator.html,private_nonprofit,town,21,False,False,False,66.0,79.2,considered_not_required,990.0,1250.0,480.0,630.0,510.0,620.0,1118.0,19.0,24.0,638.0,9.0,71.0,55.5,52199.0,51532.0,35214.0,35214.0,24314.0,24543.0,38.3,http://commons.wikimedia.org/wiki/Special:FilePath/Westminster%20Hall%20on%20Westminster%20College%20Campus%2C%20Fulton%20MO.jpg,http://commons.wikimedia.org/wiki/Special:FilePath/Westminster%20college%20miss%20textlogo.svg,Westminster College
484844,,Minerva University,San Francisco,CA,94103,37.782711,-122.408039,https://www.minerva.edu/,https://www.minerva.edu/undergraduate-program/tuition-aid/,private_nonprofit,city,-2,False,False,False,,3.0,not_considered,,,,,,,,,,637.0,14.0,98.0,,,,23630.0,23630.0,,,0.0,http://commons.wikimedia.org/wiki/Special:FilePath/Minerva%20University.Azejpg.svg,,Minerva University
140234,001578,LaGrange College,Lagrange,GA,30240-2999,33.038564,-85.043113,https://www.lagrange.edu/,https://www.lagrange.edu/ADMISSIONS/cost-and-aid/net-price-calculator.html,private_nonprofit,town,22,False,False,False,71.0,62.1,not_considered,,,,,,,,,,636.0,13.0,67.2,46.9,51745.0,49681.0,35400.0,35400.0,20875.0,20764.0,43.1,http://commons.wikimedia.org/wiki/Special:FilePath/Academic%20Quadrangle.jpg,http://commons.wikimedia.org/wiki/Special:FilePath/LaGrange%20College%20Wordmark.png,LaGrange College
492801,002461,Drury University-College of Continuing Professional Studies,Springfield,MO,65802,37.219681,-93.286192,https://www.drury.edu/go/,https://tcc.ruffalonl.com/Drury University/Freshman-Students,private_nonprofit,city,22,False,False,False,61.0,,,,,,,,,,,,632.0,13.0,50.0,43.2,40694.0,19698.0,8054.0,8054.0,10566.0,9291.0,64.1,,,
238193,003832,Alverno College,Milwaukee,WI,53234-3922,42.982842,-87.965174,https://www.alverno.edu/,https://www.alverno.edu/NPC,private_nonprofit,city,18,False,False,True,30.0,85.7,not_considered,,,,,,,,,,631.0,13.0,61.0,49.2,53145.0,51362.0,34086.0,34086.0,22540.0,22032.0,45.1,http://commons.wikimedia.org/wiki/Special:FilePath/Alverno%20college%20postcard.jpg,http://commons.wikimedia.org/wiki/Special:FilePath/Alverno%20college%20logo.svg,Alverno College
239390,003869,Mount Mary University,Milwaukee,WI,53222-4597,43.072507,-88.030732,https://www.mtmary.edu/,https://www.mtmary.edu/costs-aid/financial-aid/index.html,private_nonprofit,city,18,False,False,True,30.0,62.3,considered_not_required,,,,,,,1020.0,18.0,21.0,631.0,9.0,67.2,43.0,48745.0,49270.0,35420.0,35420.0,20144.0,18155.0,59.4,http://commons.wikimedia.org/wiki/Special:FilePath/Mount%20Mary%20University%20Wisconsin%2001.jpg,,Mount Mary University
486947,006385,Chamberlain University-Michigan,Troy,MI,48084,42.557063,-83.150571,https://www.chamberlain.edu/,https://www.chamberlain.edu/admissions/financial-aid-scholarships/calculator,private_for_profit,city,26,False,False,False,,85.7,considered_not_required,,,,,,,,,,629.0,9.0,60.0,100.0,92405.0,33910.0,20785.0,20785.0,28045.0,27832.0,49.9,,,
152992,001846,Briar Cliff University,Sioux City,IA,51104,42.526443,-96.428444,https://www.briarcliff.edu/,https://www.briarcliff.edu/filesimages/future chargers/financial aid/costs and financial aid/net-price-calculator.html,private_nonprofit,city,17,False,False,False,30.0,,,,,,,,,,,,624.0,10.0,64.2,47.5,54475.0,51493.0,36956.0,36956.0,23907.0,17764.0,53.2,,,Briar Cliff University
492759,006385,Chamberlain University-Louisiana,Jefferson,LA,70121,29.962307,-90.152655,https://www.chamberlain.edu/,https://www.chamberlain.edu/admissions/financial-aid-scholarships/calculator,private_for_profit,suburb,-2,False,False,False,,100.0,considered_not_required,,,,,,,,,,622.0,15.0,85.7,,92405.0,38480.0,19975.0,19975.0,30791.0,29210.0,39.9,,,
180832,009862,Clarkson College,Omaha,NE,68131-2739,41.259165,-95.974847,https://www.clarksoncollege.edu/,https://www.clarksoncollege.edu/netpricecalculator/npcdefault.htm,private_nonprofit,city,26,False,False,False,50.0,78.2,not_considered,,,,,,,,,,622.0,10.0,60.9,46.7,64876.0,24670.0,16104.0,16104.0,19241.0,,40.1,http://commons.wikimedia.org/wiki/Special:FilePath/Clarkson%20College.JPG,,Clarkson College
204671,003090,Ohio State University-Lima Campus,Lima,OH,45804,40.738521,-84.02384,https://lima.osu.edu/,https://sfa.osu.edu/incoming-freshmen/about-aid/net-price-calculator,public,rural,22,False,False,False,,,,,,,,,,,,,621.0,17.0,42.3,22.7,60409.0,19487.0,9488.0,36266.0,12940.0,9805.0,29.5,,http://commons.wikimedia.org/wiki/Special:FilePath/OSU-Lima-Stacked-RGBHEX.png,"Ohio State University, Lima Campus"
227429,003602,Paul Quinn College,Dallas,TX,75241,32.678837,-96.755778,https://paulquinn.edu/,https://paulquinn.clearcostcalculator.com/student/default/netpricecalculator/survey,private_nonprofit,city,22,True,False,False,51.0,40.3,not_considered,,,,,,,,,,620.0,20.0,49.0,26.9,29288.0,23587.0,13498.0,13498.0,12709.0,11443.0,67.3,,,Paul Quinn College
214810,003329,Pennsylvania State University-Penn State Schuylkill,Schuylkill Haven,PA,17972-2202,40.640512,-76.166374,https://schuylkill.psu.edu/,https://tuition.psu.edu/student-tuition-calculators,public,town,-2,False,False,False,,96.6,considered_not_required,1020.0,1230.0,520.0,630.0,500.0,600.0,1130.0,,,620.0,14.0,78.2,31.9,63435.0,30065.0,15208.0,25392.0,19659.0,14657.0,40.5,,,Penn State Schuylkill
164368,041432,Hult International Business School,Cambridge,MA,02141,42.369968,-71.070645,https://www.hult.edu/,https://hult.formstack.com/forms/bba_net_price_calculator,private_nonprofit,city,29,False,False,False,,60.5,not_considered,,,,,,,,,,618.0,10.0,80.2,66.7,,79075.0,57160.0,57160.0,45447.0,43305.0,7.3,http://commons.wikimedia.org/wiki/Special:FilePath/Hult%27s%20Boston%20Campus%20%28cropped%29.png,http://commons.wikimedia.org/wiki/Special:FilePath/HULT%20IBS%20Logo%20Outline%20Black%20%28cropped%29.png,Hult International Business School
211608,003317,Cheyney University of Pennsylvania,Cheyney,PA,19319-0200,39.932274,-75.529262,https://www.cheyney.edu/,https://app.meadowfi.com/cheyney,public,rural,21,True,False,False,,,,,,,,,,,,,617.0,15.0,68.5,40.6,37837.0,26782.0,10904.0,18870.0,14265.0,13585.0,66.0,,,Cheyney University of Pennsylvania
446640,039483,Harrisburg University of Science and Technology,Harrisburg,PA,17101-2208,40.26193,-76.880261,https://www.harrisburgu.edu/,https://www.harrisburgu.edu/netprice/,private_nonprofit,city,18,False,False,False,,87.4,not_considered,,,,,,,,,,615.0,18.0,73.9,33.9,52374.0,35893.0,24400.0,24400.0,15376.0,12637.0,47.3,http://commons.wikimedia.org/wiki/Special:FilePath/Downtown%20Harrisburg%2C%20Pennsylvania%20Harrisburg%20University%20banner.jpg,,Harrisburg University of Science and Technology
237181,003808,Bethany College,Bethany,WV,26032,40.205819,-80.560056,https://www.bethanywv.edu/,https://www.bethanywv.edu/admissions-aid/cost-of-attendance/net-price-calculator/,private_nonprofit,rural,21,False,False,False,61.0,58.8,not_considered,,,,,,,,,,614.0,12.0,53.8,46.8,44512.0,50758.0,36765.0,36765.0,18605.0,14315.0,51.2,http://commons.wikimedia.org/wiki/Special:FilePath/Grand%20entrance%20to%20Bethany%20College%20in%20Bethany%2C%20West%20Virginia%20LCCN2015632061.tif,http://commons.wikimedia.org/wiki/Special:FilePath/Bethany%20college%20textlogo.png,Bethany College
231554,003703,Bluefield University,Bluefield,VA,24605,37.244557,-81.246233,https://www.bluefield.edu/,https://www.bluefield.edu/bluefield-central/financial-aid/tuition-fees/net-price-calculator/,private_nonprofit,town,19,False,False,False,54.0,59.3,not_considered,,,,,,,,,,614.0,14.0,61.5,17.8,48896.0,42539.0,26770.0,26770.0,25573.0,25807.0,51.4,,http://commons.wikimedia.org/wiki/Special:FilePath/Bluefield%20univ%20textlogo.png,Bluefield University
228884,003638,Texas College,Tyler,TX,75702,32.37456,-95.312454,https://www.texascollege.edu/,https://www.nces.ed.gov/ipeds/netpricecalculator/,private_nonprofit,city,22,True,False,False,55.0,,,,,,,,,,,,614.0,17.0,34.0,13.8,33752.0,20339.0,10008.0,10008.0,10958.0,9639.0,83.8,,,Texas College
461795,041795,North American University,Stafford,TX,77477-0000,29.646303,-95.588338,https://www.na.edu/,https://www.na.edu/financial-aid/cost-of-attendance/,private_nonprofit,suburb,19,False,False,False,,,,,,,,,,,,,609.0,17.0,46.0,31.6,,27981.0,15436.0,15436.0,18721.0,18720.0,45.4,,,North American University
243823,023053,Parker University,Dallas,TX,75229-5668,32.880335,-96.893564,https://www.parker.edu/,https://www.parker.edu/netprice/index.php,private_nonprofit,city,18,False,False,False,,,,,,,,,,,,,607.0,8.0,50.0,74.1,42091.0,42167.0,17893.0,17893.0,29135.0,26817.0,50.0,,,Parker University
440916,002025,Southern University Law Center,Baton Rouge,LA,70813,30.523898,-91.194417,https://www.sulc.edu/,https://www.sulc.edu/,public,city,31,True,False,False,,,,,,,,,,,,,607.0,21.0,60.5,,43371.0,,,,,,,,,Southern University Law Center
414878,001839,Trine University-Regional/Non-Traditional Campuses,Angola,IN,46703,41.632502,-85.008009,https://trine.edu/online/index.aspx,https://www.trine.edu/admission-aid/tuition-aid/trine-net-price-calculator.aspx,private_nonprofit,town,19,False,False,False,,39.9,not_considered,,,,,,,,,,607.0,13.0,100.0,0.0,57165.0,26786.0,7176.0,7176.0,15788.0,,18.0,,,
198303,002916,Chowan University,Murfreesboro,NC,27855,36.436258,-77.099141,https://www.chowan.edu/,https://npc.collegeboard.org/app/chowan,private_nonprofit,rural,22,False,False,False,75.0,68.8,not_considered,,,,,,,,,,603.0,15.0,70.8,29.9,38412.0,39027.0,27910.0,27910.0,14086.0,13726.0,56.6,http://commons.wikimedia.org/wiki/Special:FilePath/Mcdowell%20at%20chowan.jpg,http://commons.wikimedia.org/wiki/Special:FilePath/Chowan%20univ%20textlogo.png,Chowan University
197142,002896,Villa Maria College,Buffalo,NY,14225-3999,42.91223,-78.796823,https://www.villa.edu/,https://www.villa.edu/admissions/financial-aid/tuition/npc/,private_nonprofit,city,22,False,False,False,30.0,86.6,not_considered,,,,,,,,,,603.0,10.0,76.5,31.4,38857.0,36335.0,28670.0,28670.0,13494.0,13049.0,64.8,http://commons.wikimedia.org/wiki/Special:FilePath/Main%20Building%2C%20Villa%20Maria%20College%2C%20Cheektowaga%2C%20New%20York%20-%2020211130.jpg,,Villa Maria College
178679,022027,Ozark Christian College,Joplin,MO,64801,37.103172,-94.510622,https://www.occ.edu/,https://npc.collegeboard.org/app/ozark,private_nonprofit,city,24,False,False,False,48.0,93.6,not_considered,,,,,,,,,,602.0,17.0,83.5,63.6,41297.0,28485.0,16000.0,16000.0,20580.0,17900.0,42.5,,,Ozark Christian College
451404,041155,Talmudical Seminary of Bobov,Brooklyn,NY,11219,40.634485,-73.995378,https://www.independentrabbinicalcolleges.org/,https://sites.google.com/site/talmudicalseminaryofbobov/,private_nonprofit,city,24,False,False,False,80.0,97.9,not_considered,,,,,,,,,,602.0,15.0,68.7,39.2,22432.0,19000.0,13200.0,13200.0,2840.0,1852.0,96.9,,,
161235,002041,University of Maine at Fort Kent,Fort Kent,ME,04743-1292,47.250389,-68.589319,https://www.umfk.maine.edu/,https://www.umfk.edu/admissions/financialaid/basics/,public,rural,22,False,False,False,,97.9,not_considered,,,,,,,,,,599.0,21.0,89.3,39.4,51077.0,18703.0,9420.0,14880.0,7482.0,8163.0,15.0,,,University of Maine at Fort Kent
498049,031150,Arizona College of Nursing-Southfield,Southfield,MI,48033-7157,42.48156,-83.260202,https://www.arizonacollege.edu/,https://www.arizonacollege.edu/admissions/financial-aid/net-price-calculator,private_for_profit,city,-2,False,False,False,,100.0,not_considered,,,,,,,,,,594.0,20.0,75.0,,34657.0,42280.0,24944.0,24944.0,38786.0,36842.0,66.2,,,
496326,021785,Eagle Gate College-Boise Campus,Boise,ID,83709-2505,43.59091,-116.298572,https://www.eaglegatecollege.edu/,https://www.eaglegatecollege.edu/financial-aid-admissions/net-price-calculator/,private_for_profit,city,-2,False,False,False,,,,,,,,,,,,,594.0,26.0,56.2,,37518.0,35847.0,19068.0,19068.0,30241.0,29464.0,34.6,,,
233356,010043,Bon Secours Memorial College of Nursing,Richmond,VA,23227-1149,37.646698,-77.433569,https://www.bsmcon.edu/,https://www.bsmcon.edu/net-price-calculator,private_nonprofit,suburb,26,False,False,False,30.0,,,,,,,,,,,,591.0,10.0,,,77014.0,,,,,,27.5,,http://commons.wikimedia.org/wiki/Special:FilePath/Bon%20Secours%20Memorial%20College%20of%20Nursing%20logo.png,Bon Secours Memorial College of Nursing
238078,003831,Wheeling University,Wheeling,WV,26003,40.070873,-80.690804,https://www.wheeling.edu/,https://www.wheeling.edu/admissions/financial-aid/net-price-calculator/,private_nonprofit,city,19,False,False,False,30.0,63.2,not_considered,,,,,,,,,,589.0,15.0,53.7,23.3,57949.0,42504.0,29875.0,29875.0,20503.0,17739.0,31.6,http://commons.wikimedia.org/wiki/Special:FilePath/DonahueHall%20WJU.jpg,http://commons.wikimedia.org/wiki/Special:FilePath/Wheeling%20university%20logo.png,Wheeling University
494162,031150,Arizona College of Nursing-Dallas,Dallas,TX,75243-1200,32.923106,-96.75999,https://www.arizonacollege.edu/,https://www.arizonacollege.edu/admissions/financial-aid/net-price-calculator/,private_for_profit,city,-2,False,False,False,,100.0,not_considered,,,,,,,,,,588.0,20.0,68.8,,34657.0,43045.0,23987.0,23987.0,38488.0,36554.0,63.6,,,
133809,001482,Florida College,Temple Terrace,FL,33617,28.034936,-82.383289,https://www.floridacollege.edu/,https://www.floridacollege.edu/admissions/financial-aid/net-price-calculator,private_nonprofit,suburb,23,False,False,False,108.0,69.7,required,930.0,1220.0,480.0,630.0,450.0,590.0,1108.0,19.0,25.0,588.0,14.0,75.6,54.0,43445.0,34870.0,20360.0,20360.0,23931.0,20494.0,23.1,,,Florida College
199759,002963,Southeastern Baptist Theological Seminary,Wake Forest,NC,27587-1889,35.981858,-78.513755,https://www.judsoncollege.com/,https://www.judsoncollege.com/admissions/cost-estimator.aspx,private_nonprofit,suburb,17,False,False,False,75.0,74.6,considered_not_required,1000.0,1250.0,540.0,660.0,460.0,590.0,1127.0,21.0,24.0,585.0,9.0,84.6,58.1,,22632.0,11318.0,11318.0,13090.0,18587.0,18.9,,,Southeastern Baptist Theological Seminary
157757,001960,Spalding University,Louisville,KY,40203-2188,38.242407,-85.757725,https://www.spalding.edu/,https://npc.spalding.edu/,private_nonprofit,city,18,False,False,False,30.0,99.5,considered_not_required,875.0,1038.0,440.0,513.0,435.0,525.0,977.0,15.0,22.0,583.0,9.0,64.0,51.7,49438.0,45530.0,29200.0,29200.0,25491.0,20509.0,35.8,http://commons.wikimedia.org/wiki/Special:FilePath/Spalding%20university.jpg,http://commons.wikimedia.org/wiki/Special:FilePath/Spalding%20univ%20logo.png,Spalding University
201371,003016,Bluffton University,Bluffton,OH,45817-2104,40.895606,-83.899439,https://www.bluffton.edu/,https://www.bluffton.edu/admissions/financialaid/calculator.html,private_nonprofit,rural,22,False,False,False,69.0,67.2,considered_not_required,860.0,1130.0,430.0,550.0,430.0,580.0,976.0,16.0,22.0,582.0,11.0,59.6,52.9,49547.0,51862.0,37362.0,37362.0,19943.0,16363.0,44.7,http://commons.wikimedia.org/wiki/Special:FilePath/HPIM1151%20%2899721297%29.jpg,http://commons.wikimedia.org/wiki/Special:FilePath/Bluffton%20univ%20textlogo.svg,Bluffton University
220604,003501,Le Moyne-Owen College,Memphis,TN,38126-6595,35.118641,-90.034101,https://www.loc.edu/,https://www.loc.edu/net-price-calculator/,private_nonprofit,city,22,True,False,False,78.0,99.2,not_considered,,,,,,,,,,581.0,10.0,47.2,27.0,35594.0,19001.0,12076.0,12076.0,7099.0,6393.0,67.3,,,LeMoyne–Owen College
194392,002795,Paul Smiths College of Arts and Science,Paul Smiths,NY,12970-0265,44.433965,-74.252675,https://www.paulsmiths.edu/,https://www.paulsmiths.edu/cost-aid/tuition-fees/net-price-calculator/,private_nonprofit,rural,22,False,False,False,,76.5,not_considered,,,,,,,,,,579.0,12.0,75.2,50.5,46145.0,51506.0,33009.0,33009.0,26683.0,16732.0,36.2,,,Paul Smith's College
225885,003637,Jarvis Christian University,Hawkins,TX,75765-1470,32.587942,-95.181513,https://www.jarvis.edu/,https://www.collegeforalltexans.com/apps/CollegeMoney/,private_nonprofit,rural,22,True,False,False,61.0,,,,,,,,,,,,577.0,10.0,47.6,15.2,32992.0,25185.0,11720.0,11720.0,9825.0,11606.0,58.8,,,Jarvis Christian University
217624,003417,Allen University,Columbia,SC,29204,34.010348,-81.020045,https://www.allenuniversity.edu/,https://allenuniversity.edu/cost-of-attendance-net-price-calculator,private_nonprofit,city,21,True,False,False,51.0,72.5,not_considered,,,,,,,,,,576.0,12.0,45.0,13.3,30497.0,23998.0,14304.0,14304.0,10972.0,10553.0,76.5,http://commons.wikimedia.org/wiki/Special:FilePath/Chappelle%20Administration%20Building%2C%20Allen%20University%20%28Columbia%29.jpg,,Allen University
228468,003619,Southwestern Adventist University,Keene,TX,76059,32.397617,-97.32702,https://www.swau.edu/,https://swau.edu/admissions-aid/determine-cost,private_nonprofit,town,22,False,False,False,95.0,78.4,considered_not_required,910.0,1200.0,465.0,610.0,445.0,590.0,1031.0,17.0,25.0,570.0,12.0,72.7,52.3,52946.0,35592.0,25380.0,25380.0,22778.0,16725.0,42.1,http://commons.wikimedia.org/wiki/Special:FilePath/SWAU%20Library.jpg,,Southwestern Adventist University
154721,001904,Bethany College,Lindsborg,KS,67456-1897,38.580598,-97.67367,https://www.bethanylb.edu/,https://www.bethanylb.edu/net-price-calculator,private_nonprofit,rural,22,False,False,False,39.0,56.0,not_considered,,,,,,,,,,569.0,12.0,42.5,35.7,49694.0,53738.0,33000.0,33000.0,27686.0,22561.0,48.2,http://commons.wikimedia.org/wiki/Special:FilePath/Bethany%20College%20in%20Lindsborg%20Kansas%20KS%20USA.jpg,http://commons.wikimedia.org/wiki/Special:FilePath/Bethany%20college%20ks%20textlogo.svg,Bethany College
456959,003969,University of Minnesota-Rochester,Rochester,MN,55904,44.022339,-92.463471,https://r.umn.edu/,https://www.shoppingsheet.com/shopping/landing/umn-rochester,public,city,26,False,False,False,,71.0,considered_not_required,950.0,1380.0,460.0,690.0,490.0,690.0,1183.0,21.0,29.0,568.0,13.0,70.4,57.4,69020.0,28904.0,15016.0,15016.0,13744.0,6116.0,36.0,,,University of Minnesota Rochester
124292,023580,Thomas Aquinas College,Santa Paula,CA,93060,34.429009,-119.087141,https://thomasaquinas.edu/,https://thomasaquinas.edu/admission/net-price-calculator-financial-aid-calculator,private_nonprofit,rural,21,False,False,False,30.0,83.1,required,1220.0,1400.0,640.0,730.0,580.0,670.0,1329.0,28.0,33.0,566.0,11.0,91.6,84.3,55619.0,43426.0,30200.0,30200.0,26196.0,19761.0,26.7,http://commons.wikimedia.org/wiki/Special:FilePath/Thomas%20Aquinas%20Chapel%20Facade.jpg,,Thomas Aquinas College
120537,001252,Hope International University,Fullerton,CA,92831-3199,33.87616,-117.88573,https://www.hiu.edu/,https://www.hiu.edu/undergrad/finaid/,private_nonprofit,suburb,19,False,False,False,48.0,33.0,considered_not_required,840.0,1220.0,420.0,570.0,420.0,650.0,1020.0,,,564.0,13.0,52.4,49.4,49697.0,51784.0,38050.0,38050.0,29310.0,27991.0,44.3,,http://commons.wikimedia.org/wiki/Special:FilePath/HIU-%20Logo.PNG,Hope International University
495448,031150,Arizona College of Nursing-Tucson,Tucson,AZ,85711,32.22113,-110.880434,https://www.arizonacollege.edu/,https://www.arizonacollege.edu/admissions/financial-aid/net-price-calculator/,private_for_profit,city,-2,False,False,False,,100.0,not_considered,,,,,,,,,,562.0,20.0,50.0,,34657.0,41932.0,24944.0,24944.0,37136.0,35127.0,60.5,,,
214795,003329,Pennsylvania State University-Penn State Mont Alto,Mont Alto,PA,17237-9700,39.842212,-77.541797,https://montalto.psu.edu/,https://tuition.psu.edu/student-tuition-calculators,public,rural,-2,False,False,False,,98.2,considered_not_required,980.0,1300.0,500.0,650.0,480.0,650.0,1160.0,,,559.0,10.0,82.9,33.7,63435.0,28841.0,14408.0,24134.0,19454.0,15811.0,26.8,,,Penn State Mont Alto
156189,001951,Alice Lloyd College,Pippa Passes,KY,41844,37.335087,-82.875068,https://www.alc.edu/,https://www.alc.edu/wp-content/uploads/2025/06/index.html,private_nonprofit,rural,22,False,False,False,,75.2,considered_not_required,710.0,960.0,380.0,500.0,330.0,460.0,1015.0,16.0,22.0,558.0,15.0,56.6,38.9,40573.0,31200.0,13960.0,13960.0,18600.0,17444.0,58.3,,,Alice Lloyd College
460871,006385,Chamberlain University-Virginia,Vienna,VA,22182,38.910459,-77.220505,https://www.chamberlain.edu/,https://www.chamberlain.edu/admissions/financial-aid-scholarships/calculator,private_for_profit,suburb,26,False,False,False,,90.0,considered_not_required,,,,,,,,,,557.0,9.0,100.0,100.0,92405.0,45594.0,20785.0,20785.0,33199.0,33199.0,44.4,,,
186618,002600,Saint Elizabeth University,Morristown,NJ,07960,40.78182,-74.438221,https://www.steu.edu/,https://www.steu.edu/admissions/financial-aid/net-price-calculator,private_nonprofit,suburb,19,False,False,False,30.0,71.0,considered_not_required,,,,,,,,,,557.0,8.0,64.7,51.1,53038.0,53075.0,36741.0,36741.0,23125.0,20379.0,57.9,http://commons.wikimedia.org/wiki/Special:FilePath/Elizabeth%20convent%20mansarded%20bldg%20jeh.jpg,http://commons.wikimedia.org/wiki/Special:FilePath/St%20elizabeth%20univ%20nj%20logo.svg,Saint Elizabeth University
243586,003936,Pontifical Catholic University of Puerto Rico-Mayaguez,Mayaguez,PR,00680-1713,18.182375,-67.145695,https://recintomayaguez.pucpr.edu/,https://recintomayaguez.pucpr.edu/net_price_calculator/,private_nonprofit,city,22,False,False,False,30.0,99.2,considered_not_required,,,,,,,,,,555.0,13.0,78.0,39.9,24908.0,18605.0,6550.0,6550.0,11502.0,11000.0,80.4,,,Pontifical Catholic University of Puerto Rico at Mayagüez
180878,006399,Bryan College of Health Sciences,Lincoln,NE,68506,40.796768,-96.651532,https://www.bryanhealthcollege.edu/bcohs/,https://www.bryanhealthcollege.edu/bcohs/admission/tuition-financial-aid-scholarships/netpricecalculators/npcalc.htm,private_nonprofit,city,26,False,False,False,,67.4,not_considered,,,,,,,,,,553.0,9.0,71.1,70.0,70845.0,32845.0,20640.0,20640.0,26919.0,23196.0,27.9,,,Bryan College of Health Sciences
203544,007035,Kettering College,Kettering,OH,45429-1299,39.695052,-84.192006,https://kc.edu/,https://kc.edu/admissions/student-financial-services/net-price-calculator/,private_nonprofit,city,26,False,False,False,95.0,76.5,considered_not_required,,,,,,,1050.0,19.0,24.0,549.0,9.0,73.5,65.1,67492.0,32839.0,16320.0,16320.0,21650.0,16000.0,24.1,,,Kettering College
175980,002414,Millsaps College,Jackson,MS,39210,32.322746,-90.179957,https://www.millsaps.edu/,https://www.millsaps.edu/admissions/cost-value/,private_nonprofit,city,21,False,False,False,71.0,43.1,considered_not_required,1025.0,1150.0,495.0,575.0,530.0,575.0,1181.0,21.0,28.0,549.0,9.0,58.0,57.1,53848.0,60061.0,44680.0,44680.0,26034.0,24215.0,36.9,http://commons.wikimedia.org/wiki/Special:FilePath/Millsaps%20College.%20%288758699435%29.jpg,http://commons.wikimedia.org/wiki/Special:FilePath/Millsaps%20College.png,Millsaps College
191205,012561,Five Towns College,Dix Hills,NY,11746-5871,40.794506,-73.369348,https://www.ftc.edu/,https://app.meadowfi.com/ftc,private_for_profit,suburb,30,False,False,False,,53.8,not_considered,,,,,,,,,,547.0,11.0,69.7,55.3,35887.0,42458.0,30250.0,30250.0,22992.0,17588.0,34.4,,,Five Towns College
156356,001958,Brescia University,Owensboro,KY,42301-3023,37.769041,-87.111639,https://www.brescia.edu/,https://www.brescia.edu/net-price-calculator/,private_nonprofit,city,22,False,False,False,30.0,35.2,not_considered,,,,,,,,,,545.0,13.0,67.4,53.7,45500.0,44328.0,31550.0,31550.0,8709.0,8977.0,42.6,,,Brescia University
228653,004952,The University of Texas Medical Branch at Galveston,Galveston,TX,77555-0129,29.310758,-94.775956,https://www.utmb.edu/,https://www.utmb.edu/enrollmentservices/resources/studentaccounts/tuition-and-fee-sheets,public,city,27,False,False,False,,,,,,,,,,,,,545.0,10.0,,,92961.0,,,,,,33.6,http://commons.wikimedia.org/wiki/Special:FilePath/UTMB%20seal.jpg,http://commons.wikimedia.org/wiki/Special:FilePath/UTMB%20Health%20RGB.jpg,University of Texas Medical Branch
203757,003069,Lourdes University,Sylvania,OH,43560-2898,41.710009,-83.706108,https://www.lourdes.edu/,https://www.lourdes.edu/costs-financial-aid/net-price-calculator/,private_nonprofit,suburb,20,False,False,False,30.0,74.1,not_considered,,,,,,,,,,543.0,12.0,87.1,32.5,48150.0,45378.0,29500.0,29500.0,23206.0,22220.0,30.0,http://commons.wikimedia.org/wiki/Special:FilePath/Lourdes%20University%20Campus%20Walk.jpg,http://commons.wikimedia.org/wiki/Special:FilePath/Lourdes%20univ%20ohio%20logo.png,Lourdes University
491288,003896,University of Wisconsin-Milwaukee Flex,Milwaukee,WI,53201,43.076848,-87.880488,https://flex.wisconsin.edu/,https://flex.wisconsin.edu/tuition-financial-aid/tuition/net-price-calculator/,public,city,22,False,False,False,,100.0,not_considered,,,,,,,,,,543.0,18.0,,,54990.0,,,,,,18.4,,,
444088,022188,Brookline College-Albuquerque,Albuquerque,NM,87102,35.0894,-106.649835,https://www.brooklinecollege.edu/,https://enroll-brookline.educationpartners.com/npc?null=null#null,private_for_profit,city,26,False,False,False,,,,,,,,,,,,,542.0,22.0,0.0,47.1,29576.0,,,,37459.0,36151.0,46.8,,,Brookline College-Albuquerque
239071,023172,Maranatha Baptist University,Watertown,WI,53094,43.195013,-88.737016,https://www.mbu.edu/,https://mbu.edu/net-price-calculator/,private_nonprofit,town,20,False,False,False,54.0,71.9,required,940.0,1260.0,485.0,645.0,455.0,615.0,1170.0,20.0,28.0,541.0,11.0,88.2,63.6,45593.0,37092.0,21550.0,21550.0,26005.0,24786.0,34.0,http://commons.wikimedia.org/wiki/Special:FilePath/MBBC.jpg,,Maranatha Baptist University
202046,003982,Cleveland Institute of Art,Cleveland,OH,44106-1710,41.510435,-81.602416,https://www.cia.edu/,https://collegepricecalculator.com/cia,private_nonprofit,city,30,False,False,False,,61.4,considered_not_required,980.0,1280.0,500.0,660.0,480.0,620.0,1193.0,23.0,29.0,539.0,9.0,87.8,57.7,42509.0,64587.0,49400.0,49400.0,29208.0,23423.0,42.2,http://commons.wikimedia.org/wiki/Special:FilePath/Cleveland%20Institute%20of%20Art.jpg,,Cleveland Institute of Art
192712,002759,Manhattan School of Music,New York,NY,10027,40.812312,-73.961334,https://www.msmnyc.edu/,https://www.msmnyc.edu/admission/scholarships-financial-aid/net-price-calculator/calculator-net-price/,private_nonprofit,city,30,False,False,False,,40.8,not_considered,,,,,,,,,,539.0,6.0,93.0,78.3,26878.0,77703.0,57050.0,57050.0,51754.0,31392.0,12.0,http://commons.wikimedia.org/wiki/Special:FilePath/Msm%20122%20bway.JPG,,Manhattan School of Music
241225,005022,Universidad Central de Bayamon,Bayamón,PR,00960-1725,18.398864,-66.180773,https://ucb.edu.pr/,https://website-b80f807f.eir.sco.mybluehost.me/wp-content/uploads/2023/12/index1.html,private_nonprofit,city,20,False,False,False,30.0,65.9,not_considered,,,,,,,,,,539.0,13.0,80.0,34.4,25021.0,12976.0,5986.0,5986.0,4827.0,3827.0,78.4,,,Bayamón Central University
155937,001945,Sterling College,Sterling,KS,67579,38.219937,-98.208644,https://www.sterling.edu/,https://www.sterling.edu/admissions/tuition-expenses,private_nonprofit,rural,22,False,False,False,,48.2,considered_not_required,,,,,,,,,,538.0,8.0,50.3,41.3,45846.0,47185.0,33700.0,33700.0,22371.0,19068.0,37.1,,http://commons.wikimedia.org/wiki/Special:FilePath/Sterling%20college%20ks%20textlogo.svg,Sterling College
445735,040653,Roseman University of Health Sciences,Henderson,NV,89014,36.073182,-115.064633,https://www.roseman.edu/,https://www.roseman.edu/students-alumni/bursar/tuition-and-fees/,private_nonprofit,city,26,False,False,False,,,,,,,,,,,,,536.0,10.0,,,120163.0,,,,,,28.3,,,Roseman University of Health Sciences
214148,003300,Moore College of Art and Design,Philadelphia,PA,19103-1179,39.957078,-75.172105,https://www.moore.edu/,https://moore.edu/about/student-consumer-information,private_nonprofit,city,30,False,False,True,,56.5,considered_not_required,1180.0,1380.0,620.0,710.0,560.0,670.0,1282.0,26.0,32.0,535.0,9.0,80.6,57.1,37839.0,71327.0,52812.0,52812.0,43086.0,34834.0,43.3,,,Moore College of Art and Design
165167,021829,Cambridge College,Boston,MA,02129,42.381091,-71.072646,https://www.cambridgecollege.edu/,https://www.cambridgecollege.edu/net-price-calculator/,private_nonprofit,city,18,False,False,False,,,,,,,,,,,,,532.0,12.0,100.0,11.1,45998.0,34072.0,18378.0,18378.0,31072.0,,30.0,http://commons.wikimedia.org/wiki/Special:FilePath/Cambridge%20College%2C%20Cambridge%20MA.jpg,,Cambridge College
204176,030719,Mount Carmel College of Nursing,Columbus,OH,43222-1504,39.956625,-83.021501,https://www.mccn.edu/,https://carmelink.mccn.edu/ICS/Admissions/Financial_Services.jnz,private_nonprofit,city,26,False,False,False,30.0,84.3,not_considered,,,,,,,,,,532.0,8.0,80.8,53.8,75103.0,21446.0,22080.0,22080.0,10420.0,6312.0,32.7,,,Mount Carmel College of Nursing
150172,001834,Calumet College of Saint Joseph,Whiting,IN,46394,41.671008,-87.494123,https://www.ccsj.edu/,https://www.ccsj.edu/admissions/financial-aid/,private_nonprofit,suburb,20,False,False,False,30.0,,,,,,,,,,,,529.0,11.0,42.3,22.9,46945.0,32968.0,23850.0,23850.0,22451.0,21381.0,51.6,,,Calumet College of St. Joseph
180258,002527,University of Providence,Great Falls,MT,59405-4996,47.490713,-111.270604,https://www.uprovidence.edu/,https://www.uprovidence.edu/financial-services/net-price-calculator/,private_nonprofit,city,20,False,False,False,30.0,50.3,considered_not_required,,,,,,,980.0,15.0,23.0,528.0,9.0,72.2,27.9,48296.0,43477.0,30448.0,30448.0,17649.0,14257.0,32.9,,http://commons.wikimedia.org/wiki/Special:FilePath/Providence%20univ%20montana%20logo.png,University of Providence
144971,001678,Eureka College,Eureka,IL,61530,40.71482,-89.269624,https://www.eureka.edu/,https://www.eureka.edu/net-pricing-calculator,private_nonprofit,town,22,False,False,False,61.0,85.0,not_considered,,,,,,,,,,522.0,14.0,50.4,41.6,51641.0,39578.0,29096.0,29096.0,17349.0,13711.0,48.6,http://commons.wikimedia.org/wiki/Special:FilePath/Eureka%20College%20Main%20Building%20flickr.jpg,http://commons.wikimedia.org/wiki/Special:FilePath/Eureka%20College%20logo.svg,Eureka College
459842,009621,Herzing University-Kenosha,Kenosha,WI,53140,42.582628,-87.820105,https://www.herzing.edu/,https://www.herzing.edu/tuition-financial-aid/net-price-calculator,private_nonprofit,city,26,False,False,False,,92.0,not_considered,,,,,,,,,,522.0,16.0,57.1,72.2,36909.0,28414.0,13450.0,13450.0,23066.0,21600.0,62.3,,,
209409,003208,Bushnell University,Eugene,OR,97401-3745,44.047483,-123.079754,https://www.bushnell.edu/,https://www.bushnell.edu/admissions/undergraduate/tuition-scholarships-financial-aid/net-price-calculator/,private_nonprofit,city,20,False,False,False,61.0,67.3,considered_not_required,,,,,,,1020.0,18.0,20.0,517.0,12.0,75.9,56.0,53623.0,47143.0,35800.0,35800.0,20789.0,17924.0,32.7,http://commons.wikimedia.org/wiki/Special:FilePath/Bushnell%20University.jpg,,Bushnell University
482468,010727,DeVry University-Georgia,Decatur,GA,30030,33.775112,-84.297316,https://www.devry.edu/,https://my.devry.edu/npc,private_for_profit,suburb,29,False,False,False,,100.0,considered_not_required,,,,,,,,,,516.0,18.0,40.0,12.5,45987.0,38315.0,17408.0,17408.0,28229.0,28229.0,73.7,,,
455257,041381,Yeshiva of Machzikai Hadas,Brooklyn,NY,11219-1408,40.636104,-73.990592,https://yeshivaofmachzikaihadas.com/,https://yeshivaofmachzikaihadas.com/links/,private_nonprofit,city,24,False,False,False,,70.1,not_considered,,,,,,,,,,515.0,26.0,97.7,73.8,,35348.0,10800.0,10800.0,22870.0,22890.0,84.2,,,
384254,033733,Beacon College,Leesburg,FL,34748,28.811281,-81.87415,https://www.beaconcollege.edu/,https://www.beaconcollege.edu/admissions/tuition-financial-aid/tuition/net-price-calculator/,private_nonprofit,suburb,22,False,False,False,,43.5,not_considered,,,,,,,,,,506.0,12.0,84.9,60.2,29420.0,70775.0,51680.0,51680.0,53517.0,47601.0,23.5,,,Beacon College
154749,001905,Bethel College-North Newton,North Newton,KS,67117-1716,38.075169,-97.343256,https://www.bethelks.edu/,https://www.bethelks.edu/admissions/affordability/net-price-calculator/,private_nonprofit,town,22,False,False,False,99.0,93.5,considered_not_required,,,,,,,,,,504.0,11.0,61.9,41.1,49898.0,52193.0,35014.0,35014.0,32917.0,35147.0,40.6,http://commons.wikimedia.org/wiki/Special:FilePath/Bethel-administration.jpg,,Bethel College
214768,003329,Pennsylvania State University-Penn State Hazleton,Hazleton,PA,18202-8025,40.98396,-76.030975,https://hazleton.psu.edu/,https://tuition.psu.edu/student-tuition-calculators,public,suburb,-2,False,False,False,,96.4,considered_not_required,1090.0,1290.0,550.0,660.0,540.0,630.0,1200.0,,,501.0,12.0,75.1,26.2,63435.0,29677.0,15208.0,25392.0,17597.0,11770.0,42.8,http://commons.wikimedia.org/wiki/Special:FilePath/Highacres1998.jpg,,Penn State Hazleton
202514,003041,Defiance College,Defiance,OH,43512,41.296842,-84.357075,https://www.defiance.edu/,https://tcc.ruffalonl.com/defiance college/freshman-students,private_nonprofit,town,22,False,False,False,76.0,47.5,not_considered,,,,,,,,,,499.0,11.0,55.6,30.6,49351.0,53667.0,29320.0,29320.0,26337.0,27196.0,49.8,http://commons.wikimedia.org/wiki/Special:FilePath/The%20Christian%20annual%20for%20the%20year%20of%20our%20lord%20%281900%29%20%2814598203978%29.jpg,,Defiance College
152099,001824,Oakland City University,Oakland City,IN,47660-1099,38.340891,-87.35144,https://www.oak.edu/,https://www.oak.edu/admissions/tuition-and-aid/net-price-calculator/,private_nonprofit,rural,17,False,False,False,105.0,82.5,not_considered,,,,,,,,,,499.0,13.0,77.7,65.5,43283.0,42441.0,27900.0,27900.0,15210.0,13980.0,40.7,,,Oakland City University
491057,042659,Yeshiva Kollel Tifereth Elizer,Brooklyn,NY,11219,40.637096,-73.992171,https://www.yeshivakolleltiferethelizer.com/,https://yeshivakolleltiferethelizer.com/links/,private_nonprofit,city,24,False,False,False,,73.7,not_considered,,,,,,,,,,499.0,31.0,,80.0,,,12300.0,12300.0,,,93.3,,,
175430,002398,Blue Mountain Christian University,Blue Mountain,MS,38610,34.67209,-89.02924,https://www.bmc.edu/,https://bmc.edu/NPCLC,private_nonprofit,rural,22,False,False,False,75.0,88.9,required,,,,,,,1090.0,19.0,24.0,498.0,13.0,67.9,54.8,40421.0,33197.0,20180.0,20180.0,24016.0,23112.0,28.8,,,Blue Mountain Christian University
440794,036663,Pillar College,Newark,NJ,07102,40.738539,-74.169153,https://www.pillar.edu/,https://pillar.edu/net-price-calculator/,private_nonprofit,city,21,False,False,False,108.0,,,,,,,,,,,,498.0,14.0,74.1,38.5,45577.0,38047.0,25900.0,25900.0,8470.0,15139.0,69.9,,,Somerset Christian College
421878,031226,Eastern International College-Jersey City,Jersey City,NJ,07306,40.735178,-74.060452,https://www.eicollege.edu/,https://www.eicollege.edu/financial-aid/net-price-calculator/,private_for_profit,city,26,False,False,False,,69.6,not_considered,,,,,,,,,,495.0,15.0,54.8,34.1,35008.0,26182.0,18383.0,18383.0,21111.0,21111.0,38.6,,,Eastern International College-Jersey City
155973,001946,Tabor College,Hillsboro,KS,67063-1799,38.34858,-97.199773,https://tabor.edu/,https://tabor.edu/wp-content/npcalc/npcalc.htm,private_nonprofit,rural,22,False,False,False,43.0,64.6,considered_not_required,,,,,,,,,,494.0,15.0,52.7,33.7,54058.0,50350.0,36200.0,36200.0,20205.0,17884.0,38.0,http://commons.wikimedia.org/wiki/Special:FilePath/Tabor%20college%20admin%20building.jpg,http://commons.wikimedia.org/wiki/Special:FilePath/Tabor%20college%20ks%20logo.svg,Tabor College
493822,042836,College Unbound,Providence,RI,02903,41.80644,-71.412848,https://collegeunbound.edu/,https://sites.google.com/a/collegeunbound.org/billing/net-price-calculator,private_nonprofit,city,32,False,False,False,,,,,,,,,,,,,491.0,11.0,85.7,,,27138.0,11016.0,11016.0,21108.0,20682.0,68.6,,,
215691,003360,Rosemont College,Rosemont,PA,19010-1699,40.033417,-75.32925,https://www.rosemont.edu/,https://www.shoppingsheet.com/shopping/landing/215691,private_nonprofit,suburb,19,False,False,False,30.0,76.3,not_considered,,,,,,,,,,486.0,12.0,82.0,57.1,48555.0,38498.0,23845.0,23845.0,20150.0,10124.0,44.9,http://commons.wikimedia.org/wiki/Special:FilePath/Rosemont%20College.jpg,http://commons.wikimedia.org/wiki/Special:FilePath/Rosemont%20college%20penn%20logo.png,Rosemont College
106713,001093,Central Baptist College,Conway,AR,72034,35.083838,-92.445021,https://www.cbc.edu/,https://www.cbc.edu/estimateexpenses,private_nonprofit,city,22,False,False,False,54.0,63.5,required,883.0,1121.0,473.0,553.0,410.0,568.0,1046.0,17.0,23.0,484.0,9.0,62.7,34.1,46789.0,30605.0,21330.0,21330.0,12287.0,11750.0,39.8,,,Central Baptist College
399911,038144,Soka University of America,Aliso Viejo,CA,92656-8081,33.554546,-117.735344,https://www.soka.edu/,https://npc.collegeboard.org/app/soka,private_nonprofit,suburb,21,False,False,False,,43.4,considered_not_required,1333.0,1510.0,620.0,720.0,713.0,790.0,1440.0,,,484.0,7.0,90.5,91.8,55017.0,55064.0,38728.0,38728.0,18260.0,12020.0,20.4,http://commons.wikimedia.org/wiki/Special:FilePath/Soka%20University%20Recreation%20Hall%20from%20a%20distance.jpg,,Soka University of America
214698,003329,Pennsylvania State University-Penn State Beaver,Monaca,PA,15061-2764,40.678271,-80.296316,https://beaver.psu.edu/,https://tuition.psu.edu/student-tuition-calculators,public,suburb,-2,False,False,False,,95.7,considered_not_required,1080.0,1290.0,530.0,630.0,550.0,660.0,1214.0,24.0,27.0,482.0,12.0,75.6,21.7,63435.0,26210.0,14408.0,24134.0,17418.0,9228.0,31.9,,,
188526,002885,Albany College of Pharmacy and Health Sciences,Albany,NY,12208-3492,42.650371,-73.779063,https://www.acphs.edu/,https://acphs.edu/net-price-calculator,private_nonprofit,city,26,False,False,False,,52.7,considered_not_required,1110.0,1380.0,550.0,680.0,560.0,700.0,1252.0,23.0,31.0,481.0,10.0,85.8,67.5,131426.0,54899.0,41475.0,41475.0,29882.0,22404.0,28.9,http://commons.wikimedia.org/wiki/Special:FilePath/Albany%20College%20of%20Pharmacy.jpg,,Albany College of Pharmacy and Health Sciences
107877,001106,Williams Baptist University,Walnut Ridge,AR,72476,36.125676,-90.940277,https://williamsbaptistuniversity.com/,https://williamsbu.edu/wp-content/uploads/2023/08/index.html,private_nonprofit,rural,22,False,False,False,75.0,83.4,considered_not_required,,,,,,,980.0,16.0,21.0,478.0,14.0,70.2,25.6,38484.0,33597.0,21070.0,21070.0,15745.0,10733.0,54.4,,,Williams Baptist University
194666,008614,Rabbinical College Bobover Yeshiva Bnei Zion,Brooklyn,NY,11219,40.631954,-73.985026,https://rabbinicalcollegeboboveryeshiva.edu/,https://www.rabbinicalcollegeboboveryeshiva.edu/net-price-calculator,private_nonprofit,city,24,False,True,False,80.0,,,,,,,,,,,,473.0,23.0,98.8,82.9,20707.0,20075.0,10000.0,10000.0,9136.0,8131.0,89.5,,,
494685,042827,Urshan University,Wentzville,MO,63385,38.808034,-90.830252,https://urshan.edu/,https://urshan.edu/tuition-and-fees,private_nonprofit,suburb,22,False,False,False,79.0,83.8,considered_not_required,798.0,1105.0,403.0,580.0,395.0,525.0,988.0,18.0,21.0,472.0,21.0,63.0,44.8,,17175.0,8756.0,8756.0,14779.0,13314.0,34.6,,,
143288,001639,Blackburn College,Carlinville,IL,62626,39.287896,-89.870241,https://www.blackburn.edu/,https://blackburn.edu/admissions-aid/financial-aid/net-price-calculator/,private_nonprofit,town,22,False,False,False,66.0,63.2,not_considered,,,,,,,,,,471.0,11.0,67.2,57.5,46802.0,37916.0,28149.0,28149.0,18460.0,16838.0,49.9,http://commons.wikimedia.org/wiki/Special:FilePath/Hudson%20Hall.JPG,http://commons.wikimedia.org/wiki/Special:FilePath/Blackburn%20college%20illinois%20logo.png,Blackburn College
163976,002092,St. John's College,Annapolis,MD,21401,38.981598,-76.491359,https://www.sjc.edu/,https://www.sjc.edu/admissions-and-aid/financial-aid/net-price-calculator/,private_nonprofit,suburb,21,False,False,False,,55.2,considered_not_required,1270.0,1440.0,680.0,750.0,590.0,690.0,1372.0,27.0,32.0,471.0,8.0,82.7,71.4,51584.0,55540.0,40684.0,40684.0,45597.0,42528.0,20.1,http://commons.wikimedia.org/wiki/Special:FilePath/McDowell%20Hall%2C%20St.%20John%27s%20College%2C%20Annapolis%2C%20Maryland.jpg,,"St. John's College, Annapolis"
181738,002563,Union Adventist University,Lincoln,NE,68506,40.774778,-96.651095,https://www.uau.edu/,https://www.uau.edu/net-price-calculator,private_nonprofit,city,22,False,False,False,95.0,100.0,not_considered,,,,,,,,,,471.0,8.0,83.5,52.3,55045.0,42099.0,29334.0,29334.0,23716.0,19477.0,30.8,,,Union College
160065,002023,University of Holy Cross,New Orleans,LA,70131-7399,29.912003,-89.99445,https://uhcno.edu/,https://selfservice.uhcno.edu/calculator/,private_nonprofit,city,20,False,False,False,30.0,73.7,not_considered,,,,,,,,,,471.0,7.0,71.0,48.6,49316.0,27541.0,16576.0,16576.0,15635.0,14202.0,27.5,,,University of Holy Cross
216542,003306,University of Valley Forge,Phoenixville,PA,19460-2373,40.117835,-75.5469,https://www.valleyforge.edu/,https://valleyforge.edu/wp-content/uploads/2024/06/index-1.html,private_nonprofit,suburb,22,False,False,False,27.0,61.2,not_considered,,,,,,,,,,471.0,12.0,78.5,49.0,39016.0,45422.0,25240.0,25240.0,32265.0,30614.0,47.4,,,University of Valley Forge
144883,021686,East-West University,Chicago,IL,60605,41.871309,-87.624793,https://www.eastwest.edu/,https://www.eastwest.edu/financial-aid/,private_nonprofit,city,21,False,False,False,,,,,,,,,,,,,468.0,20.0,37.1,15.6,29963.0,32606.0,25395.0,25395.0,21697.0,19168.0,61.7,,,East–West University
192110,002742,The Juilliard School,New York,NY,10023-6588,40.773725,-73.982913,https://www.juilliard.edu/,https://www.juilliard.edu/campus-life/financial-aid/net-price-calculator,private_nonprofit,city,30,False,False,False,,9.2,not_considered,,,,,,,,,,468.0,4.0,97.9,92.6,37827.0,83892.0,57950.0,57950.0,43571.0,30168.0,13.9,http://commons.wikimedia.org/wiki/Special:FilePath/Juilliard%20School-Manhattan-New%20york.jpg,http://commons.wikimedia.org/wiki/Special:FilePath/Juilliard%20School%20logo.svg,Juilliard School
176318,002433,Rust College,Holly Springs,MS,38635,34.776862,-89.446999,https://www.rustcollege.edu/,https://www.rustcollege.edu/wp-content/uploads/2024/09/Net-Price-Calculator.html,private_nonprofit,town,21,True,False,False,71.0,48.7,not_considered,,,,,,,,,,467.0,10.0,84.4,11.8,32275.0,23107.0,13265.0,13265.0,12587.0,12546.0,71.5,http://commons.wikimedia.org/wiki/Special:FilePath/Rust%20College.JPG,,Rust College
241951,025694,Escuela de Artes Plasticas y Diseno de Puerto Rico,San Juan,PR,00902-1112,18.46778,-66.121348,https://www.eap.edu/,https://eap.edu/net-price-calculator.html,public,city,30,False,False,False,,100.0,considered_not_required,,,,,,,,,,466.0,10.0,72.3,44.8,21790.0,9057.0,4902.0,8502.0,5669.0,5208.0,78.1,http://commons.wikimedia.org/wiki/Special:FilePath/Escuela%20de%20Artes%20Pl%C3%A1sticas%20de%20Puerto%20Rico.jpg,http://commons.wikimedia.org/wiki/Special:FilePath/LogoEAPDHi-Res.jpg,School of Plastic Arts of Puerto Rico
229300,004951,The University of Texas Health Science Center at Houston,Houston,TX,77030,29.702873,-95.403183,https://www.uth.edu/,https://www.uth.edu/,public,city,27,False,False,False,,,,,,,,,,,,,465.0,5.0,,,88757.0,,,,,,50.9,http://commons.wikimedia.org/wiki/Special:FilePath/UTH1.JPG,,University of Texas Health Science Center at Houston
118888,002199,Northeastern University Oakland,Oakland,CA,94613,37.781425,-122.182294,https://oakland.northeastern.edu/,https://studentfinance.northeastern.edu/financial-tools-and-calculators/,private_nonprofit,city,19,False,False,False,,16.7,considered_not_required,1420.0,1520.0,690.0,740.0,730.0,780.0,1472.0,32.0,33.0,464.0,7.0,0.2,,92538.0,85418.0,67778.0,67778.0,25181.0,8161.0,26.7,http://commons.wikimedia.org/wiki/Special:FilePath/Mills-Hall-Mills-College-Oakland.jpg,http://commons.wikimedia.org/wiki/Special:FilePath/Mills%20College%20wordmark.svg,Mills College at Northeastern University
489937,002956,Carolina University,Winston-Salem,NC,27101,36.087962,-80.250153,https://www.carolinau.edu/,https://carolinau.edu/npc,private_nonprofit,city,20,False,False,False,108.0,39.5,not_considered,,,,,,,,,,460.0,17.0,56.4,21.6,32864.0,32680.0,17575.0,17575.0,20828.0,17738.0,37.3,,,Carolina University of Theology
189565,002678,Bryant & Stratton College-Syracuse North,Liverpool,NY,13090,43.149337,-76.230807,https://www.bryantstratton.edu/,https://www.bryantstratton.edu/financial-aid/net-price-calculator,private_nonprofit,suburb,14,False,False,False,,,,,,,,,,,,,458.0,16.0,33.3,31.6,32568.0,25249.0,18768.0,18768.0,15217.0,15369.0,62.0,,,
200846,003123,University of Akron Wayne College,Orrville,OH,44667,40.861519,-81.789979,https://wayne.uakron.edu/,https://www.uakron.edu/finaid/net-price-calculator,public,rural,3,False,False,False,,89.9,considered_not_required,830.0,1100.0,440.0,550.0,390.0,550.0,1040.0,16.0,23.0,457.0,42.0,58.5,18.5,46600.0,15993.0,7723.0,15403.0,6032.0,3982.0,12.5,,,Wayne College
117104,022706,Life Pacific University,San Dimas,CA,91773-3298,34.098705,-117.829388,https://lifepacific.edu/,https://tcc.ruffalonl.com/Life Pacific University/Freshman-Students,private_nonprofit,suburb,22,False,False,False,79.0,95.8,not_considered,,,,,,,,,,456.0,12.0,73.0,40.4,43299.0,35062.0,22118.0,22118.0,20898.0,16786.0,53.8,http://commons.wikimedia.org/wiki/Special:FilePath/LifePic.JPG,,Life Pacific University
112394,001177,University of Silicon Valley,San Jose,CA,95134,37.414049,-121.94087,https://www.usv.edu/,https://usv.edu/net-price-calculator,private_for_profit,city,22,False,False,False,,51.2,not_considered,,,,,,,,,,455.0,13.0,68.8,28.7,51017.0,35722.0,22480.0,22480.0,27815.0,24350.0,49.7,http://commons.wikimedia.org/wiki/Special:FilePath/Cogswell%20Polytechnical%20College%20Drawing.jpg,http://commons.wikimedia.org/wiki/Special:FilePath/University%20of%20Silicon%20Valley%20logo.png,University of Silicon Valley
459727,041425,Touro University Worldwide,Los Alamitos,CA,90720,33.808683,-118.057754,https://www.tuw.edu/,https://www.tuw.edu/admissions/tuition/financial-aid-information/,private_nonprofit,suburb,18,False,False,False,,,,,,,,,,,,,454.0,10.0,64.7,28.6,40803.0,29016.0,14600.0,14600.0,19058.0,18342.0,51.2,,,Touro University Worldwide
436827,001417,University of Connecticut-Avery Point,Groton,CT,06340-6097,41.316419,-72.065336,https://averypoint.uconn.edu/,https://financialaid.uconn.edu/pricecalc/,public,suburb,-2,False,False,False,,88.2,required,960.0,1190.0,490.0,610.0,470.0,580.0,1090.0,,,454.0,13.0,70.2,61.6,73997.0,23337.0,18140.0,40808.0,13807.0,8996.0,38.2,http://commons.wikimedia.org/wiki/Special:FilePath/Branford%20House%2C%20UConn%20Avery%20Point%2C%20Groton%2C%20CT.JPG,,University of Connecticut Avery Point
445692,010098,Neumont College of Computer Science,Salt Lake City,UT,84111-1917,40.766096,-111.890573,https://www.neumont.edu/,https://www.neumont.edu/net-price-calculator,private_for_profit,city,28,False,False,False,,86.8,considered_not_required,870.0,1075.0,410.0,585.0,460.0,490.0,1093.0,21.0,26.0,453.0,27.0,74.0,62.7,97827.0,45890.0,27360.0,27360.0,35205.0,32906.0,62.3,http://commons.wikimedia.org/wiki/Special:FilePath/Neumont%20College%20of%20Computer%20Science%20is%20in%20Salt%20Lake%20City%2C%20Utah.jpg,,Neumont College of Computer Science
162210,002067,Washington Adventist University,Takoma Park,MD,20912,38.986349,-77.000608,https://www.wau.edu/,https://www.wau.edu/future-students/admission/financial-aid/net-price-calculator/,private_nonprofit,suburb,20,False,False,False,95.0,46.2,considered_not_required,860.0,1130.0,450.0,580.0,410.0,550.0,980.0,,,452.0,9.0,64.1,28.6,64249.0,34309.0,26604.0,26604.0,18526.0,17534.0,37.2,http://commons.wikimedia.org/wiki/Special:FilePath/HMS%20Richards%20Hall%20-%20WAU.JPG,,Washington Adventist University
251312,013039,South University-Columbia,Columbia,SC,29203,34.098042,-80.961839,"https://www.southuniversity.edu/columbia#location=Columbia, SC",https://www.southuniversity.edu/columbia/net-price-calculator,private_for_profit,suburb,17,False,False,False,,,,,,,,,,,,,450.0,21.0,57.1,23.3,34421.0,35322.0,18145.0,18145.0,27693.0,26588.0,58.0,,,South University-Columbia
177719,006389,Barnes-Jewish College Goldfarb School of Nursing,Saint Louis,MO,63110,38.637165,-90.258772,https://www.barnesjewishcollege.edu/,https://nces.ed.gov/collegenavigator/?q=goldfarb&s=all&id=177719,private_nonprofit,city,26,False,False,False,,,,,,,,,,,,,446.0,9.0,,,84393.0,,,,,,24.4,http://commons.wikimedia.org/wiki/Special:FilePath/Goldfarb%20School%20of%20Nursing%20at%20Barnes-Jewish%20College.jpg,,Barnes–Jewish College of Nursing and Allied Health
181604,002540,College of Saint Mary,Omaha,NE,68106,41.240028,-96.021425,https://www.csm.edu/,https://www.csm.edu/netprice2025/index.html,private_nonprofit,city,19,False,False,True,30.0,44.6,considered_not_required,,,,,,,1150.0,18.0,26.0,445.0,8.0,79.8,60.5,54338.0,35971.0,24510.0,24510.0,16590.0,14090.0,38.8,,,College of Saint Mary
172608,004071,Walsh College,Troy,MI,48083-5066,42.573888,-83.147197,https://walshcollege.edu/,https://walshcollege.edu/cost-of-attendance/,private_nonprofit,city,29,False,False,False,,,,,,,,,,,,,445.0,12.0,,,72081.0,,,,,,34.7,,,Walsh College of Accountancy and Business
233718,003742,Sweet Briar College,Sweet Briar,VA,24595-9998,37.556725,-79.081014,https://www.sbc.edu/,https://tcc.ruffalonl.com/sweet briar college/freshman-students,private_nonprofit,rural,21,False,False,True,,75.5,considered_not_required,1100.0,1310.0,560.0,670.0,540.0,640.0,1230.0,,,443.0,9.0,69.3,51.8,51943.0,43898.0,26160.0,26160.0,17758.0,11734.0,31.0,http://commons.wikimedia.org/wiki/Special:FilePath/Bistro%20at%20Sweet%20Briar%20-%20panoramio.jpg,http://commons.wikimedia.org/wiki/Special:FilePath/Sweet%20briar%20college%20pinktext.png,Sweet Briar College
183071,002589,University of New Hampshire at Manchester,Manchester,NH,03101-1113,42.987209,-71.468755,https://manchester.unh.edu/,https://app.meadowfi.com/unh,public,city,21,False,False,False,,80.9,considered_not_required,973.0,1236.0,520.0,623.0,453.0,613.0,1100.0,,,443.0,8.0,85.3,50.0,66479.0,20020.0,15838.0,36418.0,9992.0,3181.0,28.8,http://commons.wikimedia.org/wiki/Special:FilePath/University%20of%20New%20Hampshire%20Urban%20Campus%20%28August%202015%29.jpg,http://commons.wikimedia.org/wiki/Special:FilePath/University%20of%20New%20Hampshire%20at%20Manchester%20logo.svg,University of New Hampshire at Manchester
218919,003455,Voorhees University,Denmark,SC,29042,33.307199,-81.127863,https://www.voorhees.edu/,https://voorhees.edu/vunetprice/images/201920finaidnetpricecalc.html,private_nonprofit,rural,22,True,False,False,73.0,,,,,,,,,,,,440.0,13.0,56.3,43.0,35339.0,25574.0,12630.0,12630.0,13335.0,11968.0,76.7,,,Voorhees University
140571,001583,Morris Brown College,Atlanta,GA,30314-4140,33.753707,-84.407668,https://www.morrisbrown.edu/,https://morrisbrown.edu/financial-aid/,private_nonprofit,city,-2,True,False,False,51.0,,,,,,,,,,,,432.0,17.0,70.6,25.0,,31968.0,9558.0,9558.0,24901.0,23264.0,65.3,http://commons.wikimedia.org/wiki/Special:FilePath/Atlanta%20University%2C%20Stone%20Hall%2C%20Morris%20Brown%20College%20Campus%2C%20Atlanta%20%28Fulton%20County%2C%20Georgia%29.jpg,,Morris Brown College
157100,001965,Kentucky Christian University,Grayson,KY,41143-1199,38.338805,-82.945561,https://www.kcu.edu/,https://www.kcu.edu/campus-offices/financial-aid/net-price-calculator/,private_nonprofit,town,22,False,False,False,48.0,60.9,considered_not_required,,,,,,,1090.0,18.0,24.0,429.0,12.0,86.1,36.7,42375.0,40168.0,26625.0,26625.0,24038.0,23241.0,43.1,,,Kentucky Christian University
495439,031150,Arizona College of Nursing-Fort Lauderdale,Fort Lauderdale,FL,33334-3637,26.205783,-80.138479,https://www.arizonacollege.edu/,https://www.arizonacollege.edu/admissions/financial-aid/net-price-calculator/,private_for_profit,city,-2,False,False,False,,,not_considered,,,,,,,,,,428.0,20.0,,,34657.0,,25973.0,25973.0,,,67.1,,,
181853,002567,York University,York,NE,68467-2699,40.869526,-97.579352,https://www.york.edu/,https://www.york.edu/financial-aid/net-price-calculator.php,private_nonprofit,town,22,False,False,False,74.0,51.9,considered_not_required,880.0,1110.0,450.0,540.0,430.0,570.0,1022.0,16.0,23.0,428.0,11.0,68.7,52.2,44130.0,34268.0,23000.0,23000.0,20951.0,19343.0,40.2,http://commons.wikimedia.org/wiki/Special:FilePath/York%20college%20buildings%20postcard.jpg,http://commons.wikimedia.org/wiki/Special:FilePath/York%20univ%20nebraska%20logo.png,York University
199607,002960,Salem College,Winston-Salem,NC,27101,36.086271,-80.241297,https://www.salem.edu/,https://www.salem.edu/net-price-calculator,private_nonprofit,city,21,False,False,True,,76.7,considered_not_required,1066.0,1243.0,553.0,643.0,513.0,600.0,1082.0,16.0,22.0,423.0,9.0,67.5,57.4,44640.0,48532.0,33848.0,33848.0,18277.0,19074.0,55.2,http://commons.wikimedia.org/wiki/Special:FilePath/Salem%20College%2C%20Old%20Salem%2C%20Winston-Salem%2C%20NC%20%2849030565138%29.jpg,http://commons.wikimedia.org/wiki/Special:FilePath/Salem%20college%20textlogo.png,Salem College
209603,003207,Pacific Northwest College of Art,Portland,OR,97209-3404,45.526766,-122.678182,https://willamette.edu/pnca/index.html,https://willamette.edu/offices/finaid/net-price-calculator/index.html,private_nonprofit,city,-2,False,False,False,,74.9,not_considered,,,,,,,,,,420.0,9.0,69.5,29.1,34883.0,70376.0,49006.0,49006.0,35785.0,28219.0,40.5,http://commons.wikimedia.org/wiki/Special:FilePath/Pacific%20Northwest%20College%20of%20Art%20%28PNCA%29.jpg,http://commons.wikimedia.org/wiki/Special:FilePath/PNCA%20logo.jpg,Pacific Northwest College of Art
388520,034224,College of Biblical Studies-Houston,Houston,TX,77036-3211,29.716676,-95.506559,https://cbshouston.edu/,https://prospect.studentaidprocess.com/saintprospect/(S(acurek5qf4nwiw2nfbr4xvem))/netpricecalculator?corpid=93,private_nonprofit,city,24,False,False,False,88.0,,,,,,,,,,,,419.0,12.0,100.0,40.0,39260.0,11523.0,9350.0,9350.0,672.0,672.0,38.2,,,College of Biblical Studies
214625,003329,Pennsylvania State University-Penn State New Kensington,New Kensington,PA,15068-1765,40.551056,-79.697461,https://newkensington.psu.edu/,https://tuition.psu.edu/student-tuition-calculators,public,rural,-2,False,False,False,,95.3,considered_not_required,1110.0,1265.0,580.0,625.0,530.0,640.0,1190.0,,,416.0,9.0,85.4,27.6,63435.0,26863.0,14408.0,24134.0,18305.0,11541.0,31.8,,,Penn State New Kensington
161509,011673,Maine College of Art & Design,Portland,ME,04101-3494,43.655743,-70.261015,https://www.meca.edu/,https://meca.edu/admissions/net-price-calculator/,private_nonprofit,city,30,False,False,False,,76.1,not_considered,,,,,,,,,,415.0,8.0,71.7,51.5,40778.0,60128.0,42942.0,42942.0,38338.0,31589.0,28.6,,,Maine College of Art & Design
363907,012525,Caribbean University-Ponce,Ponce,PR,00716-7733,18.006633,-66.59425,https://www.caribbean.edu/,https://www.caribbean.edu/netprice/index.html,private_nonprofit,city,22,False,False,False,,,,,,,,,,,,,414.0,10.0,76.0,36.7,22842.0,10000.0,8844.0,8844.0,4964.0,,71.0,,,
177542,009089,Hannibal-LaGrange University,Hannibal,MO,63401,39.729015,-91.39094,https://www.hlg.edu/,https://npc.collegeboard.org/student/app/hlg,private_nonprofit,town,22,False,False,False,75.0,72.6,considered_not_required,,,,,,,1090.0,15.0,24.0,410.0,8.0,78.3,50.4,42643.0,40839.0,26880.0,26880.0,22814.0,21285.0,36.8,,,Hannibal-LaGrange University
153320,007121,Faith Baptist Bible College and Theological Seminary,Ankeny,IA,50023-2152,41.737082,-93.624422,https://faith.edu/,https://faith.edu/net-price-calculator/,private_nonprofit,suburb,22,False,False,False,54.0,67.5,required,990.0,1190.0,500.0,610.0,490.0,580.0,1109.0,19.0,26.0,405.0,14.0,76.6,67.5,40650.0,32722.0,20270.0,20270.0,16282.0,14121.0,35.3,,,Faith Baptist Bible College and Theological Seminary
487603,003783,Northwest University-Center for Online and Extended Education,Kirkland,WA,98033,47.657502,-122.195774,https://www.northwestu.edu/,https://www.northwestu.edu/financial-aid/net-price-calculator,private_nonprofit,suburb,22,False,False,False,27.0,,,,,,,,,,,,405.0,27.0,50.0,50.0,54914.0,40568.0,14652.0,14652.0,35671.0,34739.0,18.4,,,
190114,009769,Metropolitan College of New York,New York,NY,10006-1742,40.708706,-74.014702,https://www.mcny.edu/,https://apply.mcny.edu/register/npc,private_nonprofit,city,19,False,False,False,,90.0,not_considered,,,,,,,,,,402.0,12.0,20.0,40.0,46236.0,34203.0,20188.0,20188.0,28882.0,28752.0,65.1,,,Metropolitan College of New York
214759,003329,Pennsylvania State University-Penn State Fayette- Eberly,Lemont Furnace,PA,15456-1025,39.946455,-79.659317,https://fayette.psu.edu/,https://tuition.psu.edu/student-tuition-calculators,public,rural,-2,False,False,False,,95.5,considered_not_required,1120.0,1250.0,580.0,660.0,540.0,590.0,1170.0,,,402.0,9.0,77.8,38.6,63435.0,25154.0,14408.0,24134.0,14596.0,9445.0,38.7,,,Penn State Fayette
215053,022699,Pennsylvania College of Art and Design,Lancaster,PA,17603-0059,40.041152,-76.308769,https://pcad.edu/,https://connect.pcad.edu/register/npc,private_nonprofit,city,30,False,False,False,,99.2,not_considered,,,,,,,,,,400.0,10.0,85.1,68.5,33301.0,43815.0,32150.0,32150.0,30083.0,24547.0,47.4,,,Pennsylvania College of Art and Design
196431,012011,Talmudical Seminary Oholei Torah,Brooklyn,NY,11213,40.670089,-73.945759,https://www.tsot.edu/,https://www.tsot.edu/NetPriceCalculator.php,private_nonprofit,city,24,False,True,False,,77.2,not_considered,,,,,,,,,,400.0,15.0,80.6,22.2,39230.0,20353.0,8750.0,8750.0,10755.0,10333.0,64.6,,,Oholei Torah
483780,042190,Washington University of Science and Technology,Alexandria,VA,22314-5202,38.801865,-77.082968,https://www.wust.edu/,https://www.wust.edu/fafsa,private_for_profit,city,19,False,False,False,,7.3,not_considered,,,,,,,,,,400.0,14.0,75.0,66.7,,,13785.0,13785.0,,,4.4,,,IGlobal University
141325,001600,Wesleyan College,Macon,GA,31210-4462,32.876037,-83.715417,https://www.wesleyancollege.edu/,https://wesportal.wesleyancollege.edu/ics/net_price_calculator/,private_nonprofit,city,22,False,False,True,71.0,59.1,considered_not_required,968.0,1116.0,518.0,573.0,450.0,543.0,1075.0,20.0,24.0,400.0,8.0,76.0,44.5,44317.0,40721.0,27650.0,27650.0,12724.0,11045.0,45.8,http://commons.wikimedia.org/wiki/Special:FilePath/%E4%BD%90%E6%B2%BB%E4%BA%9E%E5%B7%9E%E7%9A%84%E5%A8%81%E6%96%AF%E5%88%A9%E5%AE%89%E5%AD%B8%E9%99%A2.jpg,http://commons.wikimedia.org/wiki/Special:FilePath/Wesleyan%20college%20georgia%20logo.png,Wesleyan College
193052,007264,Mesivta Torah Vodaath Rabbinical Seminary,Brooklyn,NY,11218,40.6382,-73.969395,https://independentrabbinicalcolleges.org/index.html,https://independentrabbinicalcolleges.org/tv.htm,private_nonprofit,city,24,False,True,False,80.0,80.0,not_considered,,,,,,,,,,399.0,33.0,76.7,50.0,,21810.0,15200.0,15200.0,4876.0,3385.0,58.8,,,
194763,003978,Rabbinical Seminary of America,Flushing,NY,11367,40.72308,-73.817161,https://www.rabbinical.org/,https://www.rabbinical.org/calculator,private_nonprofit,city,24,False,True,False,80.0,98.5,not_considered,,,,,,,,,,397.0,36.0,80.2,30.3,,19700.0,10000.0,10000.0,4844.0,0.0,16.4,http://commons.wikimedia.org/wiki/Special:FilePath/Rabbinical%20Seminary%20of%20America.jpg,,Yeshivas Rabbeinu Yisrael Meir HaKohen
451927,039513,Patrick Henry College,Purcellville,VA,20132,39.138687,-77.690939,https://www.phc.edu/,https://www.phc.edu/cost-of-attendance,private_nonprofit,town,21,False,False,False,108.0,77.4,required,1240.0,1420.0,660.0,740.0,580.0,680.0,1352.0,27.0,33.0,395.0,14.0,87.5,73.9,,,28425.0,28425.0,,,0.0,http://commons.wikimedia.org/wiki/Special:FilePath/Patrick%20Henry.jpg,,Patrick Henry College
487010,006725,The University of Tennessee Health Science Center,Memphis,TN,38163,35.138847,-90.033196,https://www.uthsc.edu/,https://www.uthsc.edu/financial-aid/cost-of-attendance/index.php,public,city,27,False,False,False,,,,,,,,,,,,,394.0,7.0,,,66318.0,,,,,,15.7,,,University of Tennessee Health Science Center
167057,002194,The New England Conservatory of Music,Boston,MA,02115-5018,42.340946,-71.08629,https://necmusic.edu/,https://necmusic.edu/admissions/tuition-aid/net-price-calculator/,private_nonprofit,city,30,False,False,False,,41.1,not_considered,,,,,,,,,,393.0,5.0,88.4,73.4,34483.0,81277.0,60750.0,60750.0,46754.0,47882.0,7.4,http://commons.wikimedia.org/wiki/Special:FilePath/Huntington%20Ave%20Boston.jpg,,New England Conservatory
189413,013029,Boricua College,New York,NY,10032-1560,40.833434,-73.9458,https://www.boricuacollege.edu/,https://www.boricuacollege.edu/registration-tuition-fees,private_nonprofit,city,22,False,False,False,,,,,,,,,,,,,391.0,20.0,86.5,80.6,35348.0,24213.0,13025.0,13025.0,15245.0,14809.0,86.0,http://commons.wikimedia.org/wiki/Special:FilePath/Boricua%20College%20168%20N6th%20jeh.JPG,,Boricua College
179548,002512,Stephens College,Columbia,MO,65215,38.95204,-92.319204,https://stephens.edu/,https://stephens.edu/admissions-aid/undergraduate-financial-aid/net-price-calculator/,private_nonprofit,city,20,False,False,True,,77.2,not_considered,,,,,,,,,,391.0,8.0,78.4,42.7,43071.0,46643.0,28300.0,28300.0,23459.0,9918.0,45.2,,,Stephens College
140720,001587,Paine College,Augusta,GA,30901-3182,33.469545,-81.993225,https://www.paine.edu/,https://www.collegeraptor.com/Shopping/School/Paine-College-GA--140720,private_nonprofit,city,21,True,False,False,71.0,95.4,not_considered,,,,,,,,,,388.0,11.0,53.6,14.4,33338.0,27431.0,14596.0,14596.0,16670.0,15322.0,75.6,,,Paine College
449898,013039,South University-Tampa,Tampa,FL,33614-7095,27.982269,-82.500357,"https://www.southuniversity.edu/tampa#location=Tampa, FL",https://www.southuniversity.edu/tampa/net-price-calculator,private_for_profit,city,26,False,False,False,,,,,,,,,,,,,388.0,14.0,50.0,23.3,34421.0,30414.0,18145.0,18145.0,20434.0,20347.0,49.0,,,
140340,009621,Herzing University-Atlanta,Atlanta,GA,30303,33.754218,-84.387251,https://www.herzing.edu/,https://www.herzing.edu/tuition-financial-aid/net-price-calculator,private_nonprofit,city,22,False,False,False,,93.8,not_considered,,,,,,,,,,387.0,14.0,25.0,14.0,36909.0,27007.0,13450.0,13450.0,21679.0,21612.0,70.3,,,Herzing University-Atlanta
137953,031019,Trinity College of Jacksonville,Jacksonville,FL,32221,30.311171,-81.79626,https://www.tcj.edu/,https://media.tcj.edu/netpricecalculatord/npcalc.htm,private_nonprofit,city,22,False,False,False,54.0,53.3,considered_not_required,778.0,1006.0,408.0,483.0,370.0,523.0,907.0,16.0,20.0,386.0,11.0,56.7,34.2,37275.0,26995.0,15100.0,15100.0,20011.0,16686.0,50.1,,,Trinity Baptist College
461023,041574,Crestpoint University,Phoenix,AZ,85014-1561,33.530663,-112.064275,https://www.crestpoint.edu/,https://www.crestpoint.edu/npcalc/npcalc.html,private_for_profit,city,31,False,False,False,,,,,,,,,,,,,385.0,32.0,25.0,33.0,42269.0,19927.0,7995.0,7995.0,15670.0,15499.0,50.3,,,National Paralegal College
218399,003439,Morris College,Sumter,SC,29150-3599,33.938574,-80.346155,https://www.morris.edu/,https://npc.collegeboard.org/app/morris,private_nonprofit,city,22,True,False,False,54.0,,,,,,,,,,,,383.0,10.0,41.3,17.3,30614.0,30148.0,16664.0,16664.0,20555.0,20485.0,95.5,,,Morris College
176664,013208,Mission University,Springfield,MO,65803-3498,37.239696,-93.284286,https://www.mission.edu/,https://mission.edu/resources/financial-aid/,private_nonprofit,city,24,False,False,False,54.0,,,,,,,,,,,,381.0,7.0,59.4,44.4,38641.0,28448.0,16950.0,16950.0,21383.0,22017.0,55.9,http://commons.wikimedia.org/wiki/Special:FilePath/BBCSpringfield.jpg,,Baptist Bible College
498456,031150,Arizona College of Nursing-Ontario,Ontario,CA,91761-1201,34.06676,-117.578071,https://www.arizonacollege.edu/,https://www.arizonacollege.edu/admissions/financial-aid/net-price-calculator/,private_for_profit,city,-2,False,False,False,,100.0,not_considered,,,,,,,,,,380.0,20.0,100.0,,34657.0,52480.0,31637.0,31637.0,44477.0,,56.5,,,
154855,001908,Central Christian College of Kansas,McPherson,KS,67460-5740,38.357978,-97.668597,https://www.centralchristian.edu/,https://www.centralchristian.edu/net-price-calculator/,private_nonprofit,town,22,False,False,False,64.0,52.7,not_considered,,,,,,,,,,380.0,15.0,45.0,27.0,44468.0,33327.0,21000.0,21000.0,11404.0,11689.0,52.4,,,Central Christian College of Kansas
441982,039463,Franklin W Olin College of Engineering,Needham,MA,02492-1200,42.293527,-71.263378,https://www.olin.edu/,https://npc.collegeboard.org/student/app/olin,private_nonprofit,suburb,28,False,False,False,,25.2,considered_not_required,1493.0,1558.0,723.0,768.0,770.0,790.0,1520.0,,,377.0,9.0,98.0,96.4,129455.0,86474.0,66398.0,66398.0,25171.0,,12.1,,,Franklin W. Olin College of Engineering
129774,001393,Mitchell College,New London,CT,06320,41.328013,-72.09523,https://www.mitchell.edu/,https://npc.collegeboard.org/app/mitchell,private_nonprofit,city,22,False,False,False,,94.7,not_considered,,,,,,,,,,377.0,11.0,59.0,42.2,39115.0,55621.0,40490.0,40490.0,30260.0,26485.0,38.3,http://commons.wikimedia.org/wiki/Special:FilePath/Mitchell%20college%20ct%20postcard.jpg,http://commons.wikimedia.org/wiki/Special:FilePath/Mitchell%20college%20textlogo.svg,Mitchell College
207856,003180,Southwestern Christian University,Bethany,OK,73008,35.513314,-97.63934,https://www.swcu.edu/,https://swcu.edu/admissions/cost-attendance-net-price-calculator,private_nonprofit,suburb,22,False,False,False,47.0,,,,,,,,,,,,377.0,13.0,57.9,16.1,40391.0,33305.0,21900.0,21900.0,20146.0,18830.0,46.7,,http://commons.wikimedia.org/wiki/Special:FilePath/SouthwestChristianLogoFinalHorizontal-%281%29.png,Southwestern Christian University
210304,003225,Warner Pacific University,Portland,OR,97215,45.506265,-122.592498,https://www.warnerpacific.edu/,https://www.warnerpacific.edu/admissions-aid/net-price-calculator/,private_nonprofit,city,22,False,False,False,57.0,71.1,not_considered,,,,,,,,,,375.0,14.0,91.7,49.2,55204.0,38948.0,22220.0,22220.0,25629.0,18577.0,47.9,http://commons.wikimedia.org/wiki/Special:FilePath/Egtvedt%20Hall%20at%20Warner%20Pacific%20College%20-%20Portland%2C%20Oregon.JPG,http://commons.wikimedia.org/wiki/Special:FilePath/Warner%20pacific%20univ%20logo.png,Warner Pacific University
238324,006639,Bellin College,Green Bay,WI,54311,44.468277,-87.921722,https://www.bellincollege.edu/,https://www.bellincollege.edu/admissions/financial-aid-and-scholarships/net-price-calculator/,private_nonprofit,suburb,26,False,False,False,,97.2,not_considered,,,,,,,,,,372.0,10.0,94.6,63.0,76222.0,42941.0,30952.0,30952.0,37408.0,29994.0,12.6,,http://commons.wikimedia.org/wiki/Special:FilePath/Bellin%20College%20logo.svg,Bellin College
485519,042434,Lionel University,Carpinteria,CA,93013-2912,34.38768,-119.486417,https://lionel.edu/,https://lionel.edu/hubfs/net-price-caluculator.html?hsLang=en,private_for_profit,suburb,13,False,False,False,,,,,,,,,,,,,370.0,24.0,75.0,67.1,,31812.0,15265.0,15265.0,29453.0,29817.0,44.7,,,
245652,002093,St. John's College,Santa Fe,NM,87505-4599,35.666974,-105.912478,https://www.sjc.edu/,https://www.sjc.edu/admissions-and-aid/financial-aid/net-price-calculator/,private_nonprofit,rural,21,False,False,False,,53.1,considered_not_required,1290.0,1460.0,680.0,750.0,610.0,710.0,1426.0,28.0,34.0,368.0,8.0,82.4,54.9,44985.0,55824.0,40504.0,40504.0,26674.0,16014.0,27.0,http://commons.wikimedia.org/wiki/Special:FilePath/Weigle%20Hall%2C%20St.%20John%27s%20College%2C%20Santa%20Fe.jpg,,"St. John's College, Santa Fe"
461263,041597,American Medical Sciences Center,Glendale,CA,91204-5108,34.147117,-118.256991,https://www.amsc.edu/,https://amsc.edu/financial-aid/net-price-calculator/,private_for_profit,city,10,False,False,False,,,,,,,,,,,,,365.0,15.0,100.0,75.0,29972.0,,,,21629.0,20202.0,69.2,,,
132408,021596,Baptist University of Florida,Graceville,FL,32440,30.962708,-85.503931,https://www.buf.edu/,https://www.buf.edu/net-price-calculator,private_nonprofit,rural,22,False,False,False,75.0,36.0,not_considered,,,,,,,,,,360.0,8.0,45.0,51.8,42836.0,23159.0,15000.0,15000.0,10372.0,8754.0,39.9,,,Baptist College of Florida
449889,041513,American College of Education,Indianapolis,IN,46204,39.76975,-86.160161,https://www.ace.edu/,https://ace.edu/tuition-and-admissions/grants-scholarships/,private_for_profit,city,32,False,False,False,,,,,,,,,,,,,359.0,9.0,,,,,,,,,0.0,,,American College of Education
160959,011385,College of the Atlantic,Bar Harbor,ME,04609,44.395258,-68.221517,https://www.coa.edu/,https://npc.collegeboard.org/app/atlantic,private_nonprofit,rural,21,False,False,False,,70.2,considered_not_required,1240.0,1430.0,660.0,730.0,580.0,700.0,1370.0,,,353.0,9.0,85.0,68.3,40264.0,58266.0,47997.0,47997.0,25184.0,20415.0,28.1,,,College of the Atlantic
433004,032253,American University of Health Sciences,Signal Hill,CA,90755-3612,33.796849,-118.171366,https://www.auhs.edu/,https://www.auhs.edu/wp-content/uploads/2025/06/net-price-calculator.html,private_for_profit,suburb,26,False,False,False,,50.0,not_considered,,,,,,,,,,351.0,16.0,100.0,50.0,93610.0,,24575.0,24575.0,,,45.6,,,American University of Health Sciences
214740,003329,Pennsylvania State University-Penn State DuBois,DuBois,PA,15801-2549,41.127184,-78.751554,https://dubois.psu.edu/,https://tuition.psu.edu/student-tuition-calculators,public,town,-2,False,False,False,,97.1,considered_not_required,990.0,1210.0,490.0,630.0,500.0,580.0,1080.0,,,349.0,9.0,86.4,33.8,63435.0,28530.0,14408.0,24134.0,17428.0,7490.0,29.5,,,Penn State DuBois
214786,003329,Pennsylvania State University-Penn State Greater Allegheny,McKeesport,PA,15132-7644,40.345591,-79.827428,https://greaterallegheny.psu.edu/,https://tuition.psu.edu/student-tuition-calculators,public,suburb,-2,False,False,False,,96.5,considered_not_required,1080.0,1280.0,560.0,620.0,520.0,660.0,1160.0,,,349.0,9.0,77.9,19.0,63435.0,26214.0,14408.0,24134.0,15521.0,10600.0,41.3,,,Penn State Greater Allegheny
498447,031150,Arizona College of Nursing-Falls Church,Falls Church,VA,22042-4566,38.860531,-77.218156,https://www.arizonacollege.edu/,https://www.arizonacollege.edu/admissions/financial-aid/net-price-calculator/,private_for_profit,suburb,-2,False,False,False,,100.0,not_considered,,,,,,,,,,348.0,20.0,58.3,,34657.0,42280.0,24413.0,24413.0,38690.0,39506.0,61.9,,,
433420,009989,California Aeronautical University,Bakersfield,CA,93308,35.434905,-119.049264,https://www.calaero.edu/,https://cloud.calaero.com/npc/npc_cau.htm,private_for_profit,suburb,28,False,False,False,,,,,,,,,,,,,347.0,8.0,69.2,30.2,38361.0,46233.0,37667.0,37667.0,36126.0,35535.0,46.3,,,
188182,002650,University of the Southwest,Hobbs,NM,88240,32.775496,-103.186948,https://www.usw.edu/,https://www.usw.edu/admissions/sfaid/cost-of-attendance/net-price-calculator,private_nonprofit,town,18,False,False,False,,,,,,,,,,,,,346.0,21.0,55.1,17.0,45389.0,28210.0,16670.0,16670.0,16927.0,15384.0,55.2,,,University of the Southwest
106306,001087,Arkansas Baptist College,Little Rock,AR,72202-6068,34.734751,-92.290555,https://www.arkansasbaptist.edu/,https://www.arkansasbaptist.edu/net-price-calculator/,private_nonprofit,city,23,True,False,False,54.0,,,,,,,,,,,,342.0,13.0,23.4,7.4,28418.0,23060.0,8760.0,8760.0,10627.0,7715.0,79.4,http://commons.wikimedia.org/wiki/Special:FilePath/Main%20Building%2C%20Arkansas%20Baptist%20College.JPG,,Arkansas Baptist College
127653,021175,Naropa University,Boulder,CO,80302-6697,40.014235,-105.266987,https://www.naropa.edu/,https://www.naropa.edu/admissions-aid/costs-aid/undergraduate-costs-aid/price-calculator/,private_nonprofit,city,19,False,False,False,,100.0,not_considered,,,,,,,,,,339.0,10.0,54.2,36.7,28720.0,53397.0,36620.0,36620.0,29179.0,21457.0,51.4,http://commons.wikimedia.org/wiki/Special:FilePath/Naropa%20University%20in%20Boulder%20Colorado%201.jpg,,Naropa University
148016,001744,Principia College,Elsah,IL,62028-9799,38.948835,-90.350285,https://www.principiacollege.edu/,https://npc.collegeboard.org/app/principia,private_nonprofit,rural,21,False,False,False,,,,,,,,,,,,,339.0,6.0,83.1,74.3,,,34680.0,34680.0,,,0.0,http://commons.wikimedia.org/wiki/Special:FilePath/Principia-chapel-LARGE2.jpg,http://commons.wikimedia.org/wiki/Special:FilePath/Principia%20college%20logo.png,Principia College
455664,021553,The Chicago School at Los Angeles,Los Angeles,CA,90017,34.049478,-118.257045,https://www.thechicagoschool.edu/in-the-community/locations/,https://www.thechicagoschool.edu/admissions/financial-aid/funding-your-education/,private_nonprofit,city,26,False,False,False,,46.3,considered_not_required,,,,,,,,,,337.0,11.0,,0.0,56899.0,,21780.0,21780.0,,,56.5,,,
179265,002504,University of Health Sciences and Pharmacy in St. Louis,Saint Louis,MO,63110-1088,38.636904,-90.260617,https://www.uhsp.edu/,https://www.uhsp.edu/financialaid/cost-of-attendance/net-price-calculator.html,private_nonprofit,city,26,False,False,False,,89.8,considered_not_required,1055.0,1240.0,530.0,620.0,525.0,620.0,1131.0,18.0,25.0,337.0,9.0,69.2,61.7,137047.0,54802.0,32550.0,32550.0,31817.0,24456.0,31.3,,,University of Health Sciences and Pharmacy in St. Louis
499389,031150,Arizona College of Nursing-Aurora,Aurora,CO,80014-3511,39.660088,-104.836952,https://www.arizonacollege.edu/,https://www.arizonacollege.edu/admissions/financial-aid/net-price-calculator/,private_for_profit,city,-2,False,False,False,,100.0,not_considered,,,,,,,,,,336.0,20.0,45.8,,34657.0,43920.0,24653.0,24653.0,37153.0,36913.0,63.3,,,
495420,031150,Arizona College of Nursing-Tampa,Tampa,FL,33607,27.955614,-82.523369,https://www.arizonacollege.edu/,https://www.arizonacollege.edu/admissions/financial-aid/net-price-calculator/,private_for_profit,city,-2,False,False,False,,100.0,not_considered,,,,,,,,,,335.0,20.0,50.0,,34657.0,41613.0,23093.0,23093.0,36680.0,34691.0,57.9,,,
500306,031150,Arizona College of Nursing - Hartford,East Hartford,CT,06108-3288,41.768617,-72.662653,https://www.arizonacollege.edu/,https://www.arizonacollege.edu/admissions/financial-aid/net-price-calculator/,private_for_profit,city,-2,False,False,False,,100.0,not_considered,,,,,,,,,,334.0,20.0,,,34657.0,48113.0,24653.0,24653.0,43500.0,38869.0,48.2,,,
187745,021464,Institute of American Indian and Alaska Native Culture and Arts Development,Santa Fe,NM,87508-1300,35.586563,-106.010015,https://iaia.edu/,https://iaia.edu/netprice/,public,rural,33,False,False,False,,97.5,considered_not_required,,,,,,,,,,334.0,9.0,70.3,14.6,24505.0,24854.0,5920.0,5920.0,12570.0,10974.0,22.5,http://commons.wikimedia.org/wiki/Special:FilePath/IAIA%20Museum.jpg,,Institute of American Indian Arts
416801,025554,The University of Texas MD Anderson Cancer Center,Houston,TX,77030-4009,29.707016,-95.396804,https://www.mdanderson.org/,,public,city,26,False,False,False,,,,,,,,,,,,,334.0,9.0,,,90232.0,,,,,,34.2,http://commons.wikimedia.org/wiki/Special:FilePath/M.%20D.%20Anderson%20Cancer%20Center%20Main%20Building.jpg,,The University of Texas MD Anderson Cancer Center
162061,001436,Capitol Technology University,Laurel,MD,20708,39.046673,-76.850231,https://www.captechu.edu/,https://mycapitol.captechu.edu/ICS/College_Offices/Financial_Aid_Office/Net_Price_Calculator.jnz,private_nonprofit,suburb,17,False,False,False,,74.4,not_considered,,,,,,,,,,315.0,9.0,76.8,42.7,85035.0,42471.0,27592.0,27592.0,22102.0,19682.0,39.2,,,Capitol Technology University
457402,041563,University of Fort Lauderdale,Lauderhill,FL,33313,26.147098,-80.204938,https://uftl.edu/,https://uftl.edu/UFTLFinancialAid.php,private_nonprofit,suburb,32,False,False,False,108.0,,,,,,,,,,,,314.0,15.0,,100.0,38062.0,24410.0,9810.0,9810.0,19965.0,19965.0,68.8,,,University of Fort Lauderdale
214643,003329,Pennsylvania State University-Penn State Wilkes-Barre,Dallas,PA,18627-0217,41.305602,-76.016151,https://wilkesbarre.psu.edu/,https://tuition.psu.edu/student-tuition-calculators,public,rural,-2,False,False,False,,97.0,considered_not_required,1090.0,1330.0,550.0,680.0,540.0,650.0,1200.0,,,313.0,10.0,80.7,22.7,63435.0,25994.0,14280.0,24006.0,16448.0,9795.0,39.4,,,
120768,001255,Pacific Oaks College,Pasadena,CA,91103,34.153382,-118.151323,https://www.pacificoaks.edu/,https://www.pacificoaks.edu/admissions/cost-financial-aid/financial-aid-services/,private_nonprofit,city,19,False,False,False,,34.4,considered_not_required,,,,,,,,,,312.0,11.0,,,52485.0,,32520.0,32520.0,,,56.6,,,Pacific Oaks College
189282,006438,Mount Sinai Phillips School of Nursing,New York,NY,10035-6354,40.804778,-73.936639,https://www.pson.edu/,https://nces.ed.gov/ipeds/netpricecalculator/,private_nonprofit,city,26,False,False,False,,,,,,,,,,,,,311.0,8.0,,100.0,96980.0,,,,,,0.7,http://commons.wikimedia.org/wiki/Special:FilePath/Beth%20Israel%20Medical%20Center%20-%20New%20York%20City.jpg,http://commons.wikimedia.org/wiki/Special:FilePath/Phillips%20School%20of%20Nursing%20at%20Mount%20Sinai%20Beth%20Israel%20logo.svg,Mount Sinai Phillips School of Nursing
241766,010819,Puerto Rico Conservatory of Music,San Juan,PR,00907-3373,18.454016,-66.078811,https://cmpr.edu/,https://cmpr.edu/npcalc.htm,public,city,30,False,False,False,,78.3,not_considered,,,,,,,,,,307.0,4.0,87.5,66.7,19474.0,12920.0,3370.0,3850.0,7260.0,7144.0,61.7,http://commons.wikimedia.org/wiki/Special:FilePath/Cmpr-antiguo.jpg,http://commons.wikimedia.org/wiki/Special:FilePath/Logo%20del%20Conservatorio%20de%20M%C3%BAsica%20de%20Puerto%20Rico.png,Conservatory of Music of Puerto Rico
497268,031150,Arizona College of Nursing-Salt Lake City,Murray,UT,84123-2790,40.656372,-111.903426,https://www.arizonacollege.edu/,https://www.arizonacollege.edu/admissions/financial-aid/net-price-calculator/,private_for_profit,city,-2,False,False,False,,100.0,not_considered,,,,,,,,,,306.0,20.0,60.0,,34657.0,41871.0,22587.0,22587.0,37660.0,35986.0,54.8,,,
440396,041502,New Saint Andrews College,Moscow,ID,83843-1525,46.731422,-117.001804,https://nsa.edu/,https://nsa.edu/admissions/tuition-fees,private_nonprofit,town,21,False,False,False,79.0,83.9,required,1155.0,1358.0,605.0,688.0,550.0,670.0,1262.0,23.0,30.0,305.0,19.0,85.3,73.9,,,16800.0,16800.0,,,0.0,,,New Saint Andrews College
218335,003438,Medical University of South Carolina,Charleston,SC,29425,32.784363,-79.947158,https://musc.edu/,https://education.musc.edu/admissions/tuition-fees,public,city,27,False,False,False,,,,,,,,,,,,,303.0,11.0,,,88420.0,,,,,,11.4,http://commons.wikimedia.org/wiki/Special:FilePath/169%20Ashley.jpg,,Medical University of South Carolina
101116,013039,South University-Montgomery,Montgomery,AL,36116,32.342684,-86.216488,https://www.southuniversity.edu/,https://www.southuniversity.edu/montgomery/net-price-calculator,private_for_profit,city,22,False,False,False,,,,,,,,,,,,,299.0,13.0,61.5,9.1,34421.0,34793.0,18145.0,18145.0,27807.0,27444.0,65.6,,,South University-Montgomery
204802,003100,Ohio University-Eastern Campus,Saint Clairsville,OH,43950,40.073392,-80.976073,https://www.ohio.edu/eastern/,https://npc.collegeboard.org/app/ohio,public,rural,3,False,False,False,,,,,,,,,,,,,298.0,15.0,62.9,20.6,52581.0,10777.0,6362.0,9444.0,3925.0,1691.0,9.8,,,Ohio University Eastern Campus
449384,040764,Gnomon,North Hollywood,CA,91606-3324,34.181916,-118.394477,https://www.gnomon.edu/,https://www.gnomon.edu/admissions/net-price-calculator,private_for_profit,city,30,False,False,False,,41.8,not_considered,,,,,,,,,,294.0,11.0,90.0,100.0,114785.0,54947.0,37635.0,37635.0,51949.0,,10.8,,,Gnomon School of Visual Effects
437097,041103,University of Management and Technology,Arlington,VA,22209-1609,38.89743,-77.072001,https://www.umtweb.edu/,https://umtweb.edu/npc/npcalc.htm,private_for_profit,city,17,False,False,False,,,,,,,,,,,,,294.0,15.0,100.0,33.3,68530.0,,9450.0,9450.0,,,8.4,,,University of Management and Technology
196255,002839,SUNY Downstate Health Sciences University,Brooklyn,NY,11203-2098,40.653855,-73.945535,https://www.downstate.edu/,https://www.suny.edu/smarttrack/net-price-calculator/,public,city,25,False,False,False,,,,,,,,,,,,,293.0,9.0,,,109601.0,,,,,,3.1,,,SUNY Downstate Health Sciences University
132842,010724,Albizu University-Miami,Miami,FL,33172-2209,25.795181,-80.354942,https://www.albizu.edu/,https://www.albizu.edu/wp-content/uploads/netpricecalculator/miami/npcalc.htm,private_nonprofit,city,17,False,False,False,,75.7,not_considered,,,,,,,,,,287.0,12.0,83.3,40.0,41544.0,28344.0,13818.0,13818.0,19849.0,19745.0,66.4,,,
462354,041937,John Paul the Great Catholic University,Escondido,CA,92025,33.12085,-117.082401,https://jpcatholic.edu/,https://jpcatholic.edu/admission/cost/npcalc.html,private_nonprofit,suburb,22,False,False,False,30.0,79.6,considered_not_required,975.0,1270.0,505.0,660.0,470.0,610.0,1130.0,21.0,28.0,286.0,15.0,85.1,63.9,56930.0,52367.0,30265.0,30265.0,34666.0,27029.0,32.6,http://commons.wikimedia.org/wiki/Special:FilePath/Jpcatholic-campus-academic-2019.jpg,,John Paul the Great Catholic University
222877,020814,Arlington Baptist University,Arlington,TX,76012-3425,32.739489,-97.156024,https://abu.edu/,https://www.abu.edu/net-price-calculator,private_nonprofit,city,22,False,False,False,54.0,,,,,,,,,,,,284.0,20.0,41.2,19.4,44644.0,33424.0,20830.0,20830.0,24906.0,21759.0,53.1,,,Arlington Baptist College
466921,006385,Chamberlain University-Missouri,St. Louis,MO,63146,38.701907,-90.436283,https://www.chamberlain.edu/,https://www.chamberlain.edu/admissions/financial-aid-scholarships/calculator,private_for_profit,suburb,26,False,False,False,,100.0,considered_not_required,,,,,,,,,,284.0,10.0,50.0,100.0,92405.0,38999.0,19975.0,19975.0,30716.0,28131.0,54.9,,,
127714,013007,Nazarene Bible College,Colorado Springs,CO,80909,38.862354,-104.758064,https://www.nbc.edu/,https://www.nbc.edu/core/includes/net-price-calculator/npcalc.htm,private_nonprofit,city,24,False,False,False,59.0,,,,,,,,,,,,284.0,6.0,,,41450.0,,10482.0,10482.0,,,14.9,,,Nazarene Bible College
111966,010365,Charles R Drew University of Medicine and Science,Los Angeles,CA,90059,33.925658,-118.242791,https://www.cdrewu.edu/,https://cdrewu.edu/cdu-price-calculator.html,private_nonprofit,suburb,26,False,False,False,,38.7,not_considered,,,,,,,,,,282.0,4.0,50.0,29.6,83438.0,39834.0,23000.0,23000.0,35558.0,35636.0,53.6,http://commons.wikimedia.org/wiki/Special:FilePath/CDU%20Logo.JPG,,Charles R. Drew University of Medicine and Science
163532,002087,Ner Israel Rabbinical College,Pikesville,MD,21208,39.388021,-76.753526,https://nirc.edu/,https://nirc.edu/net-price-calculator/,private_nonprofit,suburb,24,False,True,False,80.0,65.7,not_considered,,,,,,,,,,280.0,20.0,80.5,23.5,66330.0,26750.0,10600.0,10600.0,13572.0,,16.1,,,Yeshivas Ner Yisroel
443049,036894,Faith International University,Tacoma,WA,98407-2607,47.280168,-122.51687,https://www.faithiu.edu/,https://netprice.simpleapply.com/Faith/NPC/Summary/,private_nonprofit,city,20,False,False,False,79.0,,,,,,,,,,,,276.0,16.0,66.7,25.0,51006.0,31368.0,8850.0,8850.0,22662.0,22662.0,46.9,,,Faith International University & Seminary
241395,003936,Pontifical Catholic University of Puerto Rico-Arecibo,Arecibo,PR,00614-4045,18.446006,-66.679114,https://www.pucpr.edu/arecibo,https://arecibo.pucpr.edu/net_price_calculator/,private_nonprofit,suburb,17,False,False,False,30.0,93.8,considered_not_required,,,,,,,,,,273.0,10.0,87.0,53.9,24908.0,18678.0,6550.0,6550.0,11117.0,10939.0,68.8,,,Pontifical Catholic University of Puerto Rico Arecibo Campus
148575,006240,Saint Francis Medical Center College of Nursing,Peoria,IL,61603-3783,40.701241,-89.590322,https://www.sfmccon.edu/,https://www.osfhealthcare.org/sfmccon/students/financial-aid/net-price-calculator/,private_nonprofit,city,26,False,False,False,30.0,,,,,,,,,,,,273.0,8.0,,,72850.0,,,,,,22.9,,,Saint Francis Medical Center College of Nursing
139579,013039,South University-Savannah,Savannah,GA,31406,31.999481,-81.105531,"https://www.southuniversity.edu/savannah#location=Savannah, GA",https://www.southuniversity.edu/savannah/net-price-calculator,private_for_profit,city,18,False,False,False,,,,,,,,,,,,,270.0,9.0,22.2,9.1,34421.0,36577.0,18145.0,18145.0,28743.0,27713.0,61.9,,http://commons.wikimedia.org/wiki/Special:FilePath/South%20University%20Logo.png,South University
207157,010266,Randall University,Moore,OK,73160,35.300757,-97.491107,https://www.ru.edu/,https://ru.edu/current-students/financial-information/calculator/,private_nonprofit,suburb,21,False,False,False,41.0,57.9,considered_not_required,,,,,,,980.0,16.0,20.0,267.0,11.0,56.2,26.4,42051.0,26126.0,17714.0,17714.0,16383.0,19216.0,37.4,,,Hillsdale Free Will Baptist College
152798,030691,Allen College,Waterloo,IA,50703-1999,42.530084,-92.340148,https://www.allencollege.edu/,https://www.allencollege.edu/cost-calculator/index.html,private_nonprofit,city,26,False,False,False,,,,,,,,,,,,,261.0,8.0,,,71261.0,,,,,,24.0,,,Allen College
115083,001205,Golden Gate University,San Francisco,CA,94105-2968,37.789374,-122.398969,https://www.ggu.edu/,https://ggu.edu/admissions/tuition-and-financial-aid/#net-price-calculator,private_nonprofit,city,18,False,False,False,,,,,,,,,,,,,259.0,7.0,,,87434.0,,,,,,35.6,http://commons.wikimedia.org/wiki/Special:FilePath/Golden%20Gate%20University.jpg,http://commons.wikimedia.org/wiki/Special:FilePath/Ggulogo.gif,Golden Gate University
454582,001937,Ottawa University-Online,Overland Park,KS,66211,38.932055,-94.635461,https://www.ottawa.edu/,https://www.ottawa.edu/professional-and-online/tuition-and-financial-aid/financial-aid,private_nonprofit,city,22,False,False,False,52.0,,,,,,,,,,,,259.0,7.0,100.0,42.9,55552.0,,13296.0,13296.0,,,33.9,,,
454236,006385,Chamberlain University-Ohio,Columbus,OH,43219,40.054055,-82.912163,https://www.chamberlain.edu/,https://www.chamberlain.edu/admissions/financial-aid-scholarships/calculator,private_for_profit,city,26,False,False,False,,87.5,considered_not_required,,,,,,,,,,257.0,8.0,33.3,28.6,92405.0,42634.0,19975.0,19975.0,31544.0,30389.0,50.0,,,
496283,023608,Provo College-Idaho Falls Campus,Idaho Falls,ID,83404-3538,43.481,-112.00228,https://www.eaglegatecollege.edu/,https://www.eaglegatecollege.edu/financial-aid-admissions/net-price-calculator/,private_for_profit,city,-2,False,False,False,,,,,,,,,,,,,257.0,12.0,40.0,,39645.0,39585.0,19068.0,19068.0,33576.0,34080.0,38.6,,,
214634,003329,Pennsylvania State University-Penn State Shenango,Sharon,PA,16146-1537,41.235131,-80.50924,https://shenango.psu.edu/,https://tuition.psu.edu/student-tuition-calculators,public,town,-2,False,False,False,,92.2,considered_not_required,,,,,,,,,,256.0,7.0,65.8,41.9,63435.0,26821.0,14024.0,23560.0,18095.0,14946.0,39.2,,,Penn State Shenango
177117,002458,Cottey College,Nevada,MO,64772,37.836127,-94.371311,https://www.cottey.edu/,https://cottey.edu/financial-aid/,private_nonprofit,town,23,False,False,True,,69.2,not_considered,,,,,,,,,,254.0,6.0,67.2,56.2,35422.0,39269.0,27562.0,27562.0,13805.0,14093.0,46.2,,,Cottey College
133465,013039,South University-West Palm Beach,Royal Palm Beach,FL,33411,26.69215,-80.200219,"https://www.southuniversity.edu/west-palm-beach#location=West Palm Beach, FL",https://www.southuniversity.edu/west-palm-beach/net-price-calculator,private_for_profit,suburb,26,False,False,False,,,,,,,,,,,,,251.0,12.0,100.0,18.2,34421.0,29798.0,18145.0,18145.0,20271.0,16177.0,59.5,,,
439701,035163,The King's University,Southlake,TX,76092,32.93973,-97.121526,https://www.tku.edu/,https://www.tku.edu/admissions/financial-aid/financial-aid-calculator/,private_nonprofit,suburb,24,False,False,False,42.0,60.6,considered_not_required,,,,,,,,,,251.0,10.0,50.0,47.4,41471.0,18075.0,12480.0,12480.0,14140.0,16825.0,38.6,,,The King's University
368452,025782,Nossi College of Art and Design,Nashville,TN,37115,36.24323,-86.738561,https://www.nossi.edu/,https://nossi.edu/admissions/tuition-rates,private_for_profit,city,30,False,False,False,,46.3,not_considered,,,,,,,,,,247.0,10.0,88.0,41.8,35113.0,27710.0,20350.0,20350.0,24044.0,23099.0,57.2,,,
147129,006228,Methodist College,Peoria,IL,61615,40.7804,-89.682864,https://www.methodistcol.edu/,https://www.methodistcol.edu/net-price-calculator.aspx,private_nonprofit,city,26,False,False,False,,38.9,considered_not_required,,,,,,,,,,245.0,5.0,,20.0,69800.0,46874.0,18008.0,18008.0,41787.0,,51.1,,,Methodist College
210492,003228,Bryn Athyn College of the New Church,Bryn Athyn,PA,19009-0717,40.134393,-75.060808,https://www.brynathyn.edu/,https://brynathyn.edu/_media/documents/net-price-calculator.html,private_nonprofit,suburb,21,False,False,False,99.0,82.9,considered_not_required,,,,,,,,,,244.0,8.0,73.3,67.7,40457.0,41093.0,28917.0,28917.0,20586.0,13271.0,40.3,,,Bryn Athyn College
443562,031121,Dewey University-Hato Rey,Hato Rey,PR,00910,18.417614,-66.043033,https://dewey.edu/,https://dewey.edu/jdc/matricula2012/NetPriceCalculator/npcalc.htm,private_nonprofit,city,26,False,False,False,,,,,,,,,,,,,244.0,21.0,56.7,53.7,19761.0,11993.0,8180.0,8180.0,3577.0,3192.0,93.7,,,
197674,011670,Yeshiva of Nitra Rabbinical College,Chester,NY,10918,41.353674,-74.255911,https://yeshivaofnitra.org/,https://yeshivaofnitra.org/calculator/npcalc.htm,private_nonprofit,rural,24,False,True,False,,,,,,,,,,,,,243.0,20.0,82.0,11.3,41785.0,23300.0,14000.0,14000.0,10880.0,10236.0,79.8,,,Yeshiva of Nitra
232885,031065,Sentara College of Health Sciences,Chesapeake,VA,23320,36.777043,-76.243308,https://www.sentara.edu/,https://www.sentara.edu,private_nonprofit,city,26,False,False,False,,,,,,,,,,,,,242.0,7.0,,,77821.0,,,,,,35.0,,,Sentara College of Health Sciences
492689,042808,Texas Tech University Health Scienes Center El Paso,El Paso,TX,79905,31.771891,-106.43122,https://elpaso.ttuhsc.edu/,https://www.highered.texas.gov/student-financial-aid-programs/net-price-calculator/,public,city,25,False,False,False,,,,,,,,,,,,,242.0,12.0,,,,,,,,,53.0,,,Texas Tech University Health Sciences Center El Paso
100690,025034,Amridge University,Montgomery,AL,36117-3553,32.362609,-86.17401,https://www.amridgeuniversity.edu/,https://www2.amridgeuniversity.edu:9091/,private_nonprofit,city,20,False,False,False,74.0,,,,,,,,,,,,241.0,12.0,,100.0,37621.0,,7590.0,7590.0,,,76.5,,http://commons.wikimedia.org/wiki/Special:FilePath/Amridge%20University%20Header.svg,Amridge University
497824,002463,Evangel University-College of Online Learning,Springfield,MO,65802-2125,37.220956,-93.262614,https://www.evangel.edu/,https://www.evangel.edu/tuition-fees-and-billing/,private_nonprofit,city,-2,False,False,False,27.0,49.2,considered_not_required,,,,,,,,,,240.0,8.0,66.7,50.0,46573.0,26454.0,8175.0,8175.0,22503.0,21199.0,44.4,,,
459268,013039,South University-Virginia Beach,Virginia Beach,VA,23452,36.8336,-76.124288,"https://www.southuniversity.edu/virginia-beach#location=Virginia Beach, VA",https://www.southuniversity.edu/virginia-beach/net-price-calculator,private_for_profit,city,22,False,False,False,,,,,,,,,,,,,240.0,13.0,100.0,8.3,34421.0,36577.0,18145.0,18145.0,27843.0,25368.0,52.8,,,South University Virginia Beach
123952,020758,Southern California Institute of Architecture,Los Angeles,CA,90013-1822,34.044215,-118.232799,https://www.sciarc.edu/,https://www.sciarc.edu/admissions/financial-aid/cost-to-attend,private_nonprofit,city,32,False,False,False,,76.6,considered_not_required,,,,,,,,,,236.0,9.0,91.4,71.4,71909.0,71612.0,56162.0,56162.0,43923.0,36824.0,21.3,http://commons.wikimedia.org/wiki/Special:FilePath/Pavillion.jpg,http://commons.wikimedia.org/wiki/Special:FilePath/Sciarclogo.svg,Southern California Institute of Architecture
480985,042183,Midwives College of Utah,Salt Lake City,UT,84106,40.71089,-111.857036,https://www.midwifery.edu/,https://www.midwifery.edu/financial-aid-information/,private_nonprofit,city,26,False,False,False,,85.7,not_considered,,,,,,,,,,234.0,3.0,50.0,40.0,,45179.0,8583.0,8583.0,37278.0,39632.0,56.5,,,Midwives College of Utah
456621,001459,Strayer University-West Virginia,Scott Depot,WV,25560,38.454588,-81.92619,https://www.strayer.edu/campus-locations/west-virginia/teays-valley,https://strayer.aidcalc.cloud/netprice.htm,private_for_profit,suburb,29,False,False,False,,,,,,,,,,,,,234.0,47.0,,0.0,40092.0,,13920.0,13920.0,,,91.0,,,
243203,024600,University of Puerto Rico-Medical Sciences,San Juan,PR,00936-5067,18.396548,-66.074894,https://www.rcm.upr.edu/,https://www.rcm.upr.edu/net-price-calculator/,public,city,25,False,False,False,,,,,,,,,,,,,233.0,2.0,,,45953.0,,,,,,54.0,,,"University of Puerto Rico, Medical Sciences Campus"
405854,031292,Rabbinical College of Ohr Shimon Yisroel,Brooklyn,NY,11211,40.704389,-73.956772,https://ohr-sy.com/,https://ohrcosy.org/,private_nonprofit,city,24,False,True,False,80.0,,,,,,,,,,,,232.0,15.0,61.5,41.2,,41283.0,22300.0,22300.0,32594.0,31932.0,84.5,,,
459259,013039,South University-Richmond,Glen Allen,VA,23060,37.64706,-77.599967,"https://www.southuniversity.edu/richmond#location=Richmond, VA",https://www.southuniversity.edu/richmond/net-price-calculator,private_for_profit,suburb,26,False,False,False,,,,,,,,,,,,,232.0,11.0,66.7,42.1,34421.0,36577.0,18145.0,18145.0,30442.0,29903.0,39.1,,,South University-Richmond
481401,042154,Grace School of Theology,The Woodlands,TX,77381,30.205731,-95.472493,https://www.gsot.edu/,https://gsot.edu/netpricecalculator/npcalc.htm,private_nonprofit,city,24,False,False,False,42.0,,,,,,,,,,,,229.0,12.0,100.0,100.0,,11881.0,7720.0,7720.0,11881.0,11881.0,5.9,,,Grace School of Theology
177986,004703,Logan University,Chesterfield,MO,63017,38.63133,-90.542333,https://www.logan.edu/,https://www.logan.edu/admissions/tuition,private_nonprofit,suburb,26,False,False,False,,64.3,not_considered,,,,,,,,,,229.0,9.0,50.0,22.2,55838.0,26928.0,9000.0,9000.0,20218.0,14934.0,40.4,http://commons.wikimedia.org/wiki/Special:FilePath/Campus-Visit-Main-Header.jpg,http://commons.wikimedia.org/wiki/Special:FilePath/Logan%20University%20logo%202019%20-%20color.svg,Logan University
102395,021706,United States Sports University,Daphne,AL,36526-7055,30.639329,-87.91163,https://www.ussu.edu/,https://ussu.edu/admissions/costs-aid/cost-estimator/,private_nonprofit,city,32,False,False,False,,61.4,not_considered,,,,,,,,,,228.0,14.0,42.9,,55257.0,32606.0,13800.0,13800.0,24076.0,21550.0,44.6,,,United States Sports Academy
446385,038684,Los Angeles College of Music,Pasadena,CA,91105,34.139293,-118.150113,https://www.lacm.edu/,https://www.lacm.edu/wp-content/uploads/2020/08/index.html,private_for_profit,city,30,False,False,False,,87.7,not_considered,,,,,,,,,,227.0,3.0,61.3,41.3,31758.0,49705.0,30540.0,30540.0,43590.0,42657.0,20.2,,,Los Angeles College of Music
451398,041311,Yeshiva Toras Chaim,Lakewood,NJ,08701,40.098692,-74.182143,https://ytclakewood.com/,https://sites.google.com/site/yeshivatoraschaimlakewood/,private_nonprofit,suburb,24,False,False,False,,44.2,not_considered,,,,,,,,,,227.0,21.0,91.9,31.0,62526.0,23250.0,12750.0,12750.0,5356.0,3247.0,37.8,http://commons.wikimedia.org/wiki/Special:FilePath/Yeshiva%20building%20in%20color.jpg,,Yeshiva Toras Chaim
447421,021785,Eagle Gate College-Layton,Layton,UT,84041,41.073374,-111.973885,https://www.eaglegatecollege.edu/,https://www.eaglegatecollege.edu/financial-aid-admissions/net-price-calculator/,private_for_profit,suburb,26,False,False,False,,,,,,,,,,,,,226.0,28.0,66.7,38.5,37518.0,,,,25873.0,18399.0,37.6,,,
166911,020630,Montserrat College of Art,Beverly,MA,01915-4508,42.550212,-70.876131,https://www.montserrat.edu/,https://www.montserrat.edu/wp-content/uploads/2025/06/index.html,private_nonprofit,suburb,22,False,False,False,,,,,,,,,,,,,226.0,8.0,90.9,53.5,33022.0,58616.0,40690.0,40690.0,33216.0,25388.0,35.0,http://commons.wikimedia.org/wiki/Special:FilePath/Hardie%20Building.jpg,,Montserrat College of Art
122506,001278,San Francisco Conservatory of Music,San Francisco,CA,94102-6011,37.775543,-122.420292,https://sfcm.edu/,https://sfcm.edu/admissions/cost-aid/tuition-fees,private_nonprofit,city,30,False,False,False,,54.9,not_considered,,,,,,,,,,226.0,5.0,92.7,73.7,,78781.0,56150.0,56150.0,42607.0,55704.0,16.7,http://commons.wikimedia.org/wiki/Special:FilePath/San%20Francisco%20Conservatory%20of%20Music%20-%20DSC01305.JPG,,San Francisco Conservatory of Music
220206,030018,Welch College,Gallatin,TN,37066-8460,36.36719,-86.549153,https://www.welch.edu/,https://www.welch.edu/net-price-calculator/,private_nonprofit,suburb,22,False,False,False,41.0,,,,,,,,,,,,226.0,8.0,61.2,53.4,42198.0,37072.0,21400.0,21400.0,25263.0,25590.0,28.2,http://commons.wikimedia.org/wiki/Special:FilePath/Welch%20College%20Color%20-%20Stacked-01.jpg,,Welch College
375230,030001,Yeshiva Gedolah Imrei Yosef D'spinka,Brooklyn,NY,11219,40.628468,-73.992328,https://spinka58st.com/,https://spinka58st.com/netpricecalculator/npcalc.html,private_nonprofit,city,24,False,True,False,80.0,,,,,,,,,,,,226.0,21.0,79.5,21.6,36545.0,15989.0,12500.0,12500.0,5646.0,5174.0,91.7,,,
224244,006941,Dallas Christian College,Dallas,TX,75234-7299,32.913692,-96.887117,https://www.dallas.edu/,https://www.dallas.edu/Financial-Services,private_nonprofit,suburb,22,False,False,False,48.0,21.8,considered_not_required,788.0,1088.0,397.0,522.0,391.0,566.0,931.0,15.0,19.0,224.0,13.0,40.9,28.6,43503.0,34502.0,21730.0,21730.0,22960.0,19302.0,48.6,,,Dallas Christian College
494737,042876,Yeshiva Yesoda Hatorah Vetz Chaim,Brooklyn,NY,11211-7106,40.706959,-73.961026,https://yeshivayh.org/,https://yeshivayh.org/netprice,private_nonprofit,city,24,False,False,False,80.0,,,,,,,,,,,,223.0,20.0,100.0,42.9,,24473.0,14000.0,14000.0,11549.0,10426.0,80.4,,,
155636,001937,Ottawa University-Kansas City,Overland Park,KS,66211,38.932055,-94.635461,https://www.ottawa.edu/,https://www.ottawa.edu/professional-and-online/tuition-and-financial-aid/financial-aid,private_nonprofit,city,20,False,False,False,52.0,,,,,,,,,,,,219.0,6.0,,,55552.0,,,,,,49.1,,,Ottawa University - Kansas City
105589,020653,Prescott College,Prescott,AZ,86301,34.5452,-112.477185,https://prescott.edu/,https://shoppingsheet.com/Shopping/Landing/prescott,private_nonprofit,city,19,False,False,False,,94.5,not_considered,,,,,,,,,,219.0,8.0,73.9,55.6,42359.0,48532.0,35685.0,35685.0,22583.0,22542.0,41.6,,,Prescott College
129534,001389,Holy Apostles College and Seminary,Cromwell,CT,06416-2005,41.60682,-72.647853,https://www.holyapostles.edu/,https://www.holyapostles.edu/static/npc/npcalc.htm,private_nonprofit,suburb,19,False,False,False,30.0,,,,,,,,,,,,216.0,6.0,90.9,78.6,,17990.0,9580.0,9580.0,10117.0,10117.0,21.5,,,Holy Apostles College and Seminary
480073,013039,South University-Austin,Round Rock,TX,78681-2300,30.479474,-97.689972,"https://www.southuniversity.edu/austin#location=Austin, TX",https://www.southuniversity.edu/austin/net-price-calculator,private_for_profit,city,22,False,False,False,,,,,,,,,,,,,211.0,10.0,38.5,0.0,34421.0,33349.0,18145.0,18145.0,25680.0,25420.0,59.3,,,
482574,010727,DeVry University-Ohio,Columbus,OH,43219,40.046679,-82.906219,https://www.devry.edu/,https://my.devry.edu/npc,private_for_profit,city,22,False,False,False,,100.0,considered_not_required,,,,,,,,,,210.0,19.0,60.0,38.9,45987.0,34318.0,17408.0,17408.0,25001.0,25001.0,79.4,,,DeVry University-Ohio
401223,038683,World Mission University,Los Angeles,CA,90020,34.064918,-118.289484,https://www.wmu.edu/,https://www.wmu.edu/financialcalculator/,private_nonprofit,city,24,False,False,False,99.0,,,,,,,,,,,,207.0,42.0,100.0,100.0,,22505.0,6920.0,6920.0,15785.0,15785.0,41.1,,,World Mission University
444413,037133,Beis Medrash Heichal Dovid,Far Rockaway,NY,11691-4433,40.596845,-73.751633,https://www.heichaldovid.org/,https://heichaldovid.org/calculator.html,private_nonprofit,city,24,False,True,False,80.0,79.0,not_considered,,,,,,,,,,206.0,23.0,83.5,52.6,,20540.0,10480.0,10480.0,10909.0,8444.0,14.8,,,
201061,003011,Art Academy of Cincinnati,Cincinnati,OH,45202-1706,39.108805,-84.513913,https://www.artacademy.edu/,https://www.artacademy.edu/about-aac/consumer-information-statistics/net-price-calculator,private_nonprofit,city,30,False,False,False,,34.5,considered_not_required,,,,,,,,,,205.0,9.0,50.9,41.3,34368.0,53879.0,41375.0,41375.0,34253.0,33835.0,50.6,http://commons.wikimedia.org/wiki/Special:FilePath/Art-Academy-of-Cincinnati.jpg,,Art Academy of Cincinnati
110060,032663,Bethesda University,Anaheim,CA,92801,33.842295,-117.941323,https://www.buc.edu/,https://www.buc.edu/net-price-calculator,private_nonprofit,city,22,False,False,False,99.0,,,,,,,,,,,,205.0,7.0,44.8,11.1,,13575.0,7220.0,7220.0,11097.0,9747.0,34.0,,,Bethesda University
192165,010549,Kehilath Yakov Rabbinical Seminary,Ossining,NY,10562,41.220521,-73.814887,https://kehilathyakov.com/,https://kehilathyakov.com/,private_nonprofit,rural,24,False,True,False,80.0,,,,,,,,,,,,205.0,15.0,100.0,63.4,36442.0,17850.0,13200.0,13200.0,3822.0,3505.0,82.0,,,
117557,006975,Lincoln University,Oakland,CA,94612-2801,37.804788,-122.269745,https://lincolnuca.edu/,https://file.lincolnuca.edu/2021/Spring 2021/Others/npcalc.html,private_nonprofit,city,29,False,False,False,,,,,,,,,,,,,204.0,15.0,88.9,100.0,53695.0,,13150.0,13150.0,,,0.0,http://commons.wikimedia.org/wiki/Special:FilePath/Lincoln%20University%2C%20Oakland%2C%20from%20northwest.jpg,,Lincoln University
489344,006385,Chamberlain University-North Carolina,Charlotte,NC,28273,35.13766,-80.931971,https://www.chamberlain.edu/,https://www.chamberlain.edu/admissions/financial-aid-scholarships/calculator,private_for_profit,city,26,False,False,False,,100.0,considered_not_required,,,,,,,,,,202.0,11.0,50.0,,92405.0,42634.0,20785.0,20785.0,38436.0,34239.0,43.5,,,
500342,,EDvance College,San Francisco,CA,94104,37.789663,-122.40148,https://edvance.edu/,https://edvance.edu/tuition-and-cost,private_nonprofit,city,-2,False,False,False,,100.0,not_considered,,,,,,,,,,201.0,18.0,,,,,12300.0,12300.0,,,0.0,,,
447953,037524,SUM Bible College and Theological Seminary,El Dorado Hills,CA,95762,38.620833,-121.054758,https://www.sum.edu/,https://www.sum.edu/net-price-calculator/,private_nonprofit,suburb,24,False,False,False,27.0,40.7,not_considered,,,,,,,,,,198.0,18.0,64.3,84.8,35418.0,24956.0,10460.0,10460.0,21680.0,21249.0,44.6,,,
170091,002269,Great Lakes Christian College,Lansing,MI,48917-1299,42.754249,-84.638714,https://www.glcc.edu/,https://glcc.edu/net-price-calculator.html,private_nonprofit,suburb,22,False,False,False,48.0,,,,,,,,,,,,197.0,14.0,48.9,36.0,31053.0,30311.0,19520.0,19520.0,15524.0,12510.0,53.1,,,Great Lakes Christian College
495916,042953,Pathways College,Tempe,AZ,85282,33.472223,-112.06553,https://www.pathwayscollege.edu/,https://pathwayscollege.edu/netprice/net-price.html,private_nonprofit,city,-2,False,False,False,,,,,,,,,,,,,196.0,7.0,,,,,,,,,0.0,,,Pathways College Preparatory School: A College Board School
237136,007544,Appalachian Bible College,Mount Hope,WV,25880-9557,37.853335,-81.198867,https://abc.edu/,https://abc.edu/undergraduate/costs-and-aid/financial-aid/npc/,private_nonprofit,suburb,24,False,False,False,54.0,77.8,required,878.0,1106.0,470.0,583.0,408.0,523.0,1039.0,21.0,23.0,193.0,7.0,65.7,71.0,37467.0,31423.0,18760.0,18760.0,11579.0,8772.0,41.9,,,Appalachian Bible College
498809,043017,Yeshiva of Kasho,Brooklyn,NY,11231-3819,40.671255,-74.00015,https://yokny.org/,https://yokny.org/npc.htm,private_nonprofit,city,-2,False,False,False,80.0,,,,,,,,,,,,185.0,15.0,90.4,10.9,,21356.0,14000.0,14000.0,9200.0,8505.0,81.9,,,
461883,041825,Millennia Atlantic University,Doral,FL,33178,25.808134,-80.352717,https://www.maufl.edu/en/home,https://www.maufl.edu/en/admissions/financial-calculator,private_for_profit,city,29,False,False,False,,,,,,,,,,,,,184.0,7.0,4.4,100.0,,30138.0,13778.0,13778.0,26879.0,26669.0,24.0,,http://commons.wikimedia.org/wiki/Special:FilePath/Millennia%20Atlantic%20University%20logo.gif,Millennia Atlantic University
119775,030439,Newschool of Architecture and Design,San Diego,CA,92101,32.71331,-117.153305,https://www.newschoolarch.edu/,https://newschoolarch.edu/admissions/scholarships-and-financial-aid/financial-aid/,private_for_profit,city,20,False,False,False,,100.0,not_considered,,,,,,,,,,182.0,8.0,62.5,61.9,68891.0,62004.0,30291.0,30291.0,52570.0,47379.0,52.1,http://commons.wikimedia.org/wiki/Special:FilePath/NewSchool%20of%20Architecture%20and%20Design%20Park%20Ave.jpg,http://commons.wikimedia.org/wiki/Special:FilePath/NewSchool-Arch-Logo-Final-BLACK.png,NewSchool of Architecture and Design
186186,008609,Rabbinical College of America,Morristown,NJ,07960-3600,40.805705,-74.49878,https://www.rca.edu/,https://financialaid58.wixsite.com/netpricecalculator,private_nonprofit,suburb,24,False,True,False,,95.2,not_considered,,,,,,,,,,181.0,10.0,75.5,22.2,34990.0,27300.0,10650.0,10650.0,15628.0,8800.0,43.6,,,Rabbinical College of America
197993,002911,Bennett College,Greensboro,NC,27401-3239,36.067531,-79.77998,https://www.bennett.edu/,https://bennett.edu/netpricecalculator/,private_nonprofit,city,21,True,False,True,71.0,50.7,considered_not_required,820.0,1060.0,410.0,580.0,410.0,480.0,925.0,,,178.0,7.0,85.7,25.0,36654.0,41296.0,19140.0,19140.0,28299.0,27576.0,72.8,http://commons.wikimedia.org/wiki/Special:FilePath/Bennett%20College%20from%20Gorrell.jpg,,Bennett College
178989,006392,Research College of Nursing,Kansas City,MO,64132,39.006611,-94.556762,https://researchcollege.edu/,https://researchcollege.edu/about/student-consumer-info.dot,private_for_profit,city,26,False,False,False,,,,,,,,,,,,,177.0,7.0,,,85910.0,,,,,,17.7,,,Research College of Nursing
143297,006214,Blessing Rieman College of Nursing and Health Sciences,Quincy,IL,62305-7005,39.949641,-91.357497,https://www.brcn.edu/,https://nces.ed.gov/collegenavigator/?q=Blessing-Rieman+College+of+Nursing&s=all&id=143297,private_nonprofit,town,26,False,False,False,,,,,,,,,,,,,176.0,12.0,,,72430.0,,,,,,36.2,,,Blessing-Rieman College of Nursing
475273,002211,Springfield College-Regional Online and Continuing Education,Springfield,MA,01109-3739,42.1022,-72.556647,https://springfield.edu/academics/online-programs,https://springfield.edu/financial-aid/undergraduate/net-price-calculator,private_nonprofit,city,20,False,False,False,,,,,,,,,,,,,176.0,9.0,,,48036.0,,,,,,58.9,,,
241614,023355,Universidad Teologica del Caribe,Trujillo Alto,PR,00978-0901,18.373928,-66.010617,https://utcpr.edu/,https://utcpr.edu/Section.aspx,private_nonprofit,suburb,24,False,False,False,57.0,,,,,,,,,,,,173.0,3.0,100.0,38.9,23536.0,11510.0,6660.0,6660.0,9045.0,9045.0,97.9,,,Biblical and Pentecostal College of Puerto Rico
192040,002740,Jewish Theological Seminary of America,New York,NY,10027-4649,40.811892,-73.960582,https://www.jtsa.edu/,https://npc.collegeboard.org/student/app/jtsa,private_nonprofit,city,24,False,False,False,80.0,48.6,considered_not_required,1440.0,1580.0,720.0,790.0,720.0,790.0,1500.0,,,172.0,7.0,95.7,90.3,92751.0,85945.0,67357.0,67357.0,43195.0,,4.1,http://commons.wikimedia.org/wiki/Special:FilePath/Jewish%20Theological%20Seminary%20of%20America%20%2851241367198%29.jpg,,Jewish Theological Seminary of America
149028,009987,Saint Anthony College of Nursing,Rockford,IL,61114,42.310147,-88.991968,https://www.sacn.edu/,https://www.osfhealthcare.org/sacn/admissions/resources/financial-aid/net-price-calculator/,private_nonprofit,city,26,False,False,False,30.0,,not_considered,,,,,,,,,,172.0,6.0,100.0,,77709.0,,27811.0,27811.0,,,38.8,,,Saint Anthony College of Nursing
199582,002968,Saint Augustine's University,Raleigh,NC,27610-2298,35.785468,-78.621301,https://www.st-aug.edu/,https://saintaugustinesuniversity.formstack.com/forms/net_price_calculator,private_nonprofit,city,22,True,False,False,73.0,33.8,not_considered,,,,,,,,,,172.0,10.0,0.0,25.0,35730.0,33179.0,16896.0,16896.0,24313.0,27815.0,50.5,http://commons.wikimedia.org/wiki/Special:FilePath/St.%20Augustine%27s%20University%20Historic%20Chapel.jpg,,St. Augustine's University
491297,005015,University of Wisconsin-Parkside Flex,Kenosha,WI,53141,42.645603,-87.855007,https://flex.wisconsin.edu/,https://flex.wisconsin.edu/tuition-financial-aid/tuition/net-price-calculator/,public,rural,29,False,False,False,,,,,,,,,,,,,172.0,18.0,,,51129.0,,,,,,22.4,,,
155070,001917,Barclay College,Haviland,KS,67059-0288,37.62012,-99.105351,https://www.barclaycollege.edu/,https://www.barclaycollege.edu//admissions/campus/financial-assistance/,private_nonprofit,rural,22,False,False,False,65.0,51.0,not_considered,,,,,,,,,,168.0,8.0,52.4,32.3,36355.0,42890.0,24590.0,24590.0,29290.0,27180.0,51.5,,,Barclay College
493600,042769,Congregation Talmidei Mesivta Tiferes Shmiel Aleksander,Brooklyn,NY,11219-5440,40.624233,-73.994778,https://yeshivaaleksander.org/,https://yeshivaaleksander.org/npc.html,private_nonprofit,city,24,False,False,False,,,,,,,,,,,,,168.0,9.0,100.0,25.9,,25625.0,14125.0,14125.0,13075.0,12633.0,78.1,,,
455770,041539,Providence Christian College,Pasadena,CA,91101,34.149327,-118.141062,https://www.providencecc.edu/,https://www.providencecc.edu/netpricecalculator/index.html,private_nonprofit,city,21,False,False,False,88.0,100.0,not_considered,,,,,,,,,,168.0,17.0,78.6,20.0,46264.0,53447.0,36963.0,36963.0,25163.0,23481.0,31.3,,,Providence Christian College
106810,001095,Crowley's Ridge College,Paragould,AR,72450,36.064845,-90.584395,https://www.crc.edu/,https://crc.edu/wp/financial-aid/,private_nonprofit,rural,22,False,False,False,74.0,,,,,,,,,,,,165.0,10.0,53.8,35.9,39533.0,27340.0,16670.0,16670.0,16315.0,15652.0,41.8,,,Crowley's Ridge College
135364,031009,Luther Rice College & Seminary,Lithonia,GA,30038-9869,33.698126,-84.123179,https://www.lutherrice.edu/,https://www.lutherrice.edu/tuition-and-aid/financial-aid-calculators.cms,private_nonprofit,suburb,24,False,False,False,54.0,91.7,not_considered,,,,,,,,,,165.0,9.0,50.0,,47003.0,31680.0,11320.0,11320.0,27883.0,27883.0,50.0,,,Luther Rice University
499404,031150,Arizona College of Nursing-Cleveland,Beachwood,OH,44122-7343,41.46601,-81.493304,https://www.arizonacollege.edu/,https://www.arizonacollege.edu/admissions/financial-aid/net-price-calculator/,private_for_profit,suburb,-2,False,False,False,,100.0,not_considered,,,,,,,,,,164.0,20.0,100.0,,34657.0,46107.0,23760.0,23760.0,39762.0,,69.5,,,
166869,022316,MGH Institute of Health Professions,Boston,MA,02129-4557,42.375018,-71.054002,https://www.mghihp.edu/,https://www.mghihp.edu/admissions/tuition-fees,private_nonprofit,city,26,False,False,False,,,,,,,,,,,,,164.0,10.0,,,87130.0,,,,,,0.0,,,MGH Institute of Health Professions
497408,042995,Bridges Christian College,New Orleans,LA,70115-6305,29.935984,-90.103551,https://www.bcc.edu/,https://www.bcc.edu/fafsa-net-price-calculator/,private_nonprofit,city,-2,False,False,False,27.0,,,,,,,,,,,,163.0,7.0,50.0,0.0,,14180.0,6600.0,6600.0,10273.0,10183.0,53.6,,,
126076,022624,Yeshiva Ohr Elchonon Chabad West Coast Talmudical Seminary,Los Angeles,CA,90046-7660,34.085465,-118.346613,https://www.yoec.edu/,https://www.yoec.edu/net-price-calculator,private_nonprofit,city,24,False,True,False,,58.2,not_considered,,,,,,,,,,163.0,12.0,95.1,11.9,48361.0,31300.0,16900.0,16900.0,14959.0,14300.0,70.1,,,Yeshiva Ohr Elchonon Chabad West Coast Talmudical Seminary
450298,001459,Strayer University-Delaware,Wilmington,DE,19801,39.743357,-75.547914,https://www.strayer.edu/campus-locations/delaware/wilmington,https://strayer.aidcalc.cloud/netprice.htm,private_for_profit,city,29,False,False,False,,,,,,,,,,,,,161.0,47.0,0.0,,40092.0,25158.0,13920.0,13920.0,22593.0,22593.0,69.6,,,
461032,041542,Carolina College of Biblical Studies,Fayetteville,NC,28303-5157,35.05141,-78.939514,https://ccbs.edu/,https://ccbs.edu/admissions/tuition-fees/net-price-calculator/,private_nonprofit,city,24,False,False,False,,,,,,,,,,,,,159.0,4.0,100.0,0.0,24581.0,24267.0,6906.0,6906.0,21322.0,21322.0,53.3,,,Carolina College of Biblical Studies
156417,025356,Clear Creek Baptist Bible College,Pineville,KY,40977-9752,36.725236,-83.727702,https://ccbbc.edu/,https://ccbbc.edu/admissions/financial,private_nonprofit,rural,24,False,False,False,75.0,,,,,,,,,,,,159.0,12.0,87.5,38.5,41623.0,21040.0,10720.0,10720.0,10949.0,11401.0,44.9,,,Clear Creek Baptist Bible College
202073,003031,Cleveland Institute of Music,Cleveland,OH,44106-1776,41.512444,-81.608878,https://www.cim.edu/,https://www.cim.edu/net-price-calculator,private_nonprofit,city,30,False,False,False,,47.3,not_considered,,,,,,,,,,159.0,6.0,90.2,72.1,32641.0,61212.0,52880.0,52880.0,28226.0,23782.0,13.7,http://commons.wikimedia.org/wiki/Special:FilePath/Cleveland%20Institute%20of%20Music.JPG,http://commons.wikimedia.org/wiki/Special:FilePath/Logo%20Cleveland%20Institute%20of%20Music.svg,Cleveland Institute of Music
196307,002840,Upstate Medical University,Syracuse,NY,13210,43.041819,-76.140009,https://www.upstate.edu/,https://www.suny.edu/howmuch/netpricecalculator.xhtml,public,city,25,False,False,False,,,,,,,,,,,,,159.0,8.0,,,92257.0,,,,,,27.1,http://commons.wikimedia.org/wiki/Special:FilePath/UpstateMedicalCenter-17.jpg,,State University of New York Upstate Medical University
442639,032183,University of the Potomac-VA Campus,FALLS CHURCH,VA,22043-2536,38.906944,-77.216062,https://www.potomac.edu/,https://potomac.studentaidcalculator.com/survey.aspx,private_for_profit,suburb,29,False,False,False,,,,,,,,,,,,,157.0,11.0,66.7,50.0,34961.0,,6660.0,6660.0,,,0.0,,,
195438,025059,Sh'or Yoshuv Rabbinical College,Lawrence,NY,11559-1714,40.605227,-73.740085,https://www.shoryoshuv.org/,https://www.shoryoshuv.org/netpricecalculator,private_nonprofit,suburb,24,False,True,False,80.0,,not_considered,,,,,,,,,,156.0,4.0,,0.0,,,11700.0,11700.0,,,4.1,,,Sh'or Yoshuv
131803,001459,Strayer University-District of Columbia,Washington,DC,20005,38.904881,-77.034133,https://www.strayer.edu/campus-locations/district-columbia/washington,https://strayer.aidcalc.cloud/netprice.htm,private_for_profit,city,20,False,False,False,,,,,,,,,,,,,156.0,47.0,100.0,0.0,40092.0,,13920.0,13920.0,,,73.9,,,
485698,042830,American College of the Building Arts,Charleston,SC,29403-4223,32.805094,-79.946888,https://acba.edu/,https://acba.edu/net-price-calculator,private_nonprofit,city,32,False,False,False,,44.4,considered_not_required,1130.0,1290.0,560.0,640.0,570.0,650.0,1190.0,20.0,27.0,155.0,8.0,75.0,62.1,,38073.0,21500.0,21500.0,30403.0,27879.0,18.4,http://commons.wikimedia.org/wiki/Special:FilePath/American-College-of-the-Building-Arts-building.jpg,,American College of the Building Arts
176789,002450,Calvary University,Kansas City,MO,64147-1341,38.839578,-94.547927,https://www.calvary.edu/,https://www.calvary.edu/net-cost-calculator/,private_nonprofit,city,22,False,False,False,79.0,71.7,required,980.0,1140.0,500.0,610.0,480.0,530.0,1050.0,17.0,24.0,154.0,7.0,54.5,52.2,45421.0,23938.0,14094.0,14094.0,16334.0,16764.0,31.3,,,Calvary University
176910,022664,Central Christian College of the Bible,Moberly,MO,65270-1997,39.395963,-92.427259,https://www.cccb.edu/,https://cccb.edu/admissions-aid/costs/net-price-calculator,private_nonprofit,town,24,False,False,False,48.0,,,,,,,,,,,,154.0,10.0,68.8,21.9,34675.0,24748.0,12200.0,12200.0,14356.0,10548.0,46.1,,,Central Christian College of the Bible
447050,040053,United States University,Sandy Springs,CA,30328,32.761148,-117.162166,https://www.usuniversity.edu/,https://www.usuniversity.edu/net-price-calculator/,private_for_profit,city,26,False,False,False,,,,,,,,,,,,,153.0,15.0,,,80980.0,,6780.0,6780.0,,,15.7,http://commons.wikimedia.org/wiki/Special:FilePath/United%20States%20University%20-%20Logo%202018.png,http://commons.wikimedia.org/wiki/Special:FilePath/United%20States%20University%20-%20Logo%202018.png,United States University
363916,012525,Caribbean University-Vega Baja,Vega Baja,PR,00964,18.444882,-66.40315,https://www.caribbean.edu/,https://www.caribbean.edu/netprice/index.html,private_nonprofit,suburb,22,False,False,False,,,,,,,,,,,,,152.0,11.0,65.0,50.0,22842.0,9936.0,8844.0,8844.0,5235.0,,76.3,,,
500290,031150,Arizona College of Nursing - Chesapeake,Chesapeake,VA,23320-4686,36.768088,-76.240372,https://www.arizonacollege.edu/,https://www.arizonacollege.edu/admissions/financial-aid/net-price-calculator/,private_for_profit,city,-2,False,False,False,,100.0,not_considered,,,,,,,,,,149.0,20.0,,,34657.0,42703.0,24653.0,24653.0,33626.0,33626.0,66.7,,,
115773,001212,Humphreys University,Stockton,CA,95207,38.011489,-121.316918,https://www.humphreys.edu/,https://www.humphreys.edu/admissions-aid/financial-aid/net-price-calculator/,private_nonprofit,city,20,False,False,False,,,,,,,,,,,,,149.0,5.0,100.0,61.5,39248.0,20918.0,13500.0,13500.0,5524.0,6324.0,52.5,,,Humphreys University
137962,030282,Trinity College of Florida,Trinity,FL,34655-4401,28.194732,-82.678318,https://trinitycollege.edu/,https://www.trinitycollege.edu/npc/,private_nonprofit,suburb,22,False,False,False,42.0,91.9,not_considered,,,,,,,,,,148.0,12.0,28.0,0.0,32465.0,24904.0,16300.0,16300.0,20297.0,16224.0,47.6,,,Trinity College
155496,001931,Manhattan Christian College,Manhattan,KS,66502-4801,39.184806,-96.579383,https://www.mccks.edu/,https://mccks.edu/net-price-calculator.html,private_nonprofit,city,24,False,False,False,48.0,100.0,required,,,,,,,1020.0,18.0,24.0,146.0,10.0,76.7,44.3,48860.0,34466.0,19126.0,19126.0,24213.0,23218.0,46.8,,,Manhattan Christian College
171881,002311,Kuyper College,Grand Rapids,MI,49525-9781,43.02195,-85.592657,https://www.kuyper.edu/,https://www.kuyper.edu/globalassets/images/tuition--aid/index.html,private_nonprofit,suburb,22,False,False,False,79.0,69.1,not_considered,,,,,,,,,,145.0,9.0,59.0,50.0,41066.0,38366.0,27660.0,27660.0,15644.0,14024.0,43.1,http://commons.wikimedia.org/wiki/Special:FilePath/Kuyper%20College.jpg,,Kuyper College
475200,003804,Whitworth University-Adult Degree Programs,Spokane,WA,99251,47.751642,-117.411568,https://www.whitworth.edu/cms/,https://publicforms.whitworth.edu/financial-aid/net-price-calculator/firstyear,private_nonprofit,suburb,22,False,False,False,103.0,28.6,not_considered,,,,,,,,,,145.0,9.0,,,58561.0,,13560.0,13560.0,,,45.9,,,
475741,006385,Chamberlain University-Indiana,Indianapolis,IN,46240,39.91916,-86.111061,https://www.chamberlain.edu/,https://www.chamberlain.edu/admissions/financial-aid-scholarships/calculator,private_for_profit,city,26,False,False,False,,100.0,considered_not_required,,,,,,,,,,144.0,13.0,100.0,0.0,92405.0,28094.0,19975.0,19975.0,16149.0,,55.4,,,
492069,042761,Champion Christian College,Hot Springs,AR,71913,34.499589,-93.065945,https://champion.edu/,https://champion.edu/netpricecalculator,private_nonprofit,city,23,False,False,False,108.0,,,,,,,,,,,,144.0,10.0,35.5,0.0,,20970.0,11510.0,11510.0,17002.0,14499.0,33.1,,,Champion Christian College
480198,003225,Warner Pacific University Professional and Graduate Studies,Portland,OR,97215,45.506265,-122.592498,https://www.warnerpacific.edu/,https://www.warnerpacific.edu/admissions-aid/net-price-calculator/,private_nonprofit,city,22,False,False,False,57.0,59.4,not_considered,,,,,,,,,,144.0,9.0,,,55204.0,,14640.0,14640.0,,,32.9,,,Warner Pacific University Professional and Graduate Studies
212771,004058,Gratz College,Jenkintown,PA,19046,40.067206,-75.133915,https://www.gratz.edu/,https://www.gratz.edu/net-price-calculator,private_nonprofit,suburb,20,False,False,False,80.0,,,,,,,,,,,,143.0,10.0,,,,,,,,,2.3,,,Gratz College
155308,021689,Kansas Christian College,Overland Park,KS,66204-1975,38.994848,-94.666878,https://www.kansaschristian.edu/,https://kansaschristian.edu/price-calculation.html,private_nonprofit,city,23,False,False,False,57.0,,,,,,,,,,,,143.0,10.0,45.5,9.8,,20997.0,11720.0,11720.0,15313.0,13652.0,62.9,,,Kansas Christian College
194657,003976,Rabbinical Academy Mesivta Rabbi Chaim Berlin,Brooklyn,NY,11230,40.618347,-73.963615,https://rabbinicalacademyrabbichaimberlin.com/,https://rabbinicalacademyrabbichaimberlin.com/links/,private_nonprofit,city,24,False,True,False,,93.6,not_considered,,,,,,,,,,141.0,19.0,92.5,46.2,,20400.0,10800.0,10800.0,6415.0,6084.0,18.1,http://commons.wikimedia.org/wiki/Special:FilePath/R%20Aaron%20Schechter%201970s.jpg,,Yeshiva Rabbi Chaim Berlin
200484,012059,Trinity Bible College and Graduate School,Ellendale,ND,58436-7105,46.001037,-98.517906,https://trinitybiblecollege.edu/,https://netprice.tbc2day.edu/,private_nonprofit,rural,24,False,False,False,27.0,25.8,not_considered,,,,,,,,,,141.0,9.0,62.9,46.0,35604.0,31544.0,19700.0,19700.0,19359.0,19123.0,61.8,,,Trinity Bible College
377546,026021,Northwest College of Art & Design,Tacoma,WA,98402,47.25249,-122.43885,https://ncad.edu/,https://ncad.edu/disclosures/#1561141159108-5e22b3ce-c0bb,private_for_profit,city,30,False,False,False,,66.0,not_considered,,,,,,,,,,139.0,34.0,76.8,57.7,31167.0,30038.0,18100.0,18100.0,16418.0,12977.0,50.7,,,Northwest College of Art & Design
197601,025058,Yeshiva Karlin Stolin,Brooklyn,NY,11204-1545,40.624918,-73.983373,https://yeshivakarlinstolin.org/,https://www.yksrs.org/net-price-calculator,private_nonprofit,city,24,False,True,False,,,,,,,,,,,,,139.0,18.0,79.0,22.9,,18612.0,13300.0,13300.0,6393.0,5958.0,80.4,,,
139153,030763,Beulah Heights University,Atlanta,GA,30316,33.736993,-84.35768,https://www.beulah.edu/,https://www.beulah.edu/admissions/financial-aid-scholarships/,private_nonprofit,city,21,False,False,False,42.0,,,,,,,,,,,,138.0,6.0,100.0,33.3,35236.0,,8492.0,8492.0,,,27.9,,,Beulah Heights University
148511,009800,Rush University,Chicago,IL,60612,41.874742,-87.668581,https://www.rushu.rush.edu/,,private_nonprofit,city,25,False,False,False,,,,,,,,,,,,,138.0,10.0,,,75194.0,,,,,,36.7,http://commons.wikimedia.org/wiki/Special:FilePath/RUMC%20-%20new%20tower.jpg,,Rush University
480781,041897,California Miramar University,San Diego,CA,92108-1739,32.77942,-117.11851,https://www.calmu.edu/,https://www.calmu.edu/net-price-calculator/,private_for_profit,city,29,False,False,False,,18.5,not_considered,,,,,,,,,,135.0,10.0,92.3,50.0,,19067.0,12442.0,12442.0,12480.0,9131.0,48.5,,,California Miramar University
499422,041483,Denver College of Nursing-Houston,Houston,TX,77079-3021,29.781312,-95.607143,https://www.denvercollegeofnursing.edu/,https://www.denvercollegeofnursing.edu/content/dam/denver/compliance/netprice-calc/npcalc-denver_college_of_nursing.htm,private_for_profit,city,-2,False,False,False,,,,,,,,,,,,,135.0,10.0,,,81809.0,,,,,,42.9,,,
499370,031150,Arizona College of Nursing-Sarasota,University Park,FL,34201-2142,27.397535,-82.452156,https://www.arizonacollege.edu/,https://www.arizonacollege.edu/admissions/financial-aid/net-price-calculator/,private_for_profit,suburb,-2,False,False,False,,100.0,not_considered,,,,,,,,,,133.0,20.0,50.0,,34657.0,34305.0,23093.0,23093.0,28945.0,28019.0,65.6,,,
449658,040813,Bais Medrash Toras Chesed,Lakewood,NJ,08701,40.099704,-74.21127,https://www.bmtc.edu/,https://www.bmtc.edu/netprice-calculator-22-23.html,private_nonprofit,city,24,False,False,False,,57.6,not_considered,,,,,,,,,,132.0,15.0,90.9,33.3,,14000.0,8100.0,8100.0,6838.0,6605.0,27.2,,,Bais Medrash Toras Chesed
475608,041218,Criswell College,Dallas,TX,75246-1537,32.793513,-96.77669,https://www.criswell.edu/,https://www.criswell.edu/p/net_price_calculator/npcalc.htm,private_nonprofit,city,22,False,False,False,75.0,100.0,not_considered,,,,,,,,,,132.0,5.0,100.0,50.0,43185.0,27748.0,15750.0,15750.0,21630.0,20353.0,42.4,,,Criswell College
199458,022809,Mid-Atlantic Christian University,Elizabeth City,NC,27909-4054,36.303812,-76.216483,https://www.macuniversity.edu/,https://www.macuniversity.edu/netprice.html,private_nonprofit,town,22,False,False,False,48.0,62.2,considered_not_required,830.0,1210.0,390.0,640.0,440.0,570.0,1000.0,,,132.0,9.0,31.6,20.8,38342.0,33011.0,17280.0,17280.0,18328.0,17512.0,37.6,,,Mid-Atlantic Christian University
500333,031150,Arizona College of Nursing-St Louis,Maryland Heights,MO,63146-4011,38.690785,-90.449253,https://www.arizonacollege.edu/,https://www.arizonacollege.edu/admissions/financial-aid/net-price-calculator/,private_for_profit,suburb,-2,False,False,False,,100.0,not_considered,,,,,,,,,,131.0,20.0,,,34657.0,,23760.0,23760.0,,,,,,
192624,013026,Machzikei Hadath Rabbinical College,Brooklyn,NY,11204-1805,40.627937,-73.988378,https://mhrc.edu/,https://mhrc.edu/links/,private_nonprofit,city,24,False,True,False,,100.0,not_considered,,,,,,,,,,131.0,13.0,76.0,33.3,41527.0,30053.0,13500.0,13500.0,16515.0,16464.0,91.3,,,
486026,042315,Yeshiva Sholom Shachna,Brooklyn,NY,11230,40.6275,-73.973431,https://yeshivasholomshachna.com/,https://yeshivasholomshachna.com/links/,private_nonprofit,city,24,False,False,False,,100.0,not_considered,,,,,,,,,,130.0,22.0,84.6,30.4,,21750.0,10750.0,10750.0,12217.0,10206.0,45.8,,,
457484,042527,Pacific Rim Christian University,Honolulu,HI,96819-2228,21.328198,-157.888379,https://www.pacrim.edu/#home,https://www.pacrim.edu/tuition-and-aid/net-price-calculator,private_nonprofit,city,22,False,False,False,79.0,,,,,,,,,,,,129.0,12.0,77.8,45.5,40523.0,24042.0,13580.0,13580.0,23151.0,22972.0,71.9,,,
217891,004923,Clinton College,Rock Hill,SC,29730,34.913721,-81.043469,https://www.clintoncollege.edu/,https://www.clintoncollege.edu/current-students/tuition-and-fees,private_nonprofit,city,23,True,False,False,24.0,,,,,,,,,,,,126.0,10.0,58.1,14.1,30180.0,25015.0,11136.0,11136.0,11458.0,11105.0,76.8,http://commons.wikimedia.org/wiki/Special:FilePath/Clinton%20Normal%20and%20Industrial%20Institute.jpg,,Clinton College
120166,,San Francisco Bay University,Fremont,CA,94539,37.485056,-121.927899,https://www.sfbu.edu/,https://www.sfbu.edu/financial-support/tuition-and-costs,private_nonprofit,city,28,False,False,False,,95.8,not_considered,,,,,,,,,,126.0,10.0,72.2,,,,8830.0,8830.0,,,0.0,http://commons.wikimedia.org/wiki/Special:FilePath/NPU%20NorthBuilding.jpg,,San Francisco Bay University
148593,030980,St. John's College,Springfield,IL,62702,39.807602,-89.64532,https://www.hshs.org/stjohnscollege/,https://webapps1.hshs.org/CostCalculator/NPC 20232024v09222025.html,private_nonprofit,city,26,False,False,False,30.0,,,,,,,,,,,,126.0,11.0,,,86331.0,,,,,,30.3,,,St. John's College-Department of Nursing
234137,003762,Virginia University of Lynchburg,Lynchburg,VA,24501,37.395187,-79.151615,https://www.vul.edu/,https://www.vul.edu/netcalc/NetPriceCalc.htm,private_nonprofit,city,23,True,False,False,54.0,,,,,,,,,,,,125.0,15.0,75.0,37.6,28396.0,25328.0,11360.0,11360.0,21253.0,19700.0,74.7,http://commons.wikimedia.org/wiki/Special:FilePath/VUL%20Sign.jpg,,Virginia University of Lynchburg
488314,042515,Beth Medrash of Asbury Park,Lakewood,NJ,08701-5842,40.043705,-74.210816,https://baismedrashzichronmeir.com/,https://www.baismedrashzichronmeir.com/links/,private_nonprofit,suburb,24,False,False,False,,53.8,not_considered,,,,,,,,,,124.0,14.0,72.2,10.0,,21110.0,12010.0,12010.0,9766.0,10157.0,45.0,,,
199883,006483,Watts College of Nursing,Durham,NC,27710,36.027649,-78.9413,https://wattscollegeofnursing.edu/,https://wattscollegeofnursing.edu/financial-information/consumer-information/,private_nonprofit,city,-2,False,False,False,,,,,,,,,,,,,124.0,8.0,,,,,,,,,35.1,,,
490328,042615,Mechon L'hoyroa,Monsey,NY,10952-2710,41.117029,-74.058177,https://www.mechonlhoyroa.com/,https://mechonlhoyroa.com/links/,private_nonprofit,suburb,24,False,False,False,,,,,,,,,,,,,122.0,17.0,,,,,11800.0,11800.0,,,72.6,,,
483018,042443,Antioch College,Yellow Springs,OH,45387,39.799806,-83.888077,https://antiochcollege.edu/,https://antiochcollege.edu/admission/financial-aid/net-price-calculator,private_nonprofit,rural,21,False,False,False,,89.1,considered_not_required,,,,,,,,,,121.0,6.0,71.8,41.2,,49856.0,37143.0,37143.0,14834.0,12578.0,65.9,http://commons.wikimedia.org/wiki/Special:FilePath/Antioch%20Hall%2C%20Antioch%20College.jpg,http://commons.wikimedia.org/wiki/Special:FilePath/Ac-red-main-2line-horz-01.png,Antioch College
448239,034633,Careers Unlimited,Orem,UT,84058,40.275775,-111.731006,https://www.ucdh.edu/home,https://www.ucdh.edu/basic_financial_information,private_for_profit,city,26,False,False,False,,,,,,,,,,,,,118.0,13.0,,,30829.0,,,,,,54.5,http://commons.wikimedia.org/wiki/Special:FilePath/UtahCollegeOfDentalHygieneLogo.jpg,,Utah College of Dental Hygiene
491631,042652,Women's Institute of Torah Seminary and College,Baltimore,MD,21215-3009,39.361349,-76.699496,https://www.wits.edu/,https://www.wits.edu/net-price-calculator,private_nonprofit,city,24,False,False,False,,98.0,not_considered,,,,,,,,,,118.0,9.0,91.3,100.0,,32300.0,9780.0,9780.0,11673.0,7838.0,24.1,,,
486053,043105,Bethlehem College & Seminary,Minneapolis,MN,55415-1793,44.968872,-93.255399,https://bcsmn.edu/,https://bcsmn.edu/,private_nonprofit,city,24,False,False,False,54.0,,,,,,,,,,,,117.0,11.0,100.0,69.6,,,8200.0,8200.0,,,0.0,,,Bethlehem College & Seminary
475398,041242,Catholic International University,Charles Town,WV,25414,39.287311,-77.859242,https://catholiciu.edu/,https://catholiciu.edu/financial-aid-policies/,private_nonprofit,town,24,False,False,False,30.0,,,,,,,,,,,,116.0,3.0,,100.0,,21546.0,10080.0,10080.0,14176.0,14775.0,38.4,,,Catholic Distance University
498623,043112,Justice University,Chandler,AZ,85286-5170,33.265556,-111.787434,https://www.justiceuniversity.edu/,https://www.justiceuniversity.edu/financialaid,private_nonprofit,city,-2,False,False,False,108.0,,,,,,,,,,,,116.0,9.0,73.1,,,,7500.0,7500.0,,,0.0,,,
384421,030775,Rabbi Jacob Joseph School,Edison,NJ,08817-4494,40.501001,-74.397954,https://rabbijacobjoseph.com/,https://rabbijacobjoseph.com/links/,private_nonprofit,suburb,24,False,False,False,,91.7,not_considered,,,,,,,,,,115.0,19.0,96.8,0.0,,22600.0,12700.0,12700.0,8389.0,8913.0,22.9,,,Rabbi Jacob Joseph School
222628,022594,Amberton University,Garland,TX,75041-5595,32.859931,-96.65302,https://www.amberton.edu/,https://helios.amberton.edu/index.html,private_nonprofit,suburb,18,False,False,False,88.0,,,,,,,,,,,,114.0,12.0,,,,,,,,,18.0,,,Amberton University
484871,042301,Rabbinical College Ohr Yisroel,Brooklyn,NY,11236,40.629707,-73.896524,https://www.rabbinicalcollegeohryisroel.com/,https://www.rabbinicalcollegeohryisroel.com/net-price-calculator.html,private_nonprofit,city,24,False,False,False,80.0,,,,,,,,,,,,114.0,19.0,93.5,36.4,,15850.0,9000.0,9000.0,6223.0,2790.0,35.6,,,Rabbinical College Ohr Yisroel
490276,042590,Yeshiva Shaar Ephraim,Monsey,NY,10952-2732,41.116935,-74.060858,https://shaarephraim.org/,https://shaarephraim.org/npc.html,private_nonprofit,suburb,24,False,False,False,80.0,,,,,,,,,,,,113.0,7.0,55.0,6.2,,22510.0,14175.0,14175.0,10539.0,9607.0,74.8,,,
485999,042272,Bet Medrash Gadol Ateret Torah,Brooklyn,NY,11223-1933,40.607809,-73.969945,https://betmedrashgadolaterettorah.com/,https://betmedrashgadolaterettorah.com/?page_id=15,private_nonprofit,city,24,False,False,False,,88.9,not_considered,,,,,,,,,,112.0,6.0,87.1,57.7,,22488.0,10700.0,10700.0,10273.0,11529.0,66.7,,,
134510,021889,Hobe Sound Bible College,Hobe Sound,FL,33455,27.066304,-80.13184,https://hsbc.edu/,https://hsbc.edu/finances/tuition-calculator/,private_nonprofit,suburb,22,False,False,False,99.0,,,,,,,,,,,,112.0,5.0,91.7,50.0,39863.0,18838.0,9068.0,9068.0,12074.0,12148.0,50.3,,,Hobe Sound Bible College
216311,012523,Talmudical Yeshiva of Philadelphia,Philadelphia,PA,19131,39.989249,-75.247964,https://www.meterware.com/typ/Talmudical_Yeshiva_of_Philadelphia/?C=N;O=D,https://www.meterware.com/typ/Talmudical_Yeshiva_of_Philadelphia/NetPriceCalculator/,private_nonprofit,city,24,False,True,False,80.0,90.2,not_considered,,,,,,,,,,112.0,14.0,85.3,50.0,,22680.0,11512.0,11512.0,11008.0,14100.0,35.8,,,Talmudical Yeshiva of Philadelphia
482228,038626,Veritas Baptist College,Lawrenceburg,IN,47025,39.093747,-84.848698,https://www.vbc.edu/,https://vbc.edu/financial-info/net-price-calculator/,private_nonprofit,town,24,False,False,False,54.0,95.0,not_considered,,,,,,,,,,111.0,7.0,100.0,42.9,,24494.0,10522.0,10522.0,21957.0,20796.0,30.0,,,
211893,003251,Curtis Institute of Music,Philadelphia,PA,19103,39.948857,-75.170727,https://www.curtis.edu/,https://www.curtis.edu/,private_nonprofit,city,30,False,False,False,,4.6,not_considered,,,,,,,,,,109.0,2.0,100.0,96.2,,,0.0,0.0,,,0.9,http://commons.wikimedia.org/wiki/Special:FilePath/Curtisinstofmusic.JPG,http://commons.wikimedia.org/wiki/Special:FilePath/Curtis%20Institute%20of%20Music%20Wordmark%202024.png,Curtis Institute of Music
482459,010727,DeVry University-Florida,Orlando,FL,32801,28.53732,-81.379188,https://www.devry.edu/,https://my.devry.edu/npc,private_for_profit,city,29,False,False,False,,,considered_not_required,,,,,,,,,,109.0,5.0,100.0,33.3,45987.0,40132.0,17408.0,17408.0,29477.0,29477.0,62.2,,,
446233,038553,Ecclesia College,Springdale,AR,72762,36.2141,-94.236643,https://ecollege.edu/,https://ecollege.edu/financial-aid/cost-of-education/,private_nonprofit,rural,22,False,False,False,42.0,73.8,not_considered,,,,,,,,,,108.0,10.0,48.4,40.0,40650.0,31571.0,16850.0,16850.0,22075.0,20801.0,48.5,,,Ecclesia College
201867,010906,Cincinnati College of Mortuary Science,Cincinnati,OH,45224-1462,39.206578,-84.505604,https://www.ccms.edu/,https://www.ccms.edu/NetPriceCalculator.html,private_nonprofit,suburb,30,False,False,False,,,,,,,,,,,,,107.0,13.0,,,55695.0,,,,,,26.2,,,Cincinnati College of Mortuary Science
194569,021691,Davis College,Pottersville,NY,12860-2300,43.730713,-73.812057,https://davisny.edu/,https://davisny.edu/admissions/financial-aid/net-price-calculator/,private_nonprofit,rural,24,False,False,False,88.0,56.2,not_considered,,,,,,,,,,106.0,9.0,100.0,26.7,38450.0,24830.0,18000.0,18000.0,12875.0,12875.0,40.2,http://commons.wikimedia.org/wiki/Special:FilePath/Davis%20College%20Campus.jpg,,Davis College
197221,002900,Webb Institute,Glen Cove,NY,11542-1398,40.884444,-73.644909,https://www.webb.edu/,https://www.webb.edu/admissions/financial-aid/net-price-calculator/,private_nonprofit,suburb,28,False,False,False,,14.0,considered_not_required,1430.0,1530.0,710.0,750.0,720.0,780.0,1496.0,32.0,34.0,106.0,11.0,92.6,88.0,,81950.0,63214.0,63214.0,73043.0,,8.6,,http://commons.wikimedia.org/wiki/Special:FilePath/WebbInstitutelogo.png,Webb Institute
444398,037333,Baptist University of the Americas,San Antonio,TX,78224-1443,29.342919,-98.541223,https://www.bua.edu/,https://www.bua.edu/en/admissions/financial/,private_nonprofit,city,22,False,False,False,54.0,,,,,,,,,,,,99.0,12.0,66.7,80.0,37709.0,13755.0,9180.0,9180.0,10964.0,12338.0,27.6,,,Baptist University of the Américas
241386,012525,Caribbean University-Carolina,Carolina,PR,00985,18.380193,-65.960036,https://www.caribbean.edu/,https://www.caribbean.edu/netprice/index.html,private_nonprofit,suburb,22,False,False,False,,,,,,,,,,,,,99.0,9.0,71.4,44.4,22842.0,10710.0,8844.0,8844.0,5791.0,,67.7,,,
498906,043063,Yeshivas Sanz Klauzenburg,Brooklyn,NY,11219-3631,40.632725,-73.990129,https://yeshivasanzk.org/,https://yeshivasanzk.org/npc.htm,private_nonprofit,city,-2,False,False,False,80.0,,,,,,,,,,,,98.0,5.0,100.0,31.0,,22355.0,14000.0,14000.0,10071.0,9765.0,78.7,,,
183275,030431,Thomas More College of Liberal Arts,Merrimack,NH,03054,42.80683,-71.48437,https://www.thomasmorecollege.edu/,https://thomasmorecollege.edu/apply/finances/net-price-calculator/,private_nonprofit,suburb,21,False,False,False,30.0,,,,,,,,,,,,97.0,10.0,88.0,62.5,53565.0,42082.0,30400.0,30400.0,18489.0,10433.0,44.5,http://commons.wikimedia.org/wiki/Special:FilePath/Thomas%20More%20College%20of%20Liberal%20Arts%20in%20Winter%2C%20Merrimack%20NH.jpg,,Thomas More College of Liberal Arts
456490,021000,Polytechnic University of Puerto Rico-Orlando,Orlando,FL,32825,28.55158,-81.253943,https://www.pupr.edu/orlando,https://www.pupr.edu/orlando/admissions/net-price-calculator/,private_nonprofit,suburb,22,False,False,False,,,,,,,,,,,,,96.0,5.0,37.5,33.3,47540.0,23011.0,14547.0,14547.0,16577.0,16917.0,58.8,,,Polytechnic University of Puerto Rico Orlando
194718,008617,Rabbinical Seminary Mkor Chaim,Lakewood,NJ,08701-5827,40.046838,-74.214817,https://www.mkorchaim.org/,https://www.mkorchaim.org/links,private_nonprofit,suburb,-2,False,True,False,,90.6,not_considered,,,,,,,,,,96.0,19.0,87.1,0.0,,17750.0,8450.0,8450.0,9494.0,8929.0,75.3,,,
177038,020907,Cleveland University-Kansas City,Overland Park,KS,66210,38.932019,-94.679076,https://www.cleveland.edu/,https://www.cleveland.edu/admissions/financial-aid-scholarships/net-price-calculator,private_nonprofit,city,26,False,False,False,,69.2,not_considered,,,,,,,,,,95.0,6.0,50.0,100.0,52304.0,40764.0,14400.0,14400.0,35764.0,,53.5,,,Cleveland Chiropractic College
445133,021136,American InterContinental University-Houston,Houston,TX,77042,29.728216,-95.548302,https://www.aiuniv.edu/online-campus/campus-locations/houston,https://www.aiuniv.edu/tuition-financial-aid/net-price-calculator,private_for_profit,city,20,False,False,False,,,,,,,,,,,,,94.0,13.0,25.0,4.5,36144.0,26087.0,14829.0,14829.0,20249.0,20152.0,68.5,,,
430670,031773,San Juan Bautista School of Medicine,Caguas,PR,00725-4968,18.220528,-66.050389,https://www.sanjuanbautista.edu/,https://www.sanjuanbautista.edu/admissions/financial-aid/federal-student-loans,private_nonprofit,city,25,False,False,False,,100.0,not_considered,,,,,,,,,,94.0,8.0,88.9,69.2,,12341.0,6750.0,12747.0,4946.0,4946.0,85.0,http://commons.wikimedia.org/wiki/Special:FilePath/San%20Juan%20Bautista%20School%20of%20Medicine.jpg,,San Juan Bautista School of Medicine
142090,022345,Boise Bible College,Boise,ID,83714-1220,43.658651,-116.291321,https://www.boisebible.edu/,https://www.boisebible.edu/net-price-calculator,private_nonprofit,suburb,24,False,False,False,88.0,90.5,considered_not_required,950.0,1200.0,490.0,610.0,460.0,590.0,1040.0,,,93.0,14.0,56.2,31.6,33140.0,23301.0,11802.0,11802.0,15058.0,,48.5,http://commons.wikimedia.org/wiki/Special:FilePath/BBC%20Library%20Building.JPG,,Boise Bible College
160409,002027,Saint Joseph Seminary College,St. Benedict,LA,70457,30.526778,-90.113621,https://www.sjasc.edu/,https://www.sjasc.edu/consumer-information,private_nonprofit,rural,24,False,True,False,30.0,,,,,,,,,,,,93.0,6.0,71.4,47.8,38366.0,49944.0,28025.0,28025.0,45460.0,42549.0,10.1,,,Saint Joseph Seminary College
145497,001685,Hebrew Theological College,Skokie,IL,60077,42.010103,-87.760874,https://www.htc.edu/,https://npc.collegeboard.org/app/touro,private_nonprofit,city,21,False,False,False,80.0,57.1,considered_not_required,,,,,,,,,,90.0,5.0,86.1,50.0,33291.0,35559.0,15150.0,15150.0,26861.0,21396.0,12.8,http://commons.wikimedia.org/wiki/Special:FilePath/Hebrew%20Theological%20College%2C%20Skokie%2C%20IL%201.jpg,,Hebrew Theological College
451370,041234,Yeshivas Be'er Yitzchok,Elizabeth,NJ,07208,40.682465,-74.213255,https://yeshivasbeeryitzchok.org/,https://yeshivasbeeryitzchok.org/information-and-disclosures/,private_nonprofit,suburb,24,False,False,False,,86.2,not_considered,,,,,,,,,,90.0,7.0,100.0,14.3,82560.0,36850.0,11450.0,11450.0,28599.0,27764.0,53.8,,,
491765,042703,Yeshivas Emek Hatorah,Howell,NJ,07731-2444,40.112501,-74.232083,https://yeshivasemekhatorah.com/,https://yeshivasemekhatorah.com/links/,private_nonprofit,rural,-2,False,False,False,,100.0,not_considered,,,,,,,,,,90.0,17.0,96.5,0.0,,22250.0,9750.0,9750.0,14504.0,14504.0,12.9,,,
178767,008552,Stevens-The Institute of Business & Arts,Saint Louis,MO,63103,38.632917,-90.201157,https://www.siba.edu/,https://www.siba.edu/sites/default/files/pages/net-price-calculator.html,private_for_profit,city,22,False,False,False,,100.0,considered_not_required,,,,,,,,,,89.0,6.0,,14.3,29058.0,24808.0,14332.0,14332.0,19137.0,19137.0,67.4,,,Stevens Institute of Business and Arts
476601,041884,Bais HaMedrash and Mesivta of Baltimore,Baltimore,MD,21209-1613,39.379528,-76.674414,https://www.bhmb.edu/,https://bhmb.edu/NetPrice/NetPrice 2017/npcalc.htm,private_nonprofit,suburb,24,False,False,False,,100.0,not_considered,,,,,,,,,,87.0,14.0,85.2,31.8,,24300.0,13100.0,13100.0,11361.0,13700.0,40.7,,,Bais HaMedrash and Mesivta of Baltimore
112084,012031,San Diego Christian College,Santee,CA,92071,32.843454,-116.978089,https://sdcc.edu/,https://sdcc.edu/admissions/undergraduate-admissions/tuition-and-financial-aid/,private_nonprofit,suburb,20,False,False,False,88.0,30.8,considered_not_required,,,,,,,,,,87.0,9.0,85.7,19.7,49766.0,31745.0,28012.0,28012.0,992.0,992.0,45.0,http://commons.wikimedia.org/wiki/Special:FilePath/San%20Diego%20Christian%20College.jpg,,San Diego Christian College
482413,010727,DeVry College of New York,New York,NY,10016,40.747747,-73.983492,https://www.devry.edu/,https://my.devry.edu/npc,private_for_profit,city,29,False,False,False,,100.0,considered_not_required,,,,,,,,,,86.0,3.0,0.0,30.8,45987.0,25596.0,17408.0,17408.0,12855.0,12855.0,51.4,,,DeVry College
217606,035705,Northpoint Bible College,Haverhill,MA,01835,42.765357,-71.079335,https://www.northpoint.edu/,https://www.northpoint.edu/net-price-calculator/,private_nonprofit,suburb,24,False,False,False,27.0,,,,,,,,,,,,86.0,6.0,40.0,54.4,42210.0,29902.0,14160.0,14160.0,23635.0,23323.0,51.1,http://commons.wikimedia.org/wiki/Special:FilePath/Northpoint%20Bible%20College-02.jpg,,Northpoint Bible College
420325,031473,Yeshiva D'monsey Rabbinical College,Monsey,NY,10952,41.114173,-74.064721,https://yeshivadmonsey.com/,https://yeshivadmonsey.com/links/,private_nonprofit,suburb,24,False,True,False,,36.8,not_considered,,,,,,,,,,84.0,12.0,48.5,6.2,,20600.0,9200.0,9200.0,8289.0,8105.0,75.6,,,
481410,042159,Yeshiva Gedolah Kesser Torah,Monsey,NY,10952-2127,41.124819,-74.068553,https://yeshivagedolahkessertorah.com/,https://yeshivagedolahkessertorah.com/links/,private_nonprofit,suburb,24,False,False,False,,52.4,not_considered,,,,,,,,,,84.0,17.0,84.2,34.8,,18900.0,9600.0,9600.0,10157.0,,29.3,,,
443058,036763,Family of Faith Christian University,Shawnee,OK,74804,35.462234,-96.901413,https://www.familyoffaith.edu/,https://familyoffaith.edu/net-price-calculator/,private_nonprofit,rural,24,False,False,False,88.0,76.0,considered_not_required,,,,,,,,,,82.0,8.0,,,,,9600.0,9600.0,,,31.5,,,
219240,004056,Kairos University,Sioux Falls,SD,57105,43.525446,-96.735896,https://www.kairos.edu/,https://www.kairos.edu/tuition/net-price-calculator/,private_nonprofit,city,24,False,False,False,45.0,84.6,considered_not_required,,,,,,,,,,82.0,9.0,,,,,3600.0,3600.0,,,0.0,http://commons.wikimedia.org/wiki/Special:FilePath/SiouxFallsSeminaryCampus.jpg,,Kairos University
486284,042278,Bethany Global University,Bloomington,MN,55439,44.795501,-93.371754,https://bethanygu.edu/,https://bethanygu.edu/cost/#cost,private_nonprofit,city,24,False,False,False,42.0,92.9,not_considered,,,,,,,,,,81.0,13.0,21.7,56.3,,43216.0,11000.0,11000.0,37790.0,37327.0,59.3,http://commons.wikimedia.org/wiki/Special:FilePath/Bethany%20Global%20University.jpg,,Bethany Global University
491613,042644,Yeshiva Gedolah Tiferes Boruch,North Plainfield,NJ,07060-0000,40.619593,-74.4346,https://yeshivagedolahtiferesboruch.com/,https://yeshivagedolahtiferesboruch.com/links/,private_nonprofit,suburb,-2,False,False,False,,89.3,not_considered,,,,,,,,,,81.0,20.0,84.2,5.6,,17600.0,10480.0,10480.0,9417.0,8910.0,61.4,,,
449764,039823,Visible Music College,Memphis,TN,38103,35.144586,-90.049381,https://www.visible.edu/,https://www.visible.edu/admissions/scholarship-options,private_nonprofit,city,30,False,False,False,42.0,28.0,considered_not_required,,,,,,,1050.0,19.0,30.0,79.0,6.0,66.7,22.9,35933.0,31820.0,22000.0,22000.0,27820.0,27744.0,48.8,http://commons.wikimedia.org/wiki/Special:FilePath/Visible%20School.jpg,http://commons.wikimedia.org/wiki/Special:FilePath/VisibleLogo.jpg,Visible School
149329,020732,Telshe Yeshiva-Chicago,Chicago,IL,60625,41.975536,-87.71755,https://telsheyeshivachicago.com/,https://telsheyeshivachicago.com/links/,private_nonprofit,city,-2,False,True,False,80.0,100.0,not_considered,,,,,,,,,,78.0,15.0,88.9,0.0,,23300.0,15000.0,15000.0,7626.0,,34.6,,,Telshe Yeshiva
245892,003010,Antioch University,Yellow Springs,OH,45387,39.80321,-83.908684,https://www.antioch.edu/,https://antiochseattle.edu/futurestudents/aid/npcalc.htm,private_nonprofit,rural,-2,False,False,False,,,,,,,,,,,,,77.0,8.0,,,51541.0,,,,,,44.4,http://commons.wikimedia.org/wiki/Special:FilePath/Aum%20cw1.jpg,,Antioch University Midwest
499398,031150,Arizona College of Nursing-Cincinnati,Cincinnati,OH,45249-1655,39.275361,-84.34767,https://www.arizonacollege.edu/,https://www.arizonacollege.edu/admissions/financial-aid/net-price-calculator/,private_for_profit,suburb,-2,False,False,False,,100.0,not_considered,,,,,,,,,,77.0,20.0,50.0,,34657.0,44576.0,23760.0,23760.0,38808.0,38450.0,76.2,,,
113582,022980,Design Institute of San Diego,San Diego,CA,92121,32.880926,-117.167374,https://www.disd.edu/,https://www.disd.edu/wp-content/uploads/2024/07/index.html,private_for_profit,city,30,False,False,False,,100.0,not_considered,,,,,,,,,,77.0,8.0,0.0,80.0,46920.0,55911.0,29300.0,29300.0,44010.0,,51.1,,,Design Institute of San Diego
137272,008075,St. John Vianney College Seminary,Miami,FL,33165-3244,25.742579,-80.337411,https://www.sjvcs.edu/,https://bigfuture.collegeboard.org/pay-for-college/college-costs/college-costs-calculator,private_nonprofit,suburb,24,False,True,False,30.0,92.9,not_considered,,,,,,,,,,77.0,4.0,100.0,100.0,,,25500.0,25500.0,,,0.0,http://commons.wikimedia.org/wiki/Special:FilePath/St.%20John%20Vianney%20Seminary%20DSC02746.JPG,,St. John Vianney College Seminary
149639,001778,VanderCook College of Music,Chicago,IL,60616-3731,41.836833,-87.629138,https://www.vandercook.edu/,https://www.vandercook.edu/financial-aid-resources/net-price-calculator/,private_nonprofit,city,32,False,False,False,,89.5,considered_not_required,,,,,,,,,,76.0,5.0,88.2,66.7,47863.0,44613.0,30910.0,30910.0,19780.0,16308.0,26.3,,,VanderCook College of Music
197692,021520,Yeshivath Shaar Hatorah,Kew Gardens,NY,11418,40.704048,-73.835009,https://shaarhatorah.edu/,https://shaarhatorah.edu/,private_nonprofit,city,24,False,True,False,80.0,72.2,not_considered,,,,,,,,,,76.0,13.0,86.2,53.3,,22150.0,19550.0,19550.0,8850.0,,7.1,,,Yeshiva Shaar Hatorah
101453,021997,Heritage Christian University,Florence,AL,35630-9977,34.856153,-87.663051,https://www.hcu.edu/,https://www.hcu.edu/netpricecalculator/,private_nonprofit,city,24,False,False,False,74.0,90.0,required,,,,,,,1020.0,18.0,19.0,75.0,8.0,0.0,66.7,42597.0,20909.0,11982.0,11982.0,15426.0,,35.7,,,Heritage Christian University
174525,009992,Oak Hills Christian College,Bemidji,MN,56601-8834,47.425836,-94.901503,https://www.oakhills.edu/,https://www.oakhills.edu/net-price-calculator,private_nonprofit,rural,22,False,False,False,42.0,,,,,,,,,,,,75.0,10.0,45.0,22.7,35983.0,33958.0,19440.0,19440.0,20227.0,17053.0,47.0,,,Oak Hills Christian College
495059,042934,Oak Valley College,Rialto,CA,92377,34.150067,-117.39089,https://oakvalley.edu/,https://oakvalley.edu/s/netpricecalculator.html,private_nonprofit,suburb,29,False,False,False,108.0,,,,,,,,,,,,75.0,7.0,81.8,,,33587.0,24180.0,24180.0,21379.0,12336.0,55.8,,,
247773,023638,Yeshiva Gedolah of Greater Detroit,Oak Park,MI,48237,42.471924,-83.200754,https://www.yeshivagedolahgreaterdetroit.com/,https://yeshivagedolahgreaterdetroit.com/?page_id=11,private_nonprofit,suburb,24,False,True,False,,90.0,not_considered,,,,,,,,,,75.0,13.0,96.0,40.0,,19682.0,6100.0,6100.0,11746.0,,36.6,,,
481438,042161,Yeshiva Yesodei Hatorah,Lakewood,NJ,08701-4946,40.065908,-74.202016,https://yeshivayesodeihatorahlakewood.com/,https://yeshivayesodeihatorahlakewood.com/links/,private_nonprofit,suburb,24,False,False,False,,85.2,not_considered,,,,,,,,,,75.0,10.0,75.0,36.4,,24600.0,12500.0,12500.0,16637.0,,40.3,,,
245883,003010,Antioch University-Seattle,Seattle,WA,98121-1814,47.615916,-122.346318,https://www.antiochseattle.edu/,https://www.antiochseattle.edu/finaidcalculator/npcalc.htm,private_nonprofit,city,19,False,False,False,,,,,,,,,,,,,74.0,7.0,,,51541.0,,,,,,33.3,http://commons.wikimedia.org/wiki/Special:FilePath/Antioch-U-Seattle-New-Campus-Chandelier-lobby.jpg,,Antioch University Seattle
490081,042271,America Evangelical University,Gardena,CA,90247-4432,33.883102,-118.295931,https://www.aeu.edu/,https://it21inc.net/demos/netprice-calculator/Theology/npcalc.htm,private_nonprofit,city,24,False,False,False,89.0,,,,,,,,,,,,73.0,15.0,53.6,33.3,,23764.0,6200.0,6200.0,17854.0,16941.0,88.7,,,
157030,030021,Kentucky Mountain Bible College,Jackson,KY,41339,37.603443,-83.438765,https://www.kmbc.edu/,https://www.mykmbc.org/files/npc/npcalc.htm,private_nonprofit,rural,21,False,False,False,78.0,100.0,required,948.0,1126.0,505.0,598.0,443.0,528.0,1080.0,17.0,25.0,69.0,9.0,70.0,64.3,21256.0,16603.0,10360.0,10360.0,9337.0,5773.0,54.0,,,Kentucky Mountain Bible College
481058,041578,Grace Mission University,Fullerton,CA,92833-3860,33.867663,-117.958208,https://www.gm.edu/,https://www.raise.me/edu/grace-mission-university,private_nonprofit,suburb,24,False,False,False,66.0,,,,,,,,,,,,68.0,19.0,80.0,100.0,,,3370.0,3370.0,,,23.6,,,Grace Mission University
481720,013039,South University-High Point,High Point,NC,27265-8320,36.040441,-79.963547,"https://www.southuniversity.edu/high-point#location=High Point, NC",https://www.southuniversity.edu/high-point/net-price-calculator,private_for_profit,city,26,False,False,False,,,,,,,,,,,,,67.0,26.0,,,34421.0,,18145.0,18145.0,,,45.7,,,South University-High Point
124487,034033,Epic Bible College & Graduate School,Sacramento,CA,95841,38.645152,-121.362642,https://epic.edu/,https://epic.edu/financial/netpricecalculator/,private_nonprofit,suburb,-2,False,False,False,27.0,,,,,,,,,,,,66.0,9.0,,0.0,37822.0,,15072.0,15072.0,,,48.4,,,Epic Bible College
146533,010501,Lakeview College of Nursing,Danville,IL,61832,40.13855,-87.644379,https://lcn.edu/,https://www.lakeviewcol.edu/fa_payment.asp,private_nonprofit,town,26,False,False,False,,,,,,,,,,,,,66.0,8.0,,,84522.0,,,,,,42.0,,http://commons.wikimedia.org/wiki/Special:FilePath/Logo%20LakeviewCON%20new.jpg,Lakeview College of Nursing
488448,042580,Seattle Film Institute,Seattle,WA,98119-1707,47.64894,-122.377121,https://www.sfi.edu/#fronttable,https://www.sfi.edu/consumer-disclosures#Fin-Aid,private_for_profit,city,30,False,False,False,,,,,,,,,,,,,65.0,8.0,77.8,57.1,,55496.0,33000.0,33000.0,41595.0,39209.0,56.7,http://commons.wikimedia.org/wiki/Special:FilePath/SFI-Front-Crew-0423.jpg,,Seattle Film Institute
493664,042785,Yeshivat Hechal Shemuel,Brooklyn,NY,11229-0000,40.610906,-73.955944,https://hechalshemuel.com/,https://hechalshemuel.com/links/,private_nonprofit,city,24,False,False,False,,100.0,not_considered,,,,,,,,,,65.0,31.0,100.0,50.0,,25480.0,12380.0,12380.0,13174.0,,44.6,,,
153241,001858,Divine Word College,Epworth,IA,52045,42.441721,-90.934578,https://www.dwci.edu/,https://www.dwci.edu/NetPrice/npcalc.htm,private_nonprofit,rural,21,False,False,False,30.0,,,,,,,,,,,,64.0,5.0,33.3,100.0,,,15600.0,15600.0,,,9.8,http://commons.wikimedia.org/wiki/Special:FilePath/Divine%20Word%20College%20-%20panoramio.jpg,,Divine Word College
166054,002154,Hellenic College-Holy Cross Greek Orthodox School of Theology,Brookline,MA,02445-7415,42.317018,-71.129418,https://www.hchc.edu/,https://www.hchc.edu/assets/files/FinancialAid/npcalc.htm,private_nonprofit,suburb,21,False,False,False,91.0,79.6,not_considered,,,,,,,,,,64.0,7.0,71.4,44.4,51724.0,41282.0,22490.0,22490.0,25203.0,24953.0,24.2,,,Hellenic College and Holy Cross Greek Orthodox School of Theology
233602,042740,Southeastern Free Will Baptist Bible College,Wendell,NC,27591-9072,35.80023,-78.4164,https://www.sfwbc.edu/,https://www.sfwbc.edu/cost-and-financial-aid/,private_nonprofit,rural,24,False,False,False,41.0,,,,,,,,,,,,64.0,8.0,81.2,41.7,,21203.0,11739.0,11739.0,12602.0,11086.0,47.3,,,
493594,042766,Yeshiva of Ocean,Greenfield Park,NY,12435-5308,41.732961,-74.501698,https://yeshivaofocean.com/,https://yeshivaofocean.com/links/,private_nonprofit,rural,24,False,False,False,,36.0,not_considered,,,,,,,,,,63.0,32.0,88.2,61.5,,17300.0,9000.0,9000.0,9083.0,9905.0,54.4,,,
482556,010727,DeVry University-New Jersey,Iselin,NJ,08830,40.557503,-74.311372,https://www.devry.edu/,https://my.devry.edu/npc,private_for_profit,suburb,22,False,False,False,,100.0,considered_not_required,,,,,,,,,,62.0,2.0,100.0,71.4,45987.0,42312.0,17408.0,17408.0,26565.0,26565.0,70.6,,,
245777,026229,Bais Medrash Elyon,Monsey,NY,10952,41.114079,-74.069798,https://baismedroshelyon.com/,https://baismedroshelyon.com/links/,private_nonprofit,suburb,24,False,True,False,,37.5,not_considered,,,,,,,,,,61.0,10.0,75.0,0.0,,19500.0,8600.0,8600.0,8447.0,,11.4,http://commons.wikimedia.org/wiki/Special:FilePath/%D7%AA%D7%A6%D7%9C%D7%95%D7%9D%2000283.jpg,,Beth Medrash Elyon
245838,003010,Antioch University-Los Angeles,Culver City,CA,90230-7615,33.988533,-118.384458,https://www.antiochla.edu/,https://www.antiochla.edu/admissions,private_nonprofit,suburb,18,False,False,False,,,,,,,,,,,,,60.0,3.0,,,51541.0,,,,,,24.6,http://commons.wikimedia.org/wiki/Special:FilePath/Seattle%20-%20Antioch%2001A.jpg,http://commons.wikimedia.org/wiki/Special:FilePath/Antioch%20University.png,Antioch University
444130,038133,Northcentral University,San Diego,CA,92123,32.829299,-117.127296,https://www.nu.edu/,https://www.nu.edu/npcalc/npcalc.htm,private_nonprofit,city,17,False,False,False,,,,,,,,,,,,,60.0,1.0,,,48414.0,,,,,,37.8,,,Northcentral University
205027,003113,Pontifical College Josephinum,Columbus,OH,43235-1499,40.120735,-83.018829,https://www.pcj.edu/,https://www.pcj.edu/college/financial_aid.html,private_nonprofit,city,21,False,True,False,30.0,95.8,considered_not_required,,,,,,,,,,60.0,5.0,100.0,31.6,,,28691.0,28691.0,,,6.7,http://commons.wikimedia.org/wiki/Special:FilePath/PontCollJosepinum-2.jpg,,Pontifical College Josephinum
190752,041196,Yeshiva of Far Rockaway Derech Ayson Rabbinical Seminary,Far Rockaway,NY,11691-5219,40.60049,-73.743901,https://www.yofr.org/,https://yofr.org/downloads/policies/,private_nonprofit,city,24,False,False,False,,92.0,not_considered,,,,,,,,,,60.0,14.0,100.0,20.0,,21150.0,10800.0,10800.0,7269.0,6300.0,19.3,,,
363712,032563,Yeshivah Gedolah Rabbinical College,Miami Beach,FL,33139,25.782445,-80.141334,https://www.lecfl.com/,https://www.ygmiami.com/,private_nonprofit,city,24,False,True,False,80.0,,,,,,,,,,,,60.0,12.0,50.0,0.0,30667.0,19300.0,9300.0,9300.0,12587.0,13672.0,47.9,,,
418126,025994,New York College of Health Professions,Syosset,NY,11791-4413,40.811129,-73.51534,https://nycollege.edu/,https://nycollege.edu/,private_nonprofit,suburb,26,False,False,False,,,,,,,,,,,,,58.0,6.0,,50.0,31601.0,,16395.0,16395.0,,,0.0,,,New York College of Health Professions
461847,041803,Keser Torah-Mayan Hatalmud,Lakewood,NJ,08701-2758,40.098369,-74.17029,https://www.mayanhatalmud.org/,https://sites.google.com/view/kesertorah-mayanhatalmud/home,private_nonprofit,suburb,24,False,False,False,,100.0,not_considered,,,,,,,,,,57.0,18.0,100.0,40.0,,18900.0,12460.0,12460.0,11055.0,10805.0,18.6,,,
494542,,Sattler College,Boston,MA,02114,42.36064,-71.062111,https://sattler.edu/,https://sattler.edu/admissions/tuition-and-aid/,private_nonprofit,city,-2,False,False,False,42.0,69.0,required,1140.0,1310.0,590.0,670.0,550.0,640.0,1190.0,,,57.0,2.0,75.0,81.2,,,787.0,787.0,,,0.0,,,
172866,020503,Academy College,Bloomington,MN,55431-1411,44.855722,-93.299809,https://www.academycollege.edu/,https://www.academycollege.edu/wp-content/uploads/2019/03/index-3.html,private_for_profit,city,28,False,False,False,,,,,,,,,,,,,56.0,8.0,0.0,36.0,48300.0,33874.0,18680.0,18680.0,29093.0,,25.7,,,
208725,021597,New Hope Christian College-Eugene,Eugene,OR,97405,44.032674,-123.15355,https://www.newhope.edu/,https://www.newhope.edu/net-price-calculator/,private_nonprofit,city,24,False,False,False,79.0,80.0,not_considered,,,,,,,,,,56.0,13.0,66.7,51.7,31115.0,30849.0,17620.0,17620.0,21600.0,20109.0,64.4,http://commons.wikimedia.org/wiki/Special:FilePath/Nhcc%20front%20entrance.jpg,,New Hope Christian College
146755,006225,Trinity College of Nursing & Health Sciences,Rock Island,IL,61201-5317,41.484924,-90.568862,https://www.trinitycollegeqc.edu/,https://www.trinitycollegeqc.edu/future-students/tuition-financial-aid/net-price-calculator,private_nonprofit,city,26,False,False,False,,,,,,,,,,,,,56.0,3.0,,,58743.0,,,,,,54.2,,,
434937,039373,Yeshiva College of the Nations Capital,Silver  Spring,MD,20902,39.042404,-77.030566,https://ycnc.org/,https://www.yeshiva.edu/our-programs/yeshiva-gedolah/yeshiva-college-of-the-nations-capital,private_nonprofit,suburb,24,False,True,False,80.0,,,,,,,,,,,,56.0,8.0,66.7,0.0,,25800.0,11500.0,11500.0,9850.0,,21.1,,,
245847,003010,Antioch University-Santa Barbara,Santa Barbara,CA,93101,34.419203,-119.6958,https://www.antiochsb.edu/,https://www.antiochsb.edu/financial-aid/,private_nonprofit,city,20,False,False,False,,,,,,,,,,,,,55.0,5.0,,,51541.0,,,,,,31.4,,,Antioch University Santa Barbara
490045,041228,California Prestige University,Santa Fe Springs,CA,90670-5611,33.88856,-118.047065,https://cpu.edu/,https://cpu.edu/admission,private_nonprofit,suburb,24,False,False,False,66.0,,,,,,,,,,,,55.0,5.0,,,,,9329.0,9329.0,,,63.2,,,
149514,001772,Trinity International University-Illinois,Deerfield,IL,60015-1283,42.197945,-87.880851,https://www.tiu.edu/,https://www.tiu.edu/net-price-calculator/,private_nonprofit,suburb,17,False,False,False,38.0,100.0,not_considered,,,,,,,,,,55.0,3.0,12.5,46.1,46989.0,16515.0,12320.0,12320.0,2835.0,1242.0,89.3,,,Trinity International University
488387,042536,Claremont Lincoln University,Claremont,CA,91711-4744,34.094273,-117.716117,https://www.claremontlincoln.edu/about-claremont-lincoln/,https://app.meadowfi.com/claremontlincoln,private_nonprofit,suburb,29,False,False,False,,,,,,,,,,,,,54.0,8.0,,,,,,,,,,,,Claremont Lincoln University
199971,035703,Carolina Christian College,Winston Salem,NC,27105,36.146168,-80.256252,https://www.carolina.edu/,https://carolina.edu/calculator/,private_nonprofit,city,24,False,False,False,74.0,,,,,,,,,,,,52.0,9.0,0.0,15.4,40672.0,28817.0,9970.0,9970.0,22366.0,,48.1,,,Carolina Christian College
495031,042846,Bais Medrash of Dexter Park,Chestnut Ridge,NY,10977,41.081404,-74.045927,https://bmdpark.com/,https://bmdpark.com/links/,private_nonprofit,suburb,24,False,False,False,,69.2,not_considered,,,,,,,,,,51.0,10.0,100.0,71.4,,36000.0,11500.0,11500.0,27689.0,27167.0,50.0,,,
193070,003974,Mesivtha Tifereth Jerusalem of America,New York,NY,10002-6301,40.713812,-73.991271,https://mtj.edu/,https://sites.google.com/site/mtjysi,private_nonprofit,city,24,False,True,False,80.0,60.0,not_considered,,,,,,,,,,51.0,5.0,85.7,6.7,,18560.0,13250.0,13250.0,8290.0,11164.0,40.0,http://commons.wikimedia.org/wiki/Special:FilePath/Mesivtha%20Tifereth%20Jerusalem.jpg,,Mesivtha Tifereth Jerusalem
205124,003115,Rabbinical College Telshe,Wickliffe,OH,44092,41.593533,-81.485261,https://independentrabbinicalcolleges.org/index.html,https://independentrabbinicalcolleges.org/telz.htm,private_nonprofit,suburb,24,False,True,False,80.0,83.3,not_considered,,,,,,,,,,50.0,13.0,82.3,52.6,,25000.0,18000.0,18000.0,10398.0,8932.0,36.8,,,Telshe yeshiva
231095,021435,Sterling College,Craftsbury Common,VT,05827-0072,44.65225,-72.382372,https://www.sterlingcollege.edu/,https://www.sterlingcollege.edu/financial-aid,private_nonprofit,rural,22,False,False,False,,66.7,not_considered,,,,,,,,,,50.0,7.0,85.7,31.6,30573.0,54410.0,40760.0,40760.0,21854.0,18533.0,44.9,http://commons.wikimedia.org/wiki/Special:FilePath/Craftsbury%2C%20Vermont%2003.jpg,,Sterling College
497213,042975,Great Northern University,Spokane,WA,99207-2550,47.675837,-117.400562,https://www.greatnorthernu.org/,https://www.greatnorthernu.org/assets/net-price-calculator.html,private_nonprofit,city,-2,False,False,False,,100.0,not_considered,,,,,,,,,,48.0,3.0,100.0,50.0,,28405.0,18300.0,18300.0,21029.0,19898.0,41.7,,,
490504,042645,Yeshiva Ohr Naftoli,New Windsor,NY,12553-8006,41.456984,-74.046291,https://www.yeshivaohrnaftoli.com/,https://yeshivaohrnaftoli.com/links/,private_nonprofit,suburb,24,False,False,False,,100.0,not_considered,,,,,,,,,,47.0,16.0,60.0,62.5,,21700.0,10870.0,10870.0,13021.0,12394.0,11.6,,,
200873,034573,Allegheny Wesleyan College,Salem,OH,44460-9598,40.86722,-80.861232,https://awc.edu/,https://awc.edu/net-price-calculator/npcalc.htm,private_nonprofit,rural,24,False,False,False,79.0,,,,,,,,,,,,46.0,6.0,36.4,46.2,37453.0,14612.0,6800.0,6800.0,5355.0,4614.0,50.0,,,Allegheny Wesleyan College
219505,010460,American Baptist College,Nashville,TN,37207-9980,36.202623,-86.789912,https://www.abcnash.edu/,https://www.abcnash.edu/ABCNash/calc/npcalc.htm,private_nonprofit,city,22,True,False,False,54.0,,,,,,,,,,,,46.0,5.0,100.0,38.9,41216.0,27044.0,13604.0,13604.0,9216.0,12288.0,56.2,http://commons.wikimedia.org/wiki/Special:FilePath/American%20Baptist%20College.jpg,,American Baptist College
436614,033473,International Baptist College and Seminary,Chandler,AZ,85286,33.273788,-111.879629,https://www.ibcs.edu/,https://www.ibcs.edu/cost/,private_nonprofit,city,24,False,False,False,54.0,,,,,,,,,,,,43.0,4.0,25.0,87.5,39556.0,29112.0,13800.0,13800.0,14660.0,13703.0,31.0,,,International Baptist College
154174,012300,Palmer College of Chiropractic,Davenport,IA,52803-5287,41.529021,-90.574607,https://www.palmer.edu/,https://www.palmer.edu/NetPriceCalculator/npcalc.htm,private_nonprofit,city,26,False,False,False,,,,,,,,,,,,,43.0,9.0,,,59483.0,,,,,,21.3,http://commons.wikimedia.org/wiki/Special:FilePath/Palmer%20Campus.JPG,,Palmer College of Chiropractic
404338,023141,Schiller International University,Tampa,FL,33602,27.947866,-82.459292,https://www.schiller.edu/,https://www.schiller.edu/calculator,private_for_profit,city,29,False,False,False,,,,,,,,,,,,,43.0,10.0,62.5,33.3,35529.0,,13680.0,13680.0,,,5.7,,http://commons.wikimedia.org/wiki/Special:FilePath/Schiller%20International%20University%20-%20Logo%20-%2050%20Years%20Anniversary%20%28square%29.png,Schiller International University
209296,025340,National University of Natural Medicine,Portland,OR,97201-4848,45.501931,-122.6766,https://www.nunm.edu/,https://studentservices.nunm.edu/tuition-and-fees/,private_nonprofit,city,26,False,False,False,,,,,,,,,,,,,41.0,9.0,,,,,,,,,57.7,,,National University of Natural Medicine
428259,001937,Ottawa University-Milwaukee,Brookfield,WI,53005,43.02963,-88.115185,https://www.ottawa.edu/,https://www.ottawa.edu/professional-and-online/tuition-and-financial-aid/financial-aid,private_nonprofit,suburb,22,False,False,False,52.0,,,,,,,,,,,,41.0,2.0,,,55552.0,,,,,,41.7,,,
228909,009768,University of North Texas Health Science Center,Fort Worth,TX,76107-2699,32.749907,-97.369138,https://www.unthealth.edu/,https://www.unthealth.edu/students/unthsc-tuition-and-fees/,public,city,25,False,False,False,,,,,,,,,,,,,41.0,6.0,,,93615.0,,,,,,11.8,http://commons.wikimedia.org/wiki/Special:FilePath/Fort%20Worth%20Cultural%20District%20June%202016%2002%20%28University%20of%20North%20Texas%20Health%20Science%20Center%29.jpg,http://commons.wikimedia.org/wiki/Special:FilePath/UNT%20Health%20Science%20Center%20Logo.jpg,University of North Texas Health Science Center
443340,035135,Williamson Christian College,Franklin,TN,37067,35.95616,-86.828311,https://www.williamsoncc.edu/,https://williamsoncc.edu/NPC/npcalc.htm,private_nonprofit,city,29,False,False,False,42.0,,,,,,,,,,,,41.0,6.0,50.0,66.7,37474.0,,16090.0,16090.0,,,30.0,,http://commons.wikimedia.org/wiki/Special:FilePath/Williamson%20College%20Campus%20Sign.png,Williamson College
487746,039343,Yeshiva Zichron Aryeh,Far Rockaway,NY,11691-0000,40.606105,-73.764423,https://yeshivazichronaryeh.com/,https://yeshivazichronaryeh.com/?page_id=29,private_nonprofit,city,24,False,False,False,,25.0,not_considered,,,,,,,,,,41.0,4.0,66.7,50.0,,,9650.0,9650.0,,,16.7,,,
177083,002467,Conception Seminary College,Conception,MO,64433-0502,40.24044,-94.682831,https://www.conception.edu/,https://www.conception.edu/NetPriceCalculator,private_nonprofit,rural,24,False,True,False,30.0,31.8,required,,,,,,,,1.0,5.0,40.0,4.0,75.0,50.0,50430.0,42698.0,26206.0,26206.0,24558.0,22728.0,19.5,,,Conception Seminary College
223117,023312,Baptist Missionary Association Theological Seminary,Jacksonville,TX,75766-5407,31.978961,-95.255524,https://www.bmats.edu/,https://bmats.edu/net-price-calculator,private_nonprofit,town,24,False,False,False,54.0,28.6,not_considered,,,,,,,,,,39.0,4.0,,,,,10050.0,10050.0,,,34.6,,,Baptist Missionary Association Theological Seminary
235547,022425,Bastyr University,Kenmore,WA,98028-4966,47.729935,-122.251708,https://www.bastyr.edu/,https://www.bastyr.edu/admissions/tuition-fees,private_nonprofit,suburb,17,False,False,False,,,,,,,,,,,,,39.0,12.0,,,49364.0,,,,,,13.8,http://commons.wikimedia.org/wiki/Special:FilePath/Students%200006.JPG,http://commons.wikimedia.org/wiki/Special:FilePath/Bastyr%20University%20Logo.png,Bastyr University
166717,021636,William James College,Newton,MA,02459,42.294995,-71.203256,https://www.williamjames.edu/,https://www.williamjames.edu/,private_nonprofit,city,26,False,False,False,,,,,,,,,,,,,39.0,3.0,,,,,,,,,55.6,,,William James College
110316,012154,California Institute of Integral Studies,San Francisco,CA,94103,37.774924,-122.416102,https://www.ciis.edu/,https://my.ciis.edu/ICS/Financial_Aid/Forms_and_Resources.jnz?portlet=Budget_Calculator&_ga=2.122314440.273392424.1504792767-1278539770.1487619126,private_nonprofit,city,17,False,False,False,,,,,,,,,,,,,38.0,15.0,,,48848.0,,,,,,45.6,,,California Institute of Integral Studies
209241,003203,Mount Angel Seminary,Saint Benedict,OR,97373,45.057871,-122.775405,https://www.mountangelabbey.org/seminary,https://www.mountangelabbey.org/seminary/admissions/net-price-calculator/,private_nonprofit,rural,24,False,True,False,30.0,100.0,not_considered,,,,,,,,,,38.0,6.0,100.0,50.0,57436.0,,31490.0,31490.0,,,17.6,http://commons.wikimedia.org/wiki/Special:FilePath/Oregon%20-%20Mount%20Angel%20Abbey%20-%2020070915.jpg,,Mount Angel Abbey
216047,003364,Saint Charles Borromeo Seminary-Overbrook,Ambler,PA,19002,40.201235,-75.231732,https://www.scs.edu/,https://www.scs.edu/about-saint-charles/seminary-office-listing/finance-office/financial-aid,private_nonprofit,suburb,24,False,True,False,30.0,100.0,not_considered,,,,,,,,,,38.0,4.0,58.3,41.7,55225.0,,25774.0,25774.0,,,7.3,http://commons.wikimedia.org/wiki/Special:FilePath/St.%20Charles%20Borromeo%20Hotchkin%20p.39.jpg,,St. Charles Borromeo Seminary
496627,042198,California Northstate University,Elk Grove,CA,95757-3001,38.405942,-121.481542,https://www.cnsu.edu/,https://www.cnsu.edu/financial-aid/,private_for_profit,suburb,-2,False,False,False,,92.5,not_considered,,,,,,,,,,37.0,3.0,85.7,100.0,,,57463.0,57463.0,,,0.0,,,
490513,042660,Bais Medrash Mayan Hatorah,Lakewood,NJ,08701,40.107414,-74.204332,https://baismedrashmayanhatorah.com/,https://www.baismedrashmayanhatorah.com/links/,private_nonprofit,city,24,False,False,False,,68.4,not_considered,,,,,,,,,,36.0,5.0,62.5,57.9,,20700.0,12000.0,12000.0,11794.0,,32.0,,,
496803,,NewU University,Washington,DC,20005,38.909213,-77.037058,https://newu.university/,https://newu.university/cost,private_nonprofit,city,-2,False,False,False,,,,,,,,,,,,,34.0,4.0,64.3,,,,16500.0,16500.0,,,,,,
120184,001179,Notre Dame de Namur University,Belmont,CA,94002-1908,37.517111,-122.284794,https://www.ndnu.edu/,https://www.ndnu.edu/financial-aid/,private_nonprofit,suburb,19,False,False,False,30.0,,,,,,,,,,,,33.0,6.0,,6.7,74576.0,,,,,,28.6,,,Notre Dame de Namur University
498924,043137,URBE University,Sweetwater,FL,33172-1852,25.791406,-80.382355,https://urbeuniversity.edu/,https://urbeuniversity.edu/admissions/tuition-and-fees,private_for_profit,suburb,-2,False,False,False,,,,,,,,,,,,,33.0,5.0,71.4,80.0,,,30550.0,30550.0,,,0.0,,,
494630,042794,Christ Mission College,San Antonio,TX,78254-1000,29.543412,-98.70699,https://cmctx.edu/,https://cmctx.edu/admissions/consumer-information/,private_nonprofit,suburb,24,False,False,False,27.0,100.0,considered_not_required,,,,,,,,,,32.0,6.0,66.7,50.0,,18421.0,8806.0,8806.0,10679.0,10679.0,76.7,,,
102058,040673,Selma University,Selma,AL,36701,32.420387,-87.032392,https://selmau.edu/,https://www.selmau.edu/copy-of-financial-aid,private_nonprofit,town,-2,True,False,False,54.0,,,,,,,,,,,,32.0,3.0,66.7,6.0,,,4800.0,4800.0,,,0.0,http://commons.wikimedia.org/wiki/Special:FilePath/%22Dinkins%20Memorial%20Chapel%2C%20Alabama%20Colored%20University%2C%20Selma%2C%20Ala.%22%20%28NBY%206999%29.jpg,,Selma University
117575,033323,Southern California Seminary,El Cajon,CA,92019-1108,32.799614,-116.905461,https://www.socalsem.edu/,https://www.socalsem.edu/admissions/financial-aid/,private_nonprofit,suburb,22,False,False,False,54.0,,,,,,,,,,,,32.0,9.0,0.0,50.0,39607.0,,19080.0,19080.0,,,34.4,,,Southern California Seminary
449870,036963,University of the West,Rosemead,CA,91770,34.045985,-118.082964,https://www.uwest.edu/,https://www.uwest.edu/net-price-calculator/,private_nonprofit,suburb,21,False,False,False,,100.0,not_considered,,,,,,,,,,32.0,4.0,50.0,37.5,,21278.0,15446.0,15446.0,6845.0,6845.0,28.3,,,University of the West
491710,042693,Yeshiva Gedolah of Cliffwood,Keyport,NJ,07735-5105,40.442213,-74.224235,https://yeshivagedolahcliffwood.com/,https://yeshivagedolahcliffwood.com/links/,private_nonprofit,suburb,24,False,False,False,,70.0,not_considered,,,,,,,,,,30.0,15.0,33.3,19.1,,17850.0,8550.0,8550.0,9641.0,9755.0,16.4,,,Yeshiva Gedolah of Cliffwood
181145,008492,CHI Health School of Radiologic Technology,Omaha,NE,68122,41.32206,-96.020431,https://www.chihealth.com/education/professional-training/radiologic-technology,https://www.alegent.com/netprice/npcalc.htm,private_nonprofit,city,10,False,False,False,30.0,,,,,,,,,,,,29.0,10.0,,,48110.0,,,,,,12.0,,,
111045,042748,Haven University,Garden Grove,CA,92840-1340,33.777392,-117.939412,https://www.haven.edu/,https://www.haven.edu/financial-aid-net-price-calculator,private_nonprofit,suburb,24,False,False,False,108.0,,,,,,,,,,,,28.0,21.0,,,,,7010.0,7010.0,,,9.7,,,
137777,025089,Talmudic College of Florida,Miami Beach,FL,33140-3854,25.811996,-80.136293,https://www.talmudicu.edu/,https://www.talmudicu.edu/net-price-calculator/,private_nonprofit,city,24,False,True,False,80.0,,,,,,,,,,,,27.0,4.0,100.0,62.5,,33000.0,16750.0,16750.0,17000.0,,34.6,,,
488031,042438,Abraham Lincoln University,Glendale,CA,91203,34.146294,-118.256726,https://www.alu.edu/,https://www.alu.edu/net-price-calculator/,private_for_profit,city,31,False,False,False,,,,,,,,,,,,,25.0,2.0,33.3,0.0,,34154.0,10440.0,10440.0,28584.0,28584.0,53.3,,,Abraham Lincoln University
490319,042612,Yeshiva Bais Aharon,Lakewood,NJ,08701-2053,40.101002,-74.203094,https://www.yeshivabaisaharon.com/,https://yeshivabaisaharon.com/links/,private_nonprofit,city,24,False,False,False,,81.8,not_considered,,,,,,,,,,25.0,13.0,0.0,0.0,,19522.0,10350.0,10350.0,11757.0,11187.0,69.2,,,
102580,008843,Alaska Bible College,Palmer,AK,99645,61.598553,-149.111972,https://www.akbible.edu/,https://www.akbible.edu/tuition/,private_nonprofit,suburb,24,False,False,False,88.0,,,,,,,,,,,,24.0,5.0,100.0,37.5,,28903.0,9730.0,9730.0,17508.0,17508.0,32.8,,,Alaska Bible College
417752,030926,Messenger College,Bedford,TX,76021,32.85076,-97.161015,https://www.messengercollege.edu/,https://www.messengercollege.edu/cost,private_nonprofit,suburb,24,False,False,False,79.0,37.5,not_considered,,,,,,,,,,24.0,8.0,57.1,100.0,29463.0,29881.0,11620.0,11620.0,26433.0,,81.5,,,Messenger College
262165,041403,Montana Bible College,Billings,MT,59106,45.741788,-108.615675,https://montanabiblecollege.edu/,https://montanabiblecollege.edu/admissions/financial-info/,private_nonprofit,suburb,-2,False,False,False,42.0,,,,,,,,,,,,24.0,6.0,42.9,,,,14640.0,14640.0,,,,,,Montana Bible College
176451,025162,Wesley Biblical Seminary,Ridgeland,MS,39157-1920,32.400142,-90.111379,https://www.wbs.edu/,https://wbs.edu/admissions/tuition/,private_nonprofit,suburb,24,False,False,False,42.0,,not_considered,,,,,,,,,,24.0,8.0,,,,,7500.0,7500.0,,,,,,Wesley Biblical Seminary
214971,021073,Pennsylvania Academy of the Fine Arts,Philadelphia,PA,19102-1510,39.955692,-75.163456,https://www.pafa.org/,https://www.pafa.org/net-price-calculator,private_nonprofit,city,30,False,False,False,,,not_considered,,,,,,,,,,23.0,2.0,0.0,57.6,29881.0,66106.0,44600.0,44600.0,42454.0,39928.0,35.4,http://commons.wikimedia.org/wiki/Special:FilePath/Pennsylvania%20Academy%20of%20the%20Fine%20Arts%20in%20Philadelphia.jpg,,Pennsylvania Academy of the Fine Arts
486017,042074,Yeshiva Ohr Yisrael,Brooklyn,NY,11229-1817,40.61359,-73.944041,https://www.yoy.edu/,https://sites.google.com/site/yeshivagedolaohryisroel/,private_nonprofit,city,24,False,False,False,,50.0,not_considered,,,,,,,,,,23.0,5.0,25.0,57.1,,,9800.0,9800.0,,,29.4,,,Yeshiva Ohr Yisrael
198677,030893,Heritage Bible College,Dunn,NC,28334,35.307368,-78.664393,https://www.heritagebiblecollege.edu/,https://solutions.campusivy.com/Apps/NPC/NPCWizard/Wizard?institutionId=38600,private_nonprofit,rural,24,False,False,False,79.0,,,,,,,,,,,,22.0,2.0,100.0,,30672.0,24868.0,8688.0,8688.0,18684.0,17274.0,54.5,,,Heritage Bible College
407610,042513,Pacific Bible College,Medford,OR,97501,42.326183,-122.880612,https://pacificbible.edu/,https://pacificbible.edu/admission/financial-aid/,private_nonprofit,city,13,False,False,False,88.0,100.0,not_considered,,,,,,,,,,22.0,3.0,,0.0,,28080.0,7168.0,7168.0,24383.0,24383.0,40.8,,,Pacific Bible College
459824,041426,Touro University Nevada,Henderson,NV,89014,36.043189,-115.024012,https://www.tun.touro.edu/,https://tun.touro.edu/admissions--aid/tuition--fees/,private_nonprofit,city,25,False,False,False,80.0,,,,,,,,,,,,22.0,10.0,,,104805.0,,,,,,15.8,,http://commons.wikimedia.org/wiki/Special:FilePath/TUN.logo.square.png,Touro University Nevada
435000,008067,Louisiana State University Health Sciences Center-Shreveport,Shreveport,LA,71103,32.480683,-93.761018,https://www.lsuhs.edu/,https://www.lsuhs.edu/admissions/student-financial-aid/cost-of-attendance,public,city,25,False,False,False,,,,,,,,,,,,,21.0,3.0,,,74671.0,,,,,,15.0,,,Louisiana State University Health Sciences Center Shreveport
123280,023593,Shasta Bible College and Graduate School,Redding,CA,96002,40.566034,-122.314419,https://www.shasta.edu/,https://www.shasta.edu/netpricecalc.html,private_nonprofit,city,24,False,False,False,54.0,100.0,not_considered,,,,,,,,,,21.0,3.0,,100.0,28891.0,34535.0,14535.0,14535.0,30437.0,30437.0,61.5,,,Shasta Bible College and Graduate School
143978,021553,The Chicago School at Chicago,Chicago,IL,60654,41.888293,-87.63379,https://www.thechicagoschool.edu/in-the-community/locations/,https://www.thechicagoschool.edu/admissions/financial-aid/funding-your-education/,private_nonprofit,city,26,False,False,False,,34.5,considered_not_required,,,,,,,,,,21.0,17.0,,,56899.0,,21780.0,21780.0,,,54.8,http://commons.wikimedia.org/wiki/Special:FilePath/Chicago-school-building.JPG,,The Chicago School of Professional Psychology
164614,032483,Boston Baptist College,Boston,MA,02136-4030,42.254037,-71.1103,https://www.boston.edu/,https://www.collegeraptor.com/Shopping/Full/164614?modeltype=3,private_nonprofit,city,24,False,False,False,54.0,90.9,not_considered,,,,,,,,,,19.0,6.0,33.3,14.3,34159.0,23370.0,14304.0,14304.0,17933.0,,54.5,,,Boston Baptist College
481225,042102,Mid-South Christian College,Memphis,TN,38118-3151,35.064172,-89.911799,https://www.midsouthchristian.edu/,https://www.midsouthchristian.edu/net-price-calculator,private_nonprofit,city,24,False,False,False,48.0,100.0,required,,,,,,,,,,19.0,4.0,25.0,60.0,,19201.0,10500.0,10500.0,10172.0,9958.0,29.2,,,
206154,034754,Tri-State Bible College,South Point,OH,45680,38.426238,-82.579887,https://tsbc.edu/,https://tsbc.edu/admissions/tuition-fees/net-price-calculator/,private_nonprofit,suburb,24,False,False,False,88.0,,,,,,,,,,,,17.0,1.0,,0.0,31675.0,,9100.0,9100.0,,,60.0,,,Tri-State Bible College
142957,023113,American Islamic College,Chicago,IL,60613,41.954969,-87.646898,https://aicusa.edu/,https://aicusa.edu/admissions/financing-your-education/netprice,private_nonprofit,city,-2,False,False,False,,100.0,considered_not_required,,,,,,,,,,16.0,3.0,100.0,,,,7650.0,7650.0,,,0.0,,,American Islamic College
488004,042432,Central Yeshiva Beth Joseph,Airmont,NY,10901,40.615411,-73.959386,https://centralyeshivabethjoseph.com/,https://www.centralyeshivabethjoseph.com/links/,private_nonprofit,city,24,False,False,False,,,not_considered,,,,,,,,,,15.0,3.0,,,,,10000.0,10000.0,,,27.3,,,
120698,021383,Palo Alto University,Palo Alto,CA,94304-1337,37.382216,-122.187437,https://www.paloaltou.edu/,https://www.paloaltou.edu/admissions/tuition-and-costs/estimated-cost-attendance,private_nonprofit,rural,26,False,False,False,,,,,,,,,,,,,14.0,15.0,,,83187.0,,,,,,50.0,,,Palo Alto University
482653,010727,DeVry University-Virginia,Arlington,VA,22202,38.861096,-77.049759,https://www.devry.edu/,https://my.devry.edu/npc,private_for_profit,city,29,False,False,False,,,considered_not_required,,,,,,,,,,13.0,1.0,,0.0,45987.0,42312.0,17408.0,17408.0,36609.0,36609.0,52.0,,,
147590,001732,National University of Health Sciences,Lombard,IL,60148-4583,41.861697,-88.013171,https://www.nuhs.edu/,https://www.nuhs.edu/admissions/tuition-fees/,private_nonprofit,suburb,26,False,False,False,,,,,,,,,,,,,13.0,6.0,,,58723.0,,,,,,28.6,,http://commons.wikimedia.org/wiki/Special:FilePath/National%20University%20of%20Health%20Sciences%20logo.png,National University of Health Sciences
196440,025506,Talmudical Institute of Upstate New York,Rochester,NY,14607,43.147062,-77.574943,https://www.tiuny.org/,https://www.tiuny.org/legal/,private_nonprofit,city,-2,False,True,False,,100.0,not_considered,,,,,,,,,,13.0,7.0,33.3,,,16850.0,6150.0,6150.0,7299.0,,37.5,,,Talmudical Institute of Upstate New York
142832,020681,Adler University,Chicago,IL,60602,41.882414,-87.629156,https://www.adler.edu/,https://www.adler.edu/tuition-estimator/,private_nonprofit,city,26,False,False,False,,,,,,,,,,,,,9.0,1.0,,,,,,,,,,,,Adler School of Professional Psychology
482635,010727,DeVry University-Texas,Irving,TX,75039,32.934524,-97.012494,https://www.devry.edu/,https://my.devry.edu/npc,private_for_profit,city,29,False,False,False,,,considered_not_required,,,,,,,,,,8.0,1.0,,33.3,45987.0,,17408.0,17408.0,,,53.8,,,
493673,042789,Professional University Dr. Carlos J. Borrero Rios,Hato Rey,PR,00918,18.411332,-66.054156,https://upcjbr.university/,https://upcjbr.university/wp-content/uploads/2023/05/Costos-2023-INGLES.pdf,private_for_profit,city,26,False,False,False,,,not_considered,,,,,,,,,,7.0,13.0,,,,,6900.0,6900.0,,,,,,
167677,002214,Saint John's Seminary,Brighton,MA,02135-3846,42.344146,-71.161998,https://www.sjs.edu/,https://www.sjs.edu/,private_nonprofit,city,24,False,True,False,30.0,,,,,,,,,,,,7.0,4.0,,,,,,,,,0.0,http://commons.wikimedia.org/wiki/Special:FilePath/BCnewgrounds.jpg,,Saint John's Seminary
484862,020523,University of West Los Angeles,Inglewood,CA,90301,33.947341,-118.36957,https://www.uwla.edu/,https://www.uwla.edu/apps/pages/index.jsp?urec_id=485621&type=d&termrec_id=&prec_id=935516,private_for_profit,suburb,31,False,False,False,,,,,,,,,,,,,7.0,1.0,,,,,,,,,0.0,,,University of West Los Angeles
482422,010727,DeVry University-Arizona,Phoenix,AZ,85027,33.565758,-112.104601,https://www.devry.edu/,https://my.devry.edu/npc,private_for_profit,city,22,False,False,False,,,considered_not_required,,,,,,,,,,6.0,1.0,,66.7,45987.0,,17408.0,17408.0,,,40.9,,,
497462,042943,Redeemers University North America,Greenville,TX,75401-7614,33.146603,-96.238771,https://www.rccgnaseminary.org/,https://www.rccgnaseminary.org/apply-online/,private_nonprofit,rural,-2,False,False,False,47.0,40.0,not_considered,,,,,,,,,,6.0,12.0,,,,,7000.0,7000.0,,,4.0,,,
110778,022676,Sofia University,Palo Alto,CA,94303,37.430325,-122.10866,https://www.sofia.edu/,https://bigfuture.collegeboard.org/pay-for-college/college-costs/college-costs-calculator,private_for_profit,city,32,False,False,False,,,,,,,,,,,,,5.0,11.0,,,,,,,,,100.0,http://commons.wikimedia.org/wiki/Special:FilePath/Sofiausign.JPG,,Sofia University
119058,003691,Middlebury Institute of International Studies at Monterey,Monterey,CA,93940,36.599736,-121.897325,https://www.middlebury.edu/institute/,https://www.middlebury.edu/student-financial-services/financial-tools-and-resources/cost-calculators,private_nonprofit,suburb,18,False,False,False,,,,,,,,,,,,,4.0,1.0,,,76310.0,,,,,,41.7,http://commons.wikimedia.org/wiki/Special:FilePath/MIIS%20Library.jpg,http://commons.wikimedia.org/wiki/Special:FilePath/Monterey%20Institute%20Logo.png,Middlebury Institute of International Studies at Monterey
491190,021553,The Chicago School at San Diego,San Diego,CA,92101-7903,32.718575,-117.167054,https://www.thechicagoschool.edu/in-the-community/locations/,https://www.thechicagoschool.edu/admissions/financial-aid/funding-your-education/,private_nonprofit,city,26,False,False,False,,,considered_not_required,,,,,,,,,,2.0,11.0,,,56899.0,,21780.0,21780.0,,,60.0,,,
482547,010727,DeVry University-Nevada,Henderson,NV,89074,36.020266,-115.096601,https://www.devry.edu/,https://my.devry.edu/npc,private_for_profit,city,29,False,False,False,,,considered_not_required,,,,,,,,,,1.0,1.0,,0.0,45987.0,,17408.0,17408.0,,,25.0,,,
439446,034296,Atlantic Institute of Oriental Medicine,Fort Lauderdale,FL,33301-3510,26.121964,-80.142235,https://www.atom.edu/,https://www.atom.edu/,private_nonprofit,city,26,False,False,False,,,,,,,,,,,,,,,,,,,,,,,,,,Atlantic Institute of Oriental Medicine
500740,043082,Congregation YMH,Brooklyn,NY,11218-3616,,,https://www.congymh.org/,https://www.congymh.org/_files/ugd/6d6362_8c38dd7370494abc8a8b011672f597e8.pdf,private_nonprofit,,-2,False,False,False,80.0,,,,,,,,,,,,,,,,,,,,,,,,,
501521,009621,Herzing University-Clarksville,Clarksville,TN,37040-5802,,,https://www.herzing.edu/,https://www.herzing.edu/tuition-financial-aid/net-price-calculator,private_nonprofit,,-2,False,False,False,,,,,,,,,,,,,,,,,36909.0,,,,,,,,,
167093,002164,New England College of Optometry,Boston,MA,02115,42.351853,-71.086829,https://www.neco.edu/,https://www.neco.edu/admissions/tuition-and-aid/,private_nonprofit,city,26,False,False,False,,,,,,,,,,,,,,,,,,,,,,,,http://commons.wikimedia.org/wiki/Special:FilePath/New%20England%20College%20of%20Optometry.jpg,,New England College of Optometry
500829,043139,Northpoint College,Wyoming,MI,49519-4255,,,https://www.northpointcollege.edu/,https://www.northpointcollege.edu/netpricecalculator,private_nonprofit,,-2,False,False,False,27.0,,,,,,,,,,,,,,,,,,,,,,,,,
136455,030188,PENSACOLA CHRISTIAN COLLEGE,Pensacola,FL,32503-0000,,,https://www.pcci.edu/,https://www.pcci.edu/admissions/financial-aid/calculator/,private_nonprofit,suburb,-2,False,False,False,54.0,,,,,,,,,,,,,,,,,,,,,,,,,
501451,,UTH Florida University,Miami,FL,33133,,,https://www.uthflorida.us/,,private_for_profit,,-2,False,False,False,,,,,,,,,,,,,,,,,,,,,,,,,,
210438,012309,University of Western States,Portland,OR,97213,45.5365193,-122.580586,https://www.uws.edu/,https://www.uws.edu/consumer-information/,private_nonprofit,city,17,False,False,False,,,,,,,,,,,,,0.0,,,,27382.0,,,,,,,,http://commons.wikimedia.org/wiki/Special:FilePath/UWS%20university%20logo%203c.png,University of Western States
500713,042851,Virginia Christian College,Dumfries,VA,22025-1908,,,https://www.vcc.edu/,https://www.vcc.edu/net-price-calculator,private_nonprofit,,-2,False,False,False,61.0,,,,,,,,,,,,,,,,,,,,,,,,,
501488,036983,West Coast University-Los Angeles,North Hollywood,CA,91606-3206,,,https://westcoastuniversity.edu/,https://wcu.aidcalc.cloud/,private_for_profit,,-2,False,False,False,,,,,,,,,,,,,,,,,102672.0,,,,,,,,,
